Batch_ID,Temperature_C,Pression_bar,Cycle_Time_min,Taux_Defauts_pct
1,121.91415123926329,2.1107861243082335,38.21416334473233,7.316610610430231
2,130.91334026666686,2.3960381743343646,48.446606445208886,31.611271089010867
3,123.25135358741937,2.256234633128696,39.09788964921465,8.241561232204228
4,123.82169414917364,2.0604885586807384,40.92042633703714,8.419145654853317
5,115.14689443403849,2.026812023233543,44.98262362146328,16.546717667713004
6,117.09346147941305,1.8705007401905125,39.76335526026679,9.374420372491546
7,121.38352120950185,2.2581466355733646,40.40472991572612,7.873310929519223
8,120.05127222296926,2.1290824905497288,37.472458083029196,7.191677227326253
9,120.94959652748713,1.7255608943872973,37.3184284117478,4.252941569553711
10,118.44086821727926,2.0928570254461203,39.36185022060629,7.863901601267644
11,123.63819392458849,2.0197931941490097,39.61183211200662,7.3958163469344465
12,123.33337580628684,2.5151355184341324,38.733801012754306,5.374845658407313
13,121.19809209268365,1.8594442776213382,37.98771222864162,5.833506644932671
14,124.3817236209041,1.9117298400531895,40.46821734488595,8.754732331232699
15,122.40252802675613,2.42199392862114,38.64254186290899,4.473913703710521
16,118.42212261135029,2.4713526314927927,36.63301445201574,5.163469543363837
17,122.1062523522475,2.0510034122548717,40.526286307117104,3.1134816930283824
18,118.123352197513,2.073582835438218,39.643776591260256,7.727718872993298
19,123.63535090392182,2.3232470793106628,40.22466350843272,7.777605088615692
20,120.85022226704125,1.7345800406109382,36.35121373140303,3.9323102209594234
21,131.99343255588335,1.8277612630988889,49.58916774342097,25.307810471352518
22,118.95721136678817,2.1438533198298577,38.11127774841098,6.842561114783475
23,124.66762401602209,2.5099781132258254,42.72299102044869,11.246406632093269
24,120.5364115537936,2.1128539823666523,37.344304806237275,5.245980564271749
25,119.71501653351068,2.2201873583470313,39.272956136341314,4.661102134830029
26,119.94359934853532,2.4267578545128026,37.46501157080347,6.096005445794759
27,122.59692755666005,2.6213769466556296,38.01789634908372,4.119748045794101
28,122.09633219309224,2.0846303053703377,37.96976754283347,6.891669834309619
29,122.23819783478797,2.196632655253315,39.87790360537136,4.349728285602124
30,122.29246300902365,2.5644110442685686,36.09967814769664,7.73747976815327
31,127.42494280261138,1.8955601449617145,45.5027795373728,19.338741162654287
32,129.3893530157532,2.4055162141107647,43.808632108709766,27.207923582804124
33,119.4632718127854,1.9963368935277486,37.214534830989834,4.305814993023994
34,118.55868181525636,2.2204944734206316,38.33728752398466,6.36602660639411
35,122.84793826772649,2.1514761905199453,36.813895180183685,7.380889448792221
36,124.38691687816268,2.0083976798597543,39.642688010770705,11.62181684702229
37,120.65815762703538,2.0033796144683453,35.6080509886298,8.540795707750789
38,118.47953056911241,2.255282872850751,38.17602208492732,7.797927247839151
39,118.52655635292628,2.3991078656325366,40.7864476444471,10.949215351753436
40,122.9517783634741,2.1740527593622994,39.322382215964964,6.3119073833582044
41,123.22976251361032,2.2140226317466434,39.318766197369435,9.217926023738993
42,122.62946280491559,2.3142348132582096,37.38079851963781,4.733376366884435
43,119.00347087813391,2.0056762453974084,37.03364632672739,7.65150589941464
44,121.69648396920016,2.347938501682585,36.739732491616486,1.4547339982318803
45,121.35005742742219,2.3638686194119494,37.975107052273344,3.5240252498970808
46,121.65606579018704,2.720725259750082,39.13650504630383,6.490666048914189
47,123.61428633384457,2.1247791618880836,40.586429368334215,5.529682628403336
48,121.67078664632405,2.108383639666375,38.85572487445506,6.4259934531308645
49,123.03674068921569,2.3537931743147493,38.02756054284197,8.583534039749637
50,121.20273720846667,2.363820833782428,38.0385023215381,4.612009484601
51,121.86735819606996,2.0929825693246578,37.779897216819045,4.01919326388785
52,122.89386467751562,2.1193674646139904,38.5476514354894,5.901817287320944
53,116.628532540433,2.308226167643608,44.648693581363474,10.449942537987074
54,120.0409863509281,2.0344831518530677,36.087935294999035,5.639713108258523
55,119.5888820371216,2.1178932023969974,38.15646368002806,6.38070199160387
56,119.08336645526997,2.217918553473687,40.26226520048796,6.234901229100288
57,129.4328794103609,2.3991877369644516,44.239831867449666,26.690092329931247
58,125.48482393370318,2.079080276764092,41.65250514727021,11.244849125274357
59,118.40250665292027,1.8315231075938658,38.849487574305996,10.36601981350278
60,123.90483506377444,1.816680506496358,39.58842701803658,6.579092736344909
61,115.95139068515259,1.9481173866587735,41.69231173154463,14.551959230782204
62,119.99534491004268,1.9373664563600128,38.93639627935662,7.982855882808531
63,121.48825919531501,2.1690778482760185,38.8519920882139,7.619881838689354
64,122.75866699407783,1.9622239692804793,39.29049050115446,5.826054142760137
65,123.13367973937856,2.0594490080357595,37.95712122150231,8.092531726710524
66,123.38004170559978,2.0451828230035902,39.3500246234315,8.240731832733616
67,119.95382478325469,2.1118984278304014,37.16145788102616,4.911178382979303
68,119.6129446220063,2.4645008663046246,38.02414698383086,7.2820828044339745
69,123.57392764377146,2.3323895178861034,42.04168428598665,11.171272140074077
70,120.42608702535516,2.203225883055201,38.187297195657955,6.464342832975727
71,117.17294102998623,2.1077947438838325,39.79717178800721,11.645674608314197
72,117.60013835798956,2.113353468675396,40.75939542945575,10.755549675446137
73,118.24164314199517,2.2655492939903903,38.05172205106653,5.533228501396545
74,122.49148223216129,2.316833814670458,37.05058176372961,7.106986148869807
75,121.42727720821169,2.0184764987798802,36.79081671564603,3.7337307997206626
76,123.07145606220331,2.2072961511228466,38.410833305245724,5.940029082917556
77,119.71824206099039,1.7936760862673948,39.48580154583416,9.96651140111426
78,121.47561907323015,2.2423427568341197,38.743844808240674,5.123303828601249
79,122.87677118190201,2.352429848391737,39.40249380912473,5.4004811364966505
80,120.07196038083929,2.143986274623825,36.87076717893238,7.876088779178693
81,122.37032571267224,2.563305399228021,37.76353713641557,4.451408790467461
82,119.01422217680005,2.02375231051279,39.19393031214463,6.074805287548042
83,119.91083846030479,2.2434880830606523,37.50699604663518,8.163489403218037
84,119.85478631800501,2.192835050666809,37.954493434672955,6.036011649654308
85,127.7535510461305,2.1799404665113187,50.36180717735152,22.928718493254785
86,122.46091744235675,2.1771355663990506,38.051014332702515,7.226179226464475
87,119.59179297939183,2.2214210060018944,38.707541849758265,5.480427866827837
88,121.03748235618306,2.36959174869274,39.91158323116899,8.272224400213203
89,122.44223997671773,2.475547247254949,38.25138179431301,5.136883146913525
90,122.33959352808984,2.1995499510991685,39.80999775217309,8.020285539881728
91,122.99615532691836,2.3630632144343267,39.547864020389426,10.090879089472871
92,120.70454354647173,2.059646610746644,36.25851440132082,3.9988552777152
93,119.73010506386754,2.3531910905452467,37.03221485762304,5.716638164720456
94,120.76084536728081,2.047601695234602,37.01226782675335,6.219543721882879
95,115.93799669812591,2.4181319872176266,42.611451133881175,12.925134745266936
96,116.65866258273074,2.642128175478648,42.038038630199885,12.583054603777837
97,117.03190116293679,2.175583222405722,42.201650701452714,10.606176415735051
98,118.00825951719555,1.7614913018385185,41.47530254566488,8.191557261889784
99,122.19932268017031,2.0903854133510356,38.68625258252769,6.091520318784416
100,118.28356283391982,2.446375026857861,39.08857132573373,8.210937295083024
101,119.86551233788182,2.310615357405049,35.78446420385379,6.2454571737613
102,124.89768489335819,2.249782719735006,41.426935946641585,9.739294212947211
103,119.93120808681572,2.401733671190968,38.28223378624538,4.900501549961287
104,123.21254670540127,2.2968906878496846,39.29649434743479,6.999919363369004
105,127.48759673836062,2.4435450374902272,50.3158333933503,27.36629165905788
106,120.38368732639711,2.3838847353293975,39.57228094399326,4.84301564717133
107,129.23479320855668,2.504340090547392,50.74878236338409,25.340498737476594
108,119.98290077229831,2.271759216781251,37.07309542849218,2.5955006460316277
109,123.52092441237218,2.381051880298791,38.7825194774006,6.409431696476797
110,115.81803873042296,2.1385745853828433,43.793785443553034,14.394582822623649
111,122.30327093063757,2.079707837688199,37.44318477728945,4.553472954870629
112,121.71320680699684,2.541353528083795,38.71246349888239,8.610588808997322
113,119.21755013290962,2.243240935264538,39.127258675370754,6.64594595914659
114,116.66182643683463,2.360976113172476,40.83437561844669,12.405097873258049
115,121.2163885231416,2.2247480028822784,39.44648132936378,4.646573123193763
116,119.41152187280859,2.082696869816007,38.67789020789505,6.354739909526603
117,121.69802863406412,2.2021965785164803,36.03230829818345,3.483079155145774
118,121.06555643657033,2.487198803553543,37.93933405218871,5.195833511260398
119,125.80533667396274,2.311048014855885,43.41752506813637,11.895326021073597
120,120.28193311758093,1.8577053680539084,39.28078724420083,5.181140564108371
121,117.9295075221344,2.156951108684769,39.66917160870649,4.191923600475735
122,121.53782690486895,2.5564587585409426,39.05716263244885,3.5708344476619738
123,121.6599900519153,2.157240627630009,38.32039949522223,8.287522932145308
124,125.07756272572131,1.839904261653164,40.079768381237095,12.813997172160699
125,123.50533373774374,2.578609777084509,37.682673242065924,10.071114802764374
126,122.07061317744852,2.3364785019625587,39.59923861083903,8.39907268691191
127,125.38990867365868,2.18599742823744,43.674866609932145,13.456331720568361
128,117.43371083703144,2.1257164527835863,41.1855431231452,9.136282804185
129,119.08074540175076,2.4164703859583474,40.60522647225422,4.922186671237175
130,118.22027217578342,2.0916033199547615,40.967846909729175,10.268550661662797
131,119.8305705905327,2.4296512849031977,39.121218806995614,6.094870154201765
132,116.86994155733107,2.3084390571448514,40.659050416288984,15.959325028438736
133,122.90545284044322,2.24893638509747,40.876479617212496,6.113586327684236
134,120.33333190870368,2.2291029610671194,38.74133991431952,9.2067687589883
135,116.58758111649203,2.1650063926571645,41.82027035924435,12.032078917985835
136,117.95326275637737,2.4091280240418533,39.240249716602634,11.153800216152687
137,121.94054154235059,2.0269314335796333,38.50275658425181,8.863661564528947
138,131.50279459674647,1.8756149746339583,49.37162695453253,28.490404201187275
139,126.99019267507536,2.322888024578495,46.73373775301927,17.185846358660722
140,129.74158739802198,2.3262476656134297,53.667092074563634,30.386009976782468
141,122.24322829982799,2.2960482305023535,38.78476538379765,3.8270657330578155
142,127.7936170540547,2.281545673923608,50.28750318512397,29.353314716131294
143,114.60386115780608,2.1358919243324905,46.683027804227144,19.464776164569383
144,121.8031343870315,2.357496540877105,37.23361361828107,5.82001807701361
145,118.56117671406902,2.190888374649092,39.11505366698286,8.582981099951617
146,119.75392821946095,2.1025772878369646,40.6088483293171,2.7001469081026723
147,119.16370960282057,2.1376217375489204,40.403903285468516,8.99636565509338
148,120.57762734075085,2.6041279397551667,38.46462245191641,4.934070038136568
149,124.19794069236293,1.8530047835909136,40.219548309133614,10.037710986382898
150,121.47114570233603,2.29995762085916,39.061876648854,6.694975506101784
151,120.52409548888393,1.8641779144752566,39.405791195743205,8.046703595670133
152,117.89303874152256,2.1783533323354054,39.1279237589205,8.689879593578441
153,115.97595116588693,2.113274502969163,43.46010803010301,10.511825914366254
154,119.54107627278,1.7829943406640245,36.28191098172431,6.34779015886233
155,120.83865234754504,2.2778075180867527,39.35344980660267,5.870383917424336
156,126.30378974073965,2.123992387561561,46.66666994431555,13.483895418439081
157,121.39082356441865,1.7801587314877514,38.12970262241878,5.818943248456005
158,123.94821853306917,2.3679136181548506,37.36222620423753,7.8923641990490525
159,119.50211320438254,2.4870012355977873,39.224274887439165,3.8683255896612816
160,117.44516870074892,2.4980248684593147,39.69519462517083,11.131561759163997
161,118.10464971330289,2.271791288130294,39.0482523921916,7.419363377320928
162,118.82432180639275,2.2092116277154235,39.79327830021959,6.4252688742216195
163,127.38540919730549,2.4656313241791596,47.275624086362654,18.938065790844995
164,118.53583996232685,2.53647671706802,38.750128101672054,9.84909111737834
165,123.51546761120903,2.426713740575125,38.612540247547166,7.641002964872481
166,118.29121846573892,2.01169247955404,39.765252694342834,8.21050376710631
167,123.79471903862273,2.2402689706429846,39.22694132805004,7.440513998798611
168,122.15485289831759,2.287903228858286,36.962326187361946,6.799950105922215
169,120.53008630702573,1.8380766062165543,37.649504335571805,8.006059094806862
170,120.8777124215937,2.293872131924155,38.410801083309366,6.671383459617078
171,119.03563691371183,2.654598365195878,38.635194753466195,8.0869133475728
172,134.35432904095657,2.3279872331601585,45.34587612722707,25.239658028912825
173,119.63504955897766,2.4946826162883515,39.596757281069,3.667644639296388
174,117.32318270869825,2.236582946025741,37.687603062263406,8.654630990706975
175,117.16618727704115,2.185356335203236,40.69794821280454,10.275364689673985
176,121.51776375316636,2.276254278016195,37.31473930143574,4.287272479944716
177,125.73727376923131,2.0368346704031137,43.11500246166804,11.438450323065656
178,121.47997484072032,2.0072449625531226,38.72467685586267,2.2107152131365395
179,120.64408502167035,2.4532609114338735,39.37998637370911,3.1205838314883345
180,121.85747841880763,2.4744684685733036,37.306873384495994,5.295598230335611
181,124.91800522512048,2.00177873688253,42.081067092495886,10.747800270150996
182,121.65814750409157,2.393599760910773,38.33027685562898,4.224108550964653
183,119.7672183074988,2.182608004878796,36.28049790408068,6.1739781283079544
184,124.31886613017967,2.267961714898086,42.70392023233276,8.574304782883747
185,122.28626931538484,2.292043727887013,36.63745737268589,8.042103520368133
186,125.60726797598798,2.398870093624864,43.17331873133582,12.638494995652826
187,121.54970331166572,2.2165436403726377,38.534430153825674,6.859156392322779
188,117.32659290483849,2.482032399060387,41.29942646988713,10.588656662504464
189,116.895522402263,2.261882567951985,41.11278973847755,8.87262985197442
190,125.95278379669375,2.3248368544939066,44.38931799546288,13.922338851550343
191,126.17099716234989,2.0333474816925508,42.010185594935024,12.634600699769088
192,120.4614423601522,2.6317318021409672,37.98481520650775,5.406898007212992
193,119.85043803659204,2.2939649846409935,37.61407878383421,4.621286976684789
194,125.3843328767266,2.34259948506902,41.41616491978763,12.915364631153674
195,117.67886295386954,1.8783628377576918,40.94108662636389,6.944245140273892
196,118.31581894313253,2.03545959538418,40.878036399393785,8.04815306661915
197,122.92998038406714,2.4475767375837463,38.407554428030224,7.834036547623125
198,119.81618463142124,2.257378223658521,39.24512944982526,7.624168614165337
199,120.98463439983979,1.8172440530342149,38.059740740900544,4.124580671392298
200,120.50967130442646,2.407657985796764,36.981614239449016,5.616099530368912
201,122.01272364639681,2.0912434391294554,37.9160915085844,6.190427765630768
202,125.22244558394115,2.4822633971753425,41.56300720710577,14.524993651447428
203,121.27175472070523,2.18243286427926,37.18025524320309,2.859453610528706
204,122.93181637983058,2.2409413372041063,39.335200709970984,5.166185502755715
205,114.84948369690693,2.43579091571833,46.60392260006072,23.78813026503972
206,120.85384479420965,2.0205014058290676,36.09591985779621,5.015901359342112
207,118.47030918912138,2.001430638433212,37.42602263741439,4.335978601699411
208,117.34356081872912,2.1607003159203786,41.45092179084014,9.13075136218981
209,118.36554289921375,2.365434559924245,38.54853641294084,2.945155676923231
210,119.99762967789756,1.933824549477302,38.583493563899374,6.285318474342185
211,123.74770762706804,1.8663930800221809,40.59809527857756,9.600076589847548
212,117.0208218467813,2.3647441854087585,39.95830552562498,9.400858294164781
213,121.09189447778326,2.0794043374865994,36.30801310541893,4.655652548213758
214,119.54749169999927,2.1215547974159437,40.473469698419976,7.901000606213896
215,130.1934754811151,1.828637919611967,48.33164515310785,20.655419413798597
216,124.00827347591381,2.064204137129604,39.48784725928712,6.288570075101113
217,122.61434631101177,2.19848654067377,37.45261653943749,6.001532577068909
218,125.01219432232823,2.3860755715245787,40.9289657029383,9.779993440602729
219,120.5364829622503,2.0457539667530726,36.61857976640656,5.046236400047031
220,118.9121721649879,2.5314752240464995,40.019080124012,4.75090819909623
221,120.3284235493585,2.06308879516404,37.167121900064785,6.043619499828393
222,121.72749037381367,2.0633816396829654,39.42867479953766,5.416615232073061
223,128.71229251181614,2.5074715103795606,47.435031665202054,31.010570711365713
224,117.7468357832999,2.242292030472784,39.07625681223918,9.564796198150818
225,121.27146934488363,2.0895950541976847,37.50465112752998,5.897835592316884
226,121.68468499041671,2.1689733737638814,34.95413444494073,3.060724499481472
227,128.55242211260176,2.470614715508412,50.403675256712724,26.350342711381384
228,126.630533833845,2.4932405639251365,44.77049744653995,16.00045941567768
229,118.44026994832355,2.036641364145949,40.43117924209778,7.4933993243401265
230,120.13784991535248,2.1915132379841786,35.89996069548065,7.647031846463664
231,116.60967399448899,2.218031365533515,43.63473136866284,10.951252850402794
232,119.22787895810954,2.0027519778966805,39.675610011161595,9.031276336715024
233,121.94681501077102,2.1888629894700014,39.69967318265509,8.41381607148903
234,124.6175608626647,2.20106457209034,40.81581859971338,11.435373295535056
235,118.81274848676918,2.4280418957873473,40.26917142099202,5.4093067543643185
236,119.03756067979661,2.4414850056622406,37.081764136917386,2.9125809877896396
237,114.55813291078404,2.1341581203281987,47.98514042917266,21.966080903961196
238,120.51200223836528,2.1572093712278377,37.126995884859376,5.783842745772116
239,117.81275676442131,2.3328584604111273,38.25319207849574,7.714126357481112
240,119.41168171790179,2.0829623102145978,37.2060374705572,8.495376456596683
241,118.36941766549724,2.3177280303474808,39.52902931844668,6.371181210929243
242,120.71721233724233,2.1824187025261574,37.02843409982463,4.764509636957085
243,115.7268148259301,2.006120284452276,44.56871425164168,16.17707131378128
244,116.59886426382702,2.0086326574240707,40.09151400300332,10.275013421969813
245,127.3877413360849,2.4894117392062207,44.42419561054106,19.58406814456198
246,117.13773225617791,2.1687157041713405,42.92862958846538,12.681436174783045
247,117.70964326463609,2.5280708187796623,41.46637859339175,9.669255944602172
248,134.90113659437046,2.0972727478570183,50.23906526257308,37.551260291694746
249,129.71520150772122,2.2582410402262987,54.706442638276314,34.12464230647597
250,117.48530011352398,2.6785353446036484,41.94109383648039,9.837519354157015
251,119.8952531296359,1.9885226510673444,38.771543172416166,1.721028499209444
252,132.01986439677455,1.8204371000200448,48.02538890160303,24.049099406514557
253,126.18609293321677,2.4573180262574468,45.23120807820652,16.287447371478404
254,118.03942876471528,2.0346381789213854,39.051441078381494,5.77729115720483
255,120.26416646217368,2.1958587271787535,38.15653335738335,5.101461188929991
256,123.33201272818523,2.082816357909683,39.17500397422108,8.012664282186536
257,122.30429822339985,2.2536325561910635,38.04694819101883,8.740645101818124
258,119.8715317863097,2.009892758562852,37.81239029834316,4.910668724640334
259,120.59853110645187,2.164011982423339,38.12290088534128,4.398134169020732
260,116.87531257489006,2.2899630653113072,41.784159193251845,11.360163844509122
261,120.285478768076,1.9983382227451478,36.85420575895001,6.310332552462749
262,120.20083752997313,2.0599831940708224,39.10266043565042,5.445886939411838
263,121.69650966887876,2.130523433280294,36.93506540882564,7.558477029589019
264,119.33401834354295,1.9142369131547445,38.3487287400667,5.032964308426731
265,122.41461556763542,2.115487803440251,38.085913617659166,6.41668770155105
266,124.03814745345949,2.2237593079805804,40.46039912396278,9.532001860581463
267,121.4662879830054,2.1200902116823146,35.504908658020156,4.855679511252794
268,122.0552692251976,2.145724701413655,39.31408226819816,7.401235483985144
269,121.1594660427336,2.196019665818683,37.19320605499813,5.777025670811019
270,121.00025317927424,2.0688513075135373,39.46395596783441,6.919922306109004
271,118.83532589937145,2.3382125131733758,38.457081162205654,7.489422281164098
272,121.94948278501992,2.4871956249603553,38.13972156011001,6.493059374344227
273,120.70814020475953,2.1071239215609103,40.315283318899226,4.391508586698393
274,127.27950492679179,2.297039646295542,46.34227421708011,18.165874674616614
275,125.72006470742573,2.152076568913071,44.388002246911064,15.501567458671893
276,122.1575396576695,2.273097469007701,38.34163167567455,7.112883120813768
277,118.71082837091569,2.513155906240651,39.65137008078118,5.492770062391252
278,117.66276558404975,2.30173190860362,40.534119687634266,9.723550905829676
279,124.5734288592666,1.845317092238064,41.826688590252814,5.69649093792002
280,121.78824767544141,2.290799126289392,37.31405563210087,4.684374744584627
281,122.44043021017484,2.446572748661802,37.27560639426153,7.956043534550346
282,115.76624203907743,2.15568076600038,43.25999749812207,14.86201577805206
283,123.78231544467454,2.399126961223567,39.8227338829973,8.42169053718492
284,122.36326101464309,2.061976891769611,38.143883188029655,0.7209819641796136
285,117.66870794675657,1.9028921680955455,41.293781335446035,8.678070847755917
286,119.58542557765016,2.2282338037665284,40.00590261498643,6.809247281617221
287,121.79115161306956,1.8487046558507374,36.96669658778775,6.556594081918909
288,121.15740039506873,2.1520457974212817,37.1247119246242,7.240911489930583
289,120.12348644258934,2.4573684525291006,36.445533421616005,5.390432652521471
290,120.68953519580212,1.818047418850744,40.45765303573296,5.2355554754025
291,120.24406786537935,1.9441006408172206,38.49131874521966,3.3021903143154945
292,121.4576875363074,1.9935935509676845,38.62184791785794,5.205178487800143
293,125.41447591897948,2.1873360280578082,40.67902141859768,10.049824061421356
294,123.16225256436849,2.1268566428707585,59.469407334325695,48.3096300164949
295,120.28944920647095,2.4798272763392175,38.72217171593635,3.723385984365627
296,121.52953726411734,2.3908696658183395,37.75838090845824,8.313776233978254
297,121.8879819690613,2.29905458921372,39.464319384814836,5.288969029358396
298,119.88425625603612,2.2291260628687772,41.04807185325419,6.3314886892101425
299,115.72983465256425,2.2786459553969656,42.97394602113602,14.296831724102901
300,121.98398645114233,2.027603528937325,36.98650575875493,2.6158884325976706
301,126.18205064249256,2.3714420707113226,42.85449547086436,16.5837807263486
302,116.39841578525159,1.97759114912816,44.58584599481258,9.00114539815756
303,123.59148404109456,2.3670753987804463,40.72830007819013,6.8518995191117416
304,120.01442433063131,2.4372285004237666,38.05106568665896,5.741669004487926
305,120.81602696251346,2.2421729204176177,38.051317734555894,5.926727485656447
306,117.84130446788815,2.164757388207605,39.215166290772274,7.684429824452211
307,119.99663148293237,2.2800619816619347,39.28951723312117,2.544031263865918
308,124.90013378409688,1.6276963259798656,40.89054738851758,9.381897310645057
309,122.74796572596313,2.2604516436970923,38.3600926720652,5.221620084984238
310,126.19693481622983,2.177329200432039,44.672336652346296,13.561277728170467
311,124.53223566693308,2.189874377388602,40.519277611786045,11.612946544737637
312,122.31726003678872,2.341306502579566,38.09977908879713,3.9228259009317643
313,126.23180357850337,2.1850462156870547,44.03447935712384,15.621881733402935
314,122.3169794762149,1.9719586286697686,39.336002183521366,6.391986896262191
315,123.48396453039118,2.1717194658349244,41.33320924399372,9.388347065333516
316,120.11028713939588,2.213511096816165,38.87673305304666,5.537418771887053
317,121.19963744757762,2.2229867823162026,38.97274519265369,6.937985029621962
318,118.90772853009916,2.232383873457014,38.723247104306076,6.722163717746976
319,123.96875180378456,2.4078738089837106,39.089609764141834,9.366627093218561
320,117.4650891306554,1.9827930893931707,41.533814346608466,7.168164241928675
321,123.34705102725299,2.23514009123297,39.41739166491713,2.679126446261261
322,120.42804682748452,2.4579859397236485,36.36481431644141,6.294079987461218
323,124.51374128040196,1.8530777006125612,40.32251956472146,10.597361851830893
324,123.25260696619378,2.235929336156011,39.01685596353398,8.13188755012405
325,126.4619384729404,2.0829242996053914,43.95066037364687,14.996591632206867
326,123.19232407341593,2.125857923105379,40.83546537888394,9.86369974898633
327,116.28387923304028,2.0190384993571158,43.46900176376338,12.456848212665415
328,120.7991404813054,2.1660898568599114,39.65668570164142,6.271702826597844
329,117.48397842221556,2.568251122885381,41.035840015780664,10.897187912413372
330,119.44516047290118,1.9471139277645575,38.62952111381645,9.439866371808508
331,125.53368529983017,1.9660779995042348,41.39802914640485,12.123352523641955
332,122.9126014326931,1.9396130859672993,38.819085172710615,5.604568252906412
333,118.90320871426376,2.5454836573256205,38.982902123917206,4.342125101631228
334,117.9588479006788,2.107532058895743,38.39415667922418,11.53127274391445
335,121.09834627862878,2.194872187930465,37.35469487418995,6.261924829369418
336,117.35031955185661,2.1194434117787524,40.54249770396359,10.97756857135578
337,118.98657916781026,2.011115424319382,39.3880254113159,12.528919841006521
338,121.93602841465373,2.152969870677113,38.74637295685147,6.3917327516990525
339,124.4659361083201,2.6916487211473124,39.945214705172305,7.360271058254903
340,122.82628441667332,2.4784141841948513,39.2964127725787,6.314733734716972
341,114.12613147420569,2.029412436441546,48.176520356961014,20.282915642539386
342,121.91310018709078,2.3295148206123373,34.739881399540394,5.079250072833833
343,121.21610071969774,2.0336954454667246,37.42863145629,4.791683547410565
344,122.24167085611808,1.844726472230756,39.63397060145611,4.98296737630586
345,125.84862904495363,2.403902183532926,41.15385788747172,11.220312755809054
346,114.81028516958577,2.43201856932871,46.56399477050562,21.77590232925759
347,119.22668972442668,2.40921045020958,40.59413191038221,7.138546746697985
348,122.77271896838006,2.1060269501560858,37.77862161537541,6.194036726838636
349,116.25521680163817,2.1666448531996028,42.9554317683937,14.74328675293819
350,125.42784714416052,2.349953110731625,40.748463164377604,13.20996171094658
351,122.10506983810197,2.2782992074696216,40.22133682635448,6.423656090414634
352,123.53975195753021,2.1212725057405915,39.31907564887534,8.990615533002781
353,119.28716901543461,1.8761856359763671,38.70138600732402,6.767909032356112
354,123.44129106989863,2.2227750388284027,40.93633901795943,8.792364353373234
355,124.20541466796712,2.4158019278472227,41.0542043761707,10.45174125934656
356,121.69863406041151,1.9604823421931687,37.05662522208466,5.9637250656875205
357,121.70320267809609,2.3277518763351956,37.33205517252116,5.276362813975521
358,121.81102971784517,2.2663083390267387,38.73862679013812,8.484935263746843
359,131.13134653080456,2.350029652646467,47.95361337281589,21.1455248136186
360,120.55741395927895,2.3743950999438015,35.50240215421242,6.272923321973621
361,130.42834428469075,2.0611069516149296,47.63141238217651,22.074737494142482
362,122.15018159306048,1.876608119967011,36.514786699993564,4.865817059880757
363,123.99947274073088,2.0932960948634243,41.91884218320175,7.194812559274977
364,117.82439175406478,2.3778254635054017,40.430732466279174,8.392637068512391
365,120.62497290904126,2.091599219294806,36.944731902077365,4.663235525917447
366,125.44436664297692,2.0611913352284716,41.50716797099035,9.788703189072109
367,118.7692353135623,1.8357299316150724,36.82751133352794,6.069017731655418
368,118.53324994812904,2.550529510910188,38.01931401591258,8.108900908784097
369,121.60691857549358,2.365142728285062,39.30062487765026,7.907621006515182
370,123.53315557145596,2.353979196254953,42.08985634741451,8.743811405531979
371,130.7377673426591,2.393545077355895,46.4067196688125,13.962977920078085
372,124.98688177131096,2.3153416723086804,41.38649873050532,12.217675877007263
373,123.57038194769959,2.1511342289640942,38.935158687768485,6.8077289603586815
374,123.52546020067018,2.16724717917556,38.25535385324556,8.547826363247149
375,122.66234950397228,2.114487127081575,41.0796683713462,6.44174858909578
376,127.98295930103825,2.7269481508830005,48.5010800897532,22.219764483028516
377,120.38451493340187,2.3111824062598885,40.62209660686017,5.44856334319
378,114.98943312380045,2.1072399117297134,47.62014452965086,18.104056205757914
379,125.81276308455142,2.2930993548332563,41.00683575414907,16.026869927569756
380,119.62690170712952,1.9978262164287366,37.615644887903294,6.124501285906183
381,121.3236413330291,2.5009013437178456,37.22018946772928,7.490625339081859
382,124.92865205458158,2.067786180838572,41.299731895586085,12.593837996610995
383,116.19322137682323,2.3002170865244933,43.0107494573539,14.787474241930777
384,117.24505835768159,2.413195525948627,44.69739599666549,7.2189414817924975
385,116.19616618864345,2.2769537088409986,41.78422679379943,15.586825531587245
386,118.61759112992372,2.218893998363928,39.52345576812525,6.662332879032283
387,122.31890981805098,2.202160416971203,39.12250437475464,7.397142193787538
388,122.57256352843831,2.1887117806225787,38.54216392585132,4.614975518008276
389,121.82882253798566,2.0846603022144996,38.28334498922169,3.6072981018696857
390,116.7617023483229,2.1101033140460594,40.69812606335865,15.344608170770229
391,114.06968969010207,2.495918074730187,48.69420765164829,20.58765082670855
392,121.16306075617115,2.178292673462969,38.61952833365393,7.572298033864232
393,129.4017794240845,2.0428407461234457,45.84728495129481,23.681550455106308
394,131.85751754197705,2.0967404806276986,47.85387612331934,25.655635023156762
395,123.1058608786638,2.4200741361394447,40.67075248962655,6.9714355223059705
396,121.41472429617605,2.335121326632896,39.16219902350173,3.218228590887191
397,123.28039925612757,2.3120658356464516,39.2296021050133,7.29531938527489
398,121.6876341223452,2.148495760218042,36.69791492870703,3.716561675161982
399,122.5901941168044,2.314672494034589,37.836311482752905,5.673252235426587
400,118.88598021139035,2.0712877750098704,38.71964014435841,8.729717098466857
401,120.46116575850563,2.1480771937308454,38.36669031236723,6.059163036736168
402,121.59032828997087,2.3939608974783493,37.50266793398751,2.9540637234940372
403,123.46158542625226,2.374855535783813,38.210188779341024,9.153469612203091
404,119.81877648332629,2.0036180308098395,36.88112515225106,5.9755715772835964
405,122.56350176719634,2.028894709418285,36.556384999859105,5.37965473847232
406,120.20248362425386,2.221740430562682,37.85798627677884,7.066628676390216
407,120.64737349801561,2.5452264749339024,36.26375746849402,5.242548600907007
408,123.48855712607222,1.8168869671062013,38.161810824350596,5.569330387573412
409,115.02081888683753,2.255666587914101,45.39245124506657,21.338769855008856
410,117.11058301577572,1.9247913336853706,39.72496341370819,10.763530169806534
411,116.55344380767154,2.073133801294891,42.80551225993604,12.273658321969103
412,113.99915164045508,2.1271143163871518,49.670880782062234,21.924967904554908
413,118.96520667953448,2.115898331312622,38.25157202481197,9.073072680977551
414,134.15224192150285,2.0932408120681583,47.519066188889,21.833742232113693
415,120.14534780085228,2.2014414120752743,38.80561040809866,2.974686887666925
416,121.59337024582555,2.0929488866738843,37.220665298017224,4.401611095608116
417,124.26765249013238,1.9075085230291697,39.409780921262275,11.62533775951254
418,124.98305839680307,2.3559739225045555,42.926044096139115,12.550501857943026
419,132.24614001485207,2.3505744334297765,48.39200140646684,19.938202107674872
420,125.06075766870819,2.368634862004534,42.34960562848663,13.743272750343188
421,121.27637997530233,1.8918531007471837,39.127578441637496,6.87303107364123
422,118.48780532851761,2.2597836305168304,37.015712384392565,7.229031869056288
423,119.21679894340379,2.3351957711613847,40.32415997796581,6.314294363704104
424,116.55839046230496,1.9937595863120832,42.81061150267608,12.997535267372037
425,118.33559843879904,2.201834649636426,40.77472551025951,6.487265978370673
426,119.92594993577671,2.176746670937927,38.71838251384041,5.911863357077148
427,123.4107550581358,2.568430131713653,39.337292578688206,8.089433038918502
428,135.8358389106444,2.5848992074025148,52.24552619254631,32.85601779079046
429,116.85345545386888,1.86712872133396,42.2232162203344,11.177064504945205
430,122.17848240477976,2.698785401145598,37.93144308055714,5.440586138773178
431,117.8783681825274,2.0169548557693355,41.18526006492674,10.76112725727864
432,122.4240912653896,2.3961346588654853,36.54241993161233,2.8897179873957777
433,120.60674004793682,2.3940995961727465,37.38413271162415,4.867417850997176
434,115.50728252245742,2.0008619546316386,47.09117586155436,15.192322485579362
435,123.78489097470545,2.29865355876782,38.95493934673222,9.942593944407431
436,119.1849978615738,2.1784932511467874,38.43831074007199,6.5745976420152745
437,119.39829928487934,2.3108660009264783,37.505300819759874,9.630876175460573
438,117.79074276613093,2.2461344604761253,40.668867845954,10.296750285030825
439,119.03715016993733,2.43926789707405,37.96409361201231,6.110071419840829
440,122.28367132208476,2.2150799086292126,38.13978553212296,6.508119875906116
441,120.43226697719078,2.166425186114738,39.08955041598347,4.975488417950809
442,121.98598600684744,2.4192128466114364,37.375360946676,7.387171904877393
443,131.76011747569578,2.316079192971721,49.11759775186298,19.073064897827507
444,124.9619849665845,2.346362678864178,42.44008665126957,9.511410948576138
445,119.97164154740686,2.067082665548281,39.4986019572075,6.690374240855773
446,116.5694265494628,1.9909474437203054,42.487245036034764,14.576854992914296
447,124.20166724971595,2.0864555713494597,44.14465899151096,5.124192139215742
448,120.00553548370823,2.0758357228638826,39.48301156416645,8.320184074739949
449,124.34377733373213,2.357239853730583,40.849639457955966,9.161053168982862
450,122.15013133954741,2.3951968100588106,37.23990716470792,2.5720058028863013
451,120.60658740938996,2.16897394209352,37.91757921157014,0.15106059785686643
452,122.04632768213888,2.4861838037648707,39.95244872833027,3.130285647988639
453,126.8530376803789,2.4736938787530263,47.58821255809728,17.454848790255618
454,127.23094158716125,2.248679783280108,48.315414194303706,18.970005103859467
455,121.20814340539833,2.0356216456913923,38.95176197706193,6.6549240695005425
456,121.48057177995122,2.5150753298871082,36.54401658429612,4.591755312880185
457,124.22872047239916,2.1877965297943187,40.878014076946485,7.1541495775082025
458,118.46301690169796,2.225233039286195,37.92629945937186,7.0091436365849775
459,121.99921111785477,2.1320789948786865,36.4346875967129,5.909946516756442
460,120.92241145613843,2.0220419347405607,38.28831481756317,5.917498024667995
461,121.94172463437266,1.9062721139369418,38.82294529986025,4.389899391754183
462,118.49989358215178,2.3265736647114577,40.45916958030145,9.310290295801689
463,116.2312975200731,2.0433197892206763,43.59947862371673,12.340668980618082
464,114.78104969202613,2.811906245799365,47.14647862816192,17.470878774382072
465,117.64784766103118,1.9827852834775044,39.290540464813056,8.456619139236027
466,119.623974145182,1.9485235050037262,38.29058635206647,8.097418819859353
467,120.12042524005372,2.3020277431226885,36.36166324407221,5.531744500123907
468,126.81169348728855,2.5058626957934593,43.02662890656204,16.071399111041664
469,124.3179801097219,2.2129179313886445,41.31074949368393,11.020141153785936
470,118.11372665097512,2.314448484037455,38.92897697341493,12.272648217759688
471,122.04312535735286,1.8312905165082582,39.286382515025224,6.258267420659494
472,119.77876529094902,2.064497690861647,39.65812822066603,8.242911404664568
473,120.14690848587972,1.9852768541724868,37.41692753937425,7.619658107047032
474,121.55597694824614,1.820990830010424,38.7763775942022,4.518037075458382
475,122.85751335092618,2.2233960468047775,37.96569021241481,6.7555660719613755
476,119.98222454834796,1.7514344756779134,36.01283606184463,3.553973071027755
477,124.19155459820307,1.9355608067825103,40.38889585105941,8.69621118420796
478,117.57418532157278,2.0925612411973167,40.01691671074511,8.480529509398275
479,121.0190171870868,2.033742832809785,37.471972751044476,4.7749318557755
480,128.7930211797875,2.279281700441414,53.731271145310274,25.4061016315312
481,121.66923922787582,2.261116038380496,36.267505472428915,5.1399841456927176
482,125.29964351981852,2.3787597491870915,42.526570929899584,12.928445874407924
483,130.69288172056469,2.350476746542536,45.14587217619169,30.38439647177761
484,122.7423312859894,2.4281625578722763,39.757771719351034,3.206629652588415
485,120.82965041682192,2.1996163199981895,38.36450165911764,4.167139626353856
486,120.48877725650739,2.260693380163334,38.51270993157884,2.8565532081075844
487,118.66155280982375,2.3023027403838383,38.069166216350794,7.853225748202307
488,132.58675489298324,2.2283313394782054,48.29764222737954,20.21473001502893
489,118.4453884324427,2.120561138016585,40.54842946625653,8.245900890721648
490,122.99675570894028,2.1335114931320462,41.00210460553391,5.478133768476068
491,124.25586101333774,2.036488320334007,40.908508187067,9.65455790079661
492,132.7671040634232,2.284323365981966,44.384119780551345,27.19624634578209
493,120.14125379933293,2.181196965182969,38.56896413512971,3.70929995345559
494,122.36189673792609,2.067365249872647,41.321014252655345,7.484640809146876
495,120.07398083336076,2.0675510361350815,38.311559902199,7.272578980646918
496,123.80664137639545,1.9579202544434424,41.4872009107252,9.965044401443537
497,115.50578174735463,2.39576826824744,43.75262028668788,14.97022449263711
498,119.99317789564407,2.215723533906358,38.17250870299667,7.97764392528444
499,115.02756401462801,2.027439996085346,46.590876399211226,17.09604900738767
500,116.51481750931839,2.3617095499204037,42.90250360435315,13.717204069920232
501,125.09158668944173,2.0879102380411254,40.76337154405428,10.439735781845831
502,123.68555494591506,1.9186998745975536,38.61526423229962,7.621103983892703
503,118.84155930014563,2.4042444578438267,40.21089185977651,2.772483045875192
504,116.4924896318773,2.0925806020867777,43.89974391330156,12.067733615606308
505,112.10641348647505,2.1182201819582422,57.215666105927944,33.347520315956565
506,119.3695134762021,2.208236004069836,40.74958356684648,5.692380895245385
507,128.2612450367422,2.4285178445580233,49.76119280998201,27.11512634181786
508,122.30465281439095,2.2040074581732627,38.0010270794637,4.0033026845488795
509,119.32128314185154,1.960176574770954,40.24116899029717,5.471885374654079
510,122.39524062850091,2.3087754008224364,39.28395634873422,4.552573046022333
511,116.31712494101667,2.1030020551476554,41.64550382956947,12.160463024124988
512,120.1080299119071,2.5775847943058934,36.93467154174885,7.6350072366116315
513,121.29843241904722,2.199776055600422,38.60990986155001,8.191628897846964
514,120.74169804453686,1.752992900420267,37.801948784262336,4.261925265414533
515,123.37241836507025,2.271472994431135,39.206525212074126,6.168515537721136
516,132.8158495743893,2.588919558452046,48.63767166982542,24.026947411122173
517,123.00497805432398,2.515184057709078,39.79523071361261,9.258291645147024
518,118.93488315330772,2.5661908577513133,40.534083568010416,9.010455589121634
519,123.69344622523164,1.9960479629237073,37.278180237359166,7.8483611588952815
520,125.88681084287198,2.382430479195356,43.5578799477479,11.34534352155152
521,118.08955144104576,2.0556010920526577,40.697182606026786,6.112756167190338
522,118.33691303285632,2.244857879883385,37.728344054780294,8.289344278791958
523,125.0073530089607,1.9454095142520536,40.74707842088184,12.109415601652946
524,120.42596803991482,2.071108847023457,37.06391059726913,1.896268792881664
525,125.21146417619967,2.064750660527277,41.928052516902795,11.129392838626417
526,119.67239286432344,2.3797110560285235,40.34118371790672,9.029821848548051
527,125.36513672881213,2.360143824333931,44.61907939106732,11.777529959494125
528,121.39445745041635,2.2553639458661645,37.05708620595364,8.235807401489263
529,121.77468646996809,1.9299157163889231,38.76389930847765,6.878331726483297
530,125.69415406500971,2.1376721132100562,43.51827554750117,11.260575553612878
531,119.91468856766748,2.050776703411455,38.72428912495106,5.38545698876974
532,118.17663371222513,2.373935151338898,40.23248294457469,8.058339388849822
533,119.65430737591494,2.4356369705634373,38.76288650341532,4.4192902009126165
534,122.35700185192941,2.411277117206177,40.43020403071847,4.398746468089254
535,116.30272278345845,2.048956116116596,44.17713073203054,15.934728102977527
536,122.91241270795337,1.6520933755421043,37.53242624330122,5.02081371249222
537,119.38368604714677,1.8466076203739892,39.529608871778024,8.35554971550144
538,124.44343798220069,2.484325395616442,41.67944637961146,8.864370736984801
539,113.81721908529859,2.1197490121360354,49.72827591167389,23.51116879021988
540,118.64030267468749,2.0498550763469776,40.58270696736242,8.460179966309886
541,115.9405955462977,2.528532058687247,43.857154994910225,13.38174508792151
542,118.52131160090815,2.4530319890976657,39.59221842484586,8.672591427217544
543,121.74299770332684,2.2048897443839577,38.266938682785224,2.009642496315046
544,120.46232012365074,2.1413193817872056,35.641709019915204,6.39265817644718
545,120.23986729315595,2.173579757437375,38.030638308356046,1.2588763819759752
546,120.52244538585981,2.2454325596774933,37.248272160741564,5.171496335263081
547,121.61016472185983,2.5200094562639217,36.65816864348543,7.167942719304085
548,117.97439187417068,2.2844934848474456,41.734768938525995,9.824138136784624
549,123.12054892269715,2.3452058066078285,39.5943291236228,4.736715844611727
550,122.98799791115646,2.4338540218140343,38.83367255571428,4.77785158019852
551,122.15511381296831,1.9660647997951164,37.61577932127732,4.727391099737822
552,122.6696003282538,2.350972378494809,38.96866785789763,6.810836391881453
553,121.88925400242597,2.141086249067678,39.363693301763746,2.1192906962120466
554,127.1052199081932,1.696780960845447,45.20785721577138,18.521996108062126
555,120.73871748684248,1.7743660916028379,38.009225034638085,6.0844668659287855
556,120.07875034499627,1.9963764776962631,39.228394002527196,5.2875783988278044
557,118.73941725892787,2.3062446457185164,36.801050197530344,8.234159757727104
558,117.90321198826649,2.2227599130680593,40.04073740282912,9.2592370813529
559,117.26658463719677,2.236873341435133,40.55129621501029,9.403458928007295
560,118.33360806030724,2.5901886965373384,39.403526285426835,4.503235243153396
561,120.78795885504378,1.9461820770280376,37.40793725072767,5.755880053331501
562,122.00288538549314,2.1945133291632555,38.38642092746461,4.136487026338546
563,121.15342617565649,2.260887104562763,40.31353137461011,4.46722213223102
564,118.70339416771085,2.052745376692333,38.77166066804473,8.208463014450137
565,123.70055369205988,2.2056653490165883,39.95451106452654,10.603746675476227
566,123.21823801690284,1.8800101331831311,41.47622328001021,7.153694742675957
567,120.52105507773395,2.4819812434550057,37.390446718437104,6.5776025891001195
568,119.04125156600587,2.0636770894939134,41.02168341280314,4.242780585610858
569,130.75040483577035,2.6062800329557008,46.06695159180817,23.86943167378964
570,121.56392076245831,2.193505135216509,40.20823692883086,5.503471631397154
571,116.65561822175485,2.4056107130798368,43.052445017668255,14.318388207429102
572,120.79605923204679,2.1893394262017694,38.37768023920224,4.5417318860399085
573,121.78610743622315,2.1938512335478944,38.05719546001887,5.281340004557599
574,118.30091564053674,2.0831941333555988,38.853862675634765,9.955635773663744
575,121.56953017851232,2.223824785873256,38.1623100772892,5.447866792172328
576,116.63553254422663,2.2635997388828097,43.26752050877509,10.171087174059608
577,135.69817534920975,2.0431482982169644,50.63008382976773,31.369950675276435
578,124.74384995517829,2.174991116828023,40.703663381041245,8.464277396404851
579,120.2424479970911,2.0779802267885774,37.82531566715115,5.584399616199804
580,122.09036301351722,2.659932813922968,39.45252806657386,6.5401507062823265
581,113.77023410260037,2.1820538460176766,50.96948703098442,24.276041742176943
582,117.530957019204,2.5090464303393123,39.84695640805216,9.37045205370199
583,120.11866323954361,2.1608755338384626,37.368580557836,5.439295402918765
584,117.78360093571942,2.251857528306982,40.73117975055563,8.697950669928428
585,123.14318944789197,1.9357271856709464,40.84355589981091,5.09896040787995
586,126.99188959224398,2.110585481626427,47.27379136481625,21.93635389593551
587,117.4701558417121,2.2421069341578495,39.23893329737994,9.464946271745648
588,118.48760978774442,2.5172007661919737,39.071771843310046,8.783712389604748
589,121.7063451049298,2.2443965555352543,36.993038883969405,5.07224804871351
590,125.83334844549886,2.4767440722386,42.81846155673505,13.037865408222304
591,117.33287706238029,2.328145822040584,42.88380593595808,9.38692813106044
592,121.74710836692083,2.525480267892937,36.41567682208346,2.9056374007924353
593,126.46389655243932,2.188191556538989,42.6252780659306,15.659839885298025
594,123.792654767247,2.678044542130361,52.37493287175508,30.788699026931276
595,125.17476980147325,2.1029207594171755,49.38071829492638,28.376808499840717
596,119.72918018061749,2.0467076331604663,39.100202047702695,3.91118384301526
597,119.43823476143376,1.9579894300621934,39.06154246712049,5.314823811539112
598,123.43780386326094,2.6662049343116143,40.71825777253781,5.962817846348138
599,121.72497915946252,2.3638895145235796,35.999928138883384,8.2805128828005
600,115.67511382107361,2.1331758533239387,45.66397466610541,13.859109285744047
601,122.54623120870244,2.449804539374699,38.15146842511284,7.348930553274936
602,119.26738333793305,2.3375384370235563,39.53822448125368,8.296976826315966
603,124.82334165082372,2.593225494275118,39.627836591247316,10.353258242075475
604,119.11723739068924,1.8904334334520179,38.78580294587499,4.262418463363688
605,119.0901541506933,2.1469279783371493,39.08597738169191,4.321151963065275
606,122.6233948324136,2.107495723211435,39.96669161701767,7.9699690903004505
607,123.28877944701081,1.80526346471828,37.25016695142369,5.0644097411309446
608,122.34429809180861,2.412065440955939,38.43447327736274,6.838145975781938
609,115.94320804784557,2.1459206888393285,42.32336951705166,14.655729094257897
610,122.61410331978475,2.3479262409973125,39.179767748976765,7.090703806188897
611,117.8970758449768,2.671954386865923,41.05085027234917,9.718701063261857
612,121.70582833476479,2.1293512616344783,39.65420689140421,3.993760361402669
613,116.72879669380282,2.115769403468569,41.371463745061284,10.129161466777866
614,129.67698853737332,2.2237328339447995,47.52894107472404,27.32356104473498
615,118.58020328707788,2.397449470596682,40.92127345398358,6.416575347138132
616,117.15209604921843,2.08665739493797,39.28550389535033,5.731960399444881
617,123.1414604094472,2.073807680573574,39.743701494868695,8.272807976021383
618,121.72493356503026,2.4114378540482733,39.26582981275177,3.8186647172738333
619,119.1580695958213,2.275727864767607,38.43592401137941,7.528292245072721
620,125.35353654706319,1.7910543473990361,40.71679340962513,14.640727492085741
621,119.67804273529077,1.9549216401061784,39.51601252946945,6.141822276472631
622,128.02276132662752,2.5002471727654423,42.9814108566012,27.256617791431463
623,121.8067403430358,2.2803856566157625,37.92916087442485,6.004626318343695
624,119.14100219761416,2.0475608137925505,38.712143153076596,9.566928280900454
625,122.41340888019978,2.1659180685530037,39.298145087822874,4.2874108361568695
626,119.39964295850582,2.2026473345603343,37.811493513842166,6.381612966341317
627,119.76508503335137,2.347146672056033,37.51400286787419,7.245446130273118
628,125.08792791941002,1.9283473210282422,41.79515260285996,11.006162973384098
629,117.8782418424627,2.0318101722659083,41.35165085185685,10.984875091927544
630,113.76165900721153,2.254591150972678,52.2715276729178,23.060081943639265
631,125.83281098503568,2.18003308390091,41.329356204023405,17.39948977891053
632,128.647983857821,2.314371836527342,51.246574981031834,29.792035489011766
633,119.784192203652,1.9540985205280805,37.02135946000418,6.525095602390344
634,115.18948587813945,2.2714257352542644,46.65022985112308,18.311408150757615
635,120.06854807141217,2.4183167238754946,37.06461913618832,7.948669527468846
636,120.141331150478,2.297363709429857,37.35263082067189,3.6211039494575443
637,120.43022847693322,2.2278223479523187,37.364295678592725,3.252023829734219
638,117.65983587423446,2.180823279486806,40.363034478687474,11.666397780411618
639,122.73868342742944,2.0330297694457,39.05290152961036,7.0512362724576185
640,122.57352212585826,2.1856002815120426,39.12515548605463,5.958880715434304
641,116.51678314054207,2.4519411705760814,42.414910294544775,12.554753638310816
642,123.09759019508466,2.176194298679975,37.37210539090467,2.7450849690250356
643,127.15805494583768,2.022039202130318,47.21610433788252,18.42956208456195
644,121.51588099731119,2.1015505822469227,37.99499890834946,4.237662490637572
645,119.98802451379449,2.240170059455186,39.619382512647434,7.5109619751454595
646,120.57399035677743,2.1252972005638306,37.19063999217017,7.354574876732729
647,122.84577030090568,2.2970606566126284,36.82678128799401,7.73042822273075
648,115.80798518347835,2.304568752149806,43.889712724875984,15.646781817081571
649,121.4931721089319,2.3777966360809297,39.60865134632735,2.8899024074634365
650,119.82860815161158,2.4847118944530067,38.49500551368285,7.04341314585917
651,126.54347503886814,2.3991717448744723,44.52102165243447,17.38845672923603
652,120.47748179858513,2.0131521871704083,37.01564913838924,7.836905621567155
653,126.00366283335856,2.0192931106847456,45.61738094500243,18.075602274851192
654,117.68877790665398,2.184845704708035,39.176599071460075,6.290857900583079
655,122.76177750040837,2.109764928552117,37.812376082254055,5.887092700218025
656,121.95820079137368,1.9723346546078115,38.88603376175045,4.4852721179224435
657,118.39285825640565,2.1116616411654014,37.268156547798135,8.189528764010406
658,121.53218834391082,2.1050974132761926,39.591818173804405,5.623251896480558
659,124.6375565104948,2.065630452047759,41.66003155781031,9.709788346920835
660,120.0286248871402,2.136842102768999,39.286662600347675,7.679937213981301
661,115.92411205249071,2.4356901700636664,44.337960874587,12.535077879359104
662,120.94731152056767,2.239847608249848,37.807262515742636,3.626952985246021
663,118.29273071562247,2.694361815211094,38.33666908300298,6.221651954370436
664,119.97297718400836,2.23410163720393,38.06396016073488,5.220581895231815
665,120.75523669094464,2.14198684521255,36.84289642293798,3.309505788469582
666,115.88304335195345,2.2008265765309734,44.343700346448976,14.576707188457048
667,116.15302498203796,2.2512983956887083,44.1366324981023,13.424726038326272
668,122.44620050657657,2.287050791434213,40.232299456586766,4.816296361629474
669,129.49425943453497,2.615342265171805,48.83242445865371,19.514102025316397
670,113.3057669745383,2.0309359070044866,52.13375923493743,26.113326696620792
671,123.3545321098244,2.371809211635547,38.86306703568655,9.353102764925204
672,121.81710926582272,2.241550119522825,37.572954295894704,5.382593911134694
673,118.85837552789054,1.8857804514858767,39.57744845247854,7.061743584021898
674,117.04950936682528,2.354139756418953,40.96963532615598,9.94922335655335
675,123.507423688943,2.4535247121607813,39.706201128885155,7.687826971591522
676,122.0480518676813,2.028564719244514,36.96822017061455,7.166460802110271
677,128.14780684805223,2.198213226421606,48.18209818318215,22.64149833988527
678,122.26056579617482,1.8549291475984595,39.11207690904883,6.9893006768324435
679,122.16310942378604,1.948238708063133,39.36164926746129,4.510543706212628
680,120.4992162096743,2.409605915523451,36.87238516626364,6.954065559568518
681,123.45032760160237,2.1067166987985133,40.125640350746075,6.557606385149574
682,122.87525560374446,1.9782394050123924,38.13436557982017,8.263828024593545
683,124.75517502569558,2.245892072891686,41.12210089563409,10.545226592143322
684,119.43603124408814,2.0955175137137956,40.23845291823184,9.093816114417884
685,119.6937775811681,2.105835668444893,39.34435242246853,4.019854045353089
686,119.56269048726406,2.3478652051349806,39.4095352854149,3.565932330429062
687,123.37240516353697,1.9676533282131308,41.52877580734327,6.360716148235882
688,125.4951233208902,2.0189269574636337,41.600694198142655,10.079847078042068
689,119.6234785205521,2.2308159984297737,37.23380853435286,3.674261174212605
690,119.72567881662073,2.3938819581496413,37.49071006097571,7.187154436270978
691,121.94223167160939,2.44763206029797,37.8899148509685,5.803208354901555
692,129.0300051500894,2.0669876559276754,43.91586432235711,22.000713204559908
693,123.85616095941967,2.3874753933839297,39.54577030970871,7.658646723989801
694,114.24466812814286,2.0431715413059184,47.386107035490454,20.39705024883769
695,118.51988485924932,2.56524186938136,40.293725365381135,10.623504391057553
696,118.65275099811566,1.9732457949160545,39.63501038771839,6.104441983138988
697,114.03893196284156,2.4656957621583464,47.93958705462555,20.079922859732164
698,118.1090846668936,2.0687027786362555,40.54657913633722,9.857978123591794
699,118.25453165246222,2.6026492909589205,40.52618689020153,7.749798634540064
700,120.39668603644351,2.318264145770497,37.1578223547472,9.297188348389977
701,124.33889767498079,1.9967966941183557,39.860983184019354,8.454713039567789
702,120.26481804642789,2.0955523040914987,35.4484725265512,7.211943900262561
703,117.90755883918654,2.3562362410447486,38.7951103440374,10.795072511661415
704,120.82913637635941,2.4105288835231127,37.11545929062609,4.57181353429565
705,124.14752086432405,2.185856881655108,40.268514682025376,7.630153274738062
706,118.07212355165528,2.2089316561926933,38.75148209405799,9.834820929545717
707,118.26827534823565,2.3516706065288133,39.02556792161362,9.14661730281505
708,122.67564687782267,2.2263596854021643,37.14731752311539,3.943629179425236
709,120.3353916528076,1.941299028132325,38.30251161437224,3.623412343956737
710,122.94245407212843,2.037405195071964,39.34094563441412,2.255020728908499
711,120.95905962461411,2.247023988630333,38.48320716325787,6.572282977179703
712,123.1049909442687,2.4430964832995388,38.989650470886026,6.5795564587643
713,117.89476565787808,2.5231964848324098,38.272058074486864,8.58299735406716
714,120.9637460476352,2.35590588415429,37.25634476012223,2.4558606463083885
715,120.36792995691053,2.2574581522072728,37.599124751879465,3.6632451532191057
716,117.35232722768761,2.3497627771964957,40.44325928834646,9.296604786232585
717,116.30956615639394,2.066649829958629,42.93001478266172,11.989873294169707
718,123.05724710582399,2.169353807948357,40.64174809081788,7.193397914979149
719,119.94714285334607,2.035173855732105,39.21838725289878,6.9382204878783575
720,117.93315915505801,1.9502514778584579,38.88419147318656,12.877232093584936
721,120.71146318923,2.266709802327241,38.83239921841321,5.493108067853597
722,124.38405657204791,2.237102661316949,41.28776739541943,11.51586840256173
723,114.15778646388424,2.337530496901803,47.3322139686954,20.39160912726843
724,116.51008393029002,2.3092223661784894,43.453695296031306,9.540867842608321
725,118.2313406743142,2.2485288542647726,39.49395241844122,7.548773097519215
726,125.383536600161,2.311323333135511,40.53544229947189,9.349488501559216
727,121.8477609487579,2.191463380754505,38.70435696733713,5.7779562200879955
728,123.30195172138369,2.2825782790444804,39.42613016840532,5.949826180537865
729,117.5795172426213,2.0547711194627283,40.3007213495525,6.0772073065754775
730,117.64139237418843,2.273941185127826,40.43671023853516,12.572931077004196
731,122.34344115016813,2.333683537057202,37.53416093260616,5.164080859798092
732,121.17482299280634,2.0660637143855594,38.738880481895556,2.562982332285262
733,122.64621645659238,2.2103664197985697,38.54406553541952,8.065219240597576
734,130.24933894596697,2.0752794980741283,46.69399109181428,19.33573704905347
735,121.83443117936388,2.094698660696777,38.58175089579545,7.705995248226298
736,121.47435725471533,1.9750141289795693,36.66400051981064,4.258645379364884
737,123.33330216725477,2.4531549850333114,38.12460615455902,6.4318888088275
738,123.42102484583341,2.4131370349440098,36.63756613537195,8.172173533508634
739,116.1403840168247,2.3074867708454674,43.87318156105371,14.8333485116439
740,114.25819433397743,2.594439190388763,46.54477557195497,22.791451000657993
741,124.00523619295453,2.162150860686322,40.14600145847242,8.499471551692544
742,124.56317527978581,2.806352483022127,41.238353846312336,10.89518642486509
743,117.93813094145999,2.154494116927356,40.78533267563286,10.1233962385378
744,115.42049378036312,2.2510386703512033,43.4039754274894,16.756835828658662
745,121.2971044630216,2.1204444172119583,37.941225691859586,5.27411026780584
746,123.79251467905159,2.274465112012061,41.71992691614339,5.627817474635481
747,126.39278356730294,2.3671229855772493,46.455242828811166,16.757253593524403
748,122.54889271630435,2.1772167213893834,39.712582815088886,6.415586684771307
749,119.88484991024292,2.5553439694235243,38.678574905573356,5.190737368708555
750,118.32060813524541,2.247829856926692,38.37328330166643,10.31267872218457
751,121.03435387501196,2.25409707722204,38.8626055919895,2.93031252681095
752,120.10220588834423,2.0182004610972566,37.98770206422702,8.741377361080117
753,117.95479628281355,2.283699814910077,40.712752379743975,8.705551086166128
754,127.14626695258985,2.173194555838127,45.551439293727064,19.29334182967958
755,126.35550520621639,2.0783520541325426,44.10239618763048,14.827423198679321
756,124.40814605066629,2.0447051183703273,40.7523779226796,6.564679583393284
757,118.23744880657262,2.734352675951337,39.974505310980184,7.91979336646907
758,123.56505797289184,2.147304549964193,40.03996218629741,8.405373673910617
759,122.91887922849371,1.9086029158437465,38.115027467149936,8.005939926265283
760,122.32763687261216,2.0603557080534856,36.77583498388203,5.760457125741766
761,124.74899580113133,2.1896864321047573,43.041835341597825,6.472667616747164
762,122.90611342858384,2.3093334065232973,41.78642405140611,3.9966535206709435
763,123.22004270891301,2.310959304345063,39.62119457191038,10.918641693063169
764,122.91071885011662,2.3353229103553055,37.214395721645886,4.811231512677039
765,122.02237422400631,2.0710279386725343,37.302120651649304,8.434526193699954
766,115.64916661085745,2.2680880887003094,44.90985303370097,13.839640158075293
767,121.25086323223167,2.0247881071778844,39.6231838535004,5.19360568893984
768,119.33142412345262,2.0760714033971976,37.15704323882486,7.599825776808377
769,117.16047712707994,2.016458205099948,41.0940265111501,9.183327558241126
770,126.04544985790247,1.9623222290803461,43.83556261642653,17.275784738379112
771,126.18698602265711,2.4128418977716017,44.956555421375896,15.052999444257216
772,125.07766180088683,2.3377223401957776,41.2456903544501,12.149095540183472
773,121.76564025056763,2.395333073995626,36.25238746893733,5.223479133216815
774,125.05187536285797,2.2078626132048593,42.35732974169327,12.431889401278156
775,121.03615954180547,2.3553615397730296,39.35004281094747,8.342284561092006
776,121.60839183069334,1.847742119071491,37.982321182229775,5.39323452915725
777,117.71958588861405,2.3726175036090713,40.853733792847336,12.379873883111653
778,122.19097391349652,2.2354239660010062,37.74266267446595,4.895574146837814
779,121.18115778527326,2.325421920029833,36.99229263782526,6.886859220940867
780,117.0920436494966,2.2760046598097228,42.59157784089343,11.725648798341432
781,120.84640866455021,2.002588969092623,38.47018488300891,3.5848088735855725
782,120.76081130842958,1.9003920449217908,38.6010287899208,5.904881398908506
783,126.39268349993392,2.0575891667634076,46.200365950294646,15.691621053791527
784,134.03196265331457,2.3129834562545826,47.229877935159394,23.606760045844077
785,121.0343363172744,2.3380182830350793,37.337827854399166,6.144817025488816
786,121.74636192940325,1.9264115445236276,38.31207236712739,5.958290828377221
787,121.13263713431259,2.0037801265063573,37.326694488754214,5.37550090813654
788,120.39125804561336,2.0553528628118323,39.021288531073644,5.506258924155032
789,117.75271840783515,2.128538987946637,40.09498523745402,9.02867474252193
790,120.54684436717922,1.9275898338294697,36.85413763706596,4.910013191401632
791,118.76170523004247,1.9155896467719735,39.18111797521343,7.505188588053705
792,117.24905338323056,2.0356329407184894,41.299718639776046,9.265314600394133
793,122.5336654436426,2.2172507672450013,39.63908700794076,11.105502477204212
794,122.17379397979971,1.963881132049302,38.77488339132,3.4454274656173474
795,115.63987746589576,2.176839298005647,44.87417665736645,14.503294814192175
796,120.63194608751462,2.4117105632283633,38.414152030957744,4.637076500635035
797,123.98710415769978,1.9396440525172982,39.73714704921809,12.295865082915716
798,124.17767121668896,2.1587108483178925,39.36200782136866,6.657915656521233
799,124.07751052865572,2.404951346750155,40.43024165386835,9.581535005270386
800,121.11673962070438,2.1163463219272383,37.603248471528914,5.951879165748543
801,118.46486401609255,2.0852660618283165,41.44170832504775,8.349904208330027
802,117.74890351792581,2.432699162861295,41.935936987594,11.424787610214
803,122.03381471425108,2.138759584205691,38.99453698877038,8.062563349735473
804,122.13784010309548,2.4208990050411137,38.7389899491983,5.141415747338109
805,124.8619933348152,2.28579307822544,41.17574749281712,11.069478790444132
806,124.29993895102625,2.1314310694180327,38.88236288009349,5.955975320301218
807,120.60331403040648,2.295938106119506,37.775212478877556,5.733443330804795
808,117.2673823634174,2.2640899027692076,41.18681561269036,8.94717107722717
809,120.04268020896731,2.404176564200495,38.47696922944022,5.485273047077075
810,121.65169358443157,2.0903308924269965,38.65687863657663,2.6149772281261927
811,120.39375026383179,2.2082412133563243,39.1864547608261,6.357408676005744
812,119.26631767576703,2.1876968640790726,37.83065908226729,3.4981553884391503
813,121.7586544449097,2.340829628327957,37.30693171604106,5.968357090598288
814,119.48812677576817,1.994964161111165,40.24389535784461,4.092306158711617
815,119.11580174882388,2.4033954096475716,39.70622257797351,5.213217204162704
816,121.93435850291031,2.2932657544340835,37.72314054807139,7.884076818767574
817,119.79402225961239,1.936614985273411,38.1913107055256,7.0672861112531615
818,121.73231316693506,2.4416525650961,37.99472543037274,7.756264548870236
819,121.81961206855637,2.6468186161595466,38.185677014180776,8.54262621852546
820,117.58171299672527,2.400366793909882,41.13785063877286,8.198530440013343
821,119.55627662840377,2.485396953445294,41.5005454735323,8.927667003186189
822,125.31333081974938,2.217074276320518,42.32076888072715,9.373777785087931
823,128.3542089771373,1.8676990160522982,50.8216373421724,32.107818769231976
824,114.6500366530884,1.8311759097664952,44.84707554413838,18.724704191212293
825,115.41446454027246,2.251016408773552,44.28172541047762,14.74483197340503
826,121.08732983973,2.081604238454004,39.476255833459525,6.60871503646554
827,121.0927518340981,2.0170847443345297,38.48467110822822,7.2039237612595795
828,120.64716743372463,2.187450663206265,32.76045047852358,7.191054882902342
829,124.6425694867855,2.323117057572258,41.727856585312814,10.530657163131911
830,112.98149670069118,1.9094484906475708,54.44700420898033,28.24126144875187
831,130.35910299652107,2.110224475943923,44.06924527577243,24.43747615978693
832,125.68431460541072,2.5019741366240633,44.65068194171673,13.726756498793408
833,117.61665770532485,1.9849423239557251,37.191994361495176,10.48089229028295
834,119.86058046463032,2.3739522374329916,39.41121964713215,6.321595937153009
835,118.74132424831414,2.103053847690201,39.11197720206112,8.80257653705024
836,118.31696186176741,2.3091587519699908,36.7637471449728,5.090568726132941
837,120.02121398493088,2.4194655014405737,38.746130246612616,5.599015466997714
838,125.28245585105351,2.3482563533970047,43.41568188455142,9.427876151755807
839,126.51216002646257,2.3818319204427754,45.12112419919889,16.632431486754925
840,119.99218232487955,1.969681293318409,38.92524638705428,8.810968079736472
841,126.71518064219342,2.42273194134826,44.69191241523165,16.078798813011282
842,121.10672943095388,2.0294613770730363,35.76883835144976,5.733040564536096
843,136.5019805641724,2.251908353114308,51.74700255702337,32.93151512596195
844,120.72010405103953,2.2516492373994454,40.11693988662934,1.8055183326058244
845,121.39317347813844,2.2970245117739165,39.389505809533475,4.614306016509479
846,133.87051070900463,2.2673913352120385,45.30373414223949,23.99712867517934
847,142.0409258415247,2.0312380042950555,63.33907030439851,47.975630614989036
848,123.55385672453437,1.9300265175408569,38.41971922712206,6.024509171772349
849,118.87820641014561,2.3744697359923537,37.07887122681221,9.057247165367835
850,123.90699361082757,2.237166915503783,39.91216251121355,10.263108569498614
851,119.91450238874698,2.429875368191564,38.73132608030455,6.586179581678784
852,119.53074945129637,2.1910534131624266,36.758609438579654,7.8434997631007874
853,134.38883092923876,1.918967127864608,48.98592878666473,27.44949624929627
854,121.09325676331346,2.3932259362008215,38.72323803408283,6.502754721762463
855,121.83572774353541,2.125925878067779,37.49586603967681,5.1762776255470735
856,132.3945132875794,2.2684006914842043,46.969409504596314,26.451991305204942
857,122.0097493798163,2.070508114304096,35.88454922742503,4.71859113796531
858,122.27489769230844,2.5288603420467384,37.958865520143256,8.343147463576852
859,115.18909920188375,2.024687035163361,45.43750694777697,20.05710576704579
860,122.9997180058286,2.132514049178765,39.082248976897546,9.383448277247018
861,118.0539417405091,2.2214897405394636,40.36408933345341,7.8031449728899345
862,116.67310259332177,1.9815635345826086,42.41193914881882,10.335921137914411
863,120.82476626842396,2.2661039057175194,37.68954307263125,7.809299990589016
864,121.25194300994336,2.5223820954934983,38.357398492722226,6.501249312755305
865,118.91948150628316,2.101907567861258,40.15472097656581,7.606446835686779
866,123.49309557300393,2.2790285638063454,39.25281792997742,6.53489618474486
867,116.97347450088728,1.650112922792289,41.9479535398991,11.940712520997911
868,119.77916875368233,2.192214159903032,38.10448908983989,4.068149618803464
869,119.24537759520099,2.137391542814759,37.901203252577496,7.718857165140186
870,120.86023818898198,2.0363004795179234,38.631752940341315,7.988832736627842
871,121.83659285394171,2.4162900939257064,37.48770413971435,8.68084264017753
872,117.97632115112937,2.1347512636752346,40.474755713034305,9.975265120785338
873,123.17284803236869,2.164504502581283,39.07258553160113,4.664805210800953
874,121.1890071050041,2.124561425042186,37.64313759903907,5.867697525712549
875,115.32416124006427,1.816636825646985,44.693560639757536,20.626728109379947
876,115.12422567880891,1.973602711984608,44.98569406128626,16.020152492952896
877,120.96304212121207,2.3922186972240436,36.025339088150176,5.393951228443186
878,120.33709804664093,1.7780098706240057,38.55615069414283,8.198147483160303
879,120.6897396592761,2.046736930076859,38.29903371571973,6.644532577391592
880,120.91605263040934,2.1200559887420476,39.021154678327655,9.966747890374606
881,132.33758839960407,2.548724373458313,46.734393519803234,22.401002169576156
882,134.71266359561722,2.353720753099274,48.583603579501826,21.39560591404569
883,117.66668529724733,2.0885658945893804,39.988733982249606,11.592271202158813
884,117.48408522129762,2.46090273942311,39.66943291020789,7.673998324995471
885,117.72002842633785,2.0518968358997762,39.1743850714758,8.911192353539557
886,121.86675000150612,2.4018199607468014,36.084569340448795,5.6447756670415625
887,124.73484213593933,1.928224550815397,42.90794354255708,12.246947075230413
888,119.70598168528147,2.414651566357832,40.013667216664324,7.191751532034887
889,113.49490046752103,2.118773270905803,51.112728373793225,26.036998492863948
890,115.88802141216887,1.994299151811746,42.67380494880674,13.92193819863239
891,118.50088983161197,2.1565712773847374,41.54754257729384,9.872950306156651
892,119.32681333751435,2.2554688359440433,38.19383879982838,13.726327039541028
893,119.77483411823582,2.1010503138948575,38.0073959188526,7.269668781304902
894,121.11574336894274,2.310790701199065,39.72765813256322,5.684098758193281
895,120.06476100753265,2.083401223267187,38.983120535443945,3.46998184277508
896,124.14801883163022,2.324074478786272,42.82152873065119,7.821041288733608
897,118.97194808295589,2.28844441240732,39.20332551959261,6.554869681274053
898,118.41304612157337,2.187815389058413,38.99587572170898,6.88003519670646
899,122.43662661556138,2.11172353752681,37.7198912670069,6.193423509240444
900,116.39307379022165,2.2303081591530534,40.45283378988665,16.12874812407307
901,122.16907511596001,2.31005074860674,37.966367130519075,8.223258270629543
902,131.6285230654208,2.612359830546322,49.16613476252948,23.24822502592724
903,120.5576725302455,2.3878840843596363,38.761644797097155,3.393574856276248
904,125.7648283214478,2.3951979899631684,43.01915917310411,15.853517883729195
905,119.13337766411584,2.817702438972057,37.57262003528117,6.631199938457116
906,127.18089451157223,2.303191695353569,46.677008153515715,15.763509171030076
907,120.3237056523157,2.2969287022623406,39.3159987360706,6.942455128935873
908,128.2729268223877,2.340803014864331,49.69923283324168,32.28171565409939
909,121.20975874298448,1.9982068044823496,38.209761924216885,1.1487644267080448
910,117.7712643990437,2.111219672716249,39.33709220385673,7.664458397469694
911,118.7447324565595,2.0987661466615335,40.15958914928356,7.08136387201976
912,122.19109990004647,2.3295227954439124,34.553832391322935,7.318671280517258
913,122.66674626595038,2.1651650875557604,39.070584335951274,5.5439712379473285
914,119.13349689923723,2.2276446850948606,41.85082981866807,5.221486415251878
915,123.9622154351392,2.417490924029693,38.120390397720705,9.88005674888643
916,124.4725232740634,2.372630147740828,40.36320858991901,8.877465989153723
917,125.30890526968987,2.167655799391751,42.075173028945784,12.97403098909406
918,122.58824022137716,2.0660009806243558,37.99985216330815,4.382149271325799
919,125.09028613625709,2.427054946330638,42.924346039891304,8.921454802134422
920,115.35760471607783,2.354778236181973,45.57099861603233,18.002303072636217
921,120.04628035411461,1.8787486363409238,38.38286830290529,6.272889245602696
922,118.39898423102971,2.137369212218344,40.44508934009819,9.528269380476402
923,121.35767758338217,2.233103092403353,38.04824616668999,4.5861092371203425
924,119.28565234240979,2.3557659434242066,42.462414722626924,5.097456217416223
925,120.50152647415081,2.382020298987954,38.23628100870204,8.036260547164023
926,126.64652464061214,2.256781200235095,45.248651431936466,13.917808405773982
927,120.49084061073887,2.3170495062717715,36.00447186292008,7.843364425810592
928,122.24137695157064,2.212827360475631,37.68688328913187,8.416264331030078
929,120.30319201022729,2.065229662363888,39.483672320574215,7.218100606792815
930,121.2271398638705,2.1477471217917494,36.408802133475156,4.2800038505968825
931,121.01805004130821,2.203798237328022,35.411003067715725,4.030371125291283
932,122.34497219791947,2.193064149996282,38.436747612323884,5.7550321832149605
933,124.49592260664153,1.822885419111306,42.33361788072798,7.446444786773034
934,125.94218199280999,2.120503333014114,43.42439330144753,12.317757799762894
935,121.9288602457275,2.2112411306178306,37.78646237518884,6.96249519934882
936,122.7686406581068,2.14372600161886,36.45799422576269,7.763659827731447
937,117.5474064724433,2.150635240897683,41.16519340187845,7.782906035521326
938,120.73636977275314,2.2975982741609178,38.80882032793767,6.741344797391516
939,123.82086839465077,1.9842085625902735,37.612526671065396,9.102800425310521
940,123.59790591525146,1.874391557209758,40.846244270226336,10.579985558813268
941,121.63482919838515,2.1303660418326653,39.007496415517444,6.665498434254355
942,123.65918187870386,2.352822881100358,40.91445374914275,9.880382789131332
943,122.47230012698145,2.5375106078973277,39.177116996260125,7.11742334604274
944,124.60091877477797,2.356425647818948,41.637074775534245,11.802188005346895
945,121.86807747087133,1.9063472480262307,38.79064794743764,3.446934591580031
946,119.9329050532869,2.153526552124646,39.29267894336758,5.679402046055576
947,122.00752377079907,2.251326876216306,36.040813589770835,5.785117469244257
948,112.20821687244167,2.2355182233847186,53.20372780329844,32.11465779222327
949,122.14865720915515,2.307860910588575,37.40706146428397,6.760790619020538
950,110.05476152435565,2.016590210707848,64.1998297575125,48.57126922914622
951,115.82960977778374,2.2129886175101485,44.347010018967495,15.562590006224378
952,122.35530580282295,2.284064565955226,38.79372582409105,5.8243998505095425
953,122.43258801180039,2.365134190660732,39.79203482428916,4.893993800322743
954,126.53845242422572,2.0388563666774417,51.5952215855132,28.09369228910009
955,118.86369387436318,2.1309686265514207,37.9571747197828,7.726850421756595
956,125.1116229658424,1.659236463985332,42.00548888297395,9.583400249515995
957,119.54790960528197,2.0757076064844453,37.446486775908916,5.889360705082002
958,127.72876093720896,2.0951170214057915,47.734872778999744,18.208738892664975
959,120.99424044047096,1.9960830983665114,38.386156940813905,5.563678716209486
960,133.4914285699935,2.2331224300465307,44.80368983707959,24.07602859411831
961,133.02856447191834,2.1888109135909466,56.02550145516342,33.56449491380766
962,121.39308134858025,1.7481572244844779,38.71368326112934,8.406359872956937
963,117.9929680579276,2.2431015938603514,39.27444911164553,6.5837069700495015
964,120.67081764491714,2.014335173842195,40.33668313131381,6.809433671042469
965,120.89316779142973,2.2971377918381033,37.585593481989925,9.440069281953173
966,116.90577504339531,1.943629750454267,41.8468124219563,13.306019525039677
967,120.23250378597753,2.206001307706188,37.54505212400139,5.64939784571261
968,118.77342371800769,2.143367334222699,41.07307143162876,5.193851127873753
969,123.7730732715623,2.260620376990066,39.565804133712646,5.7397654614566065
970,121.10383562255576,2.2249394555302695,38.18175292491995,4.762980591855501
971,120.15161275255728,2.1489671649957094,39.60288598638768,4.515315001523165
972,120.68145420813227,1.8927455371911512,38.72449106168695,4.240330561406187
973,121.6693660552185,1.904558407307794,38.033353523332444,5.069453600709334
974,122.85044259906934,2.0832226121815562,40.08577948556807,6.514403467163436
975,118.00086331399186,2.1983440232140827,43.02504046481272,9.5215688072375
976,117.87523710213618,2.078350410560177,40.52900403548989,6.689416913720827
977,124.3140376462076,2.3250423861158933,40.55633811995294,8.115957099128922
978,119.76298938338581,2.1441558161576633,38.54139545877847,5.748158593885206
979,116.74947372220937,2.006997455044098,43.54724960139932,11.471567425204139
980,122.33143812814932,2.1443807414024185,37.67096276556024,9.426017294525575
981,122.39010941809806,2.245171967263311,38.09114785108869,6.594385334902671
982,116.40785422822988,2.264976943764917,40.794385074668995,9.976269314688201
983,121.68844514639082,2.575675826398626,36.68362904314163,6.418611302712353
984,123.20674927728513,2.0662181319993165,38.449983318778095,8.186604531418613
985,122.12315935511879,2.18530426768192,38.21040273326548,5.716289977106269
986,122.89594445128418,2.2852247893638853,40.9137131706423,4.573997862887782
987,116.78719270572775,2.195315408159837,42.54769533161844,14.876209306099957
988,121.99312046498859,2.0998763708022694,37.12248920452766,3.9194098458464426
989,120.09214072158866,1.8901485647311516,37.30774928083052,6.977862935837823
990,119.55162952382607,2.097833088189397,40.11120936785229,6.594312915003392
991,123.61166682825917,1.98525951745644,40.85250921515749,8.968740255893854
992,125.43782353202269,1.8546786637752444,42.3665209865714,15.465341458982216
993,126.38311016380108,2.040864231665883,43.844100749189465,16.653206232320326
994,124.94442361451772,1.9905816558467093,42.772784486013876,9.939871569089394
995,120.67079745510945,2.31675730905859,36.83184979735411,7.528717105677174
996,122.05816048907903,2.320218367482859,38.71677127421158,4.755917257147374
997,123.30046861535273,2.019224142083825,41.89146507612104,7.646658968089495
998,121.36353384789838,2.147954273887376,38.27550132758667,3.2187044060703087
999,121.39229256373463,1.828351467577493,37.103125185109604,3.6939565002403665
1000,132.26645741021468,2.1011320099634614,50.75163109659193,26.63858860045858
1001,120.8221520619222,2.2797963801404695,37.44294811277886,6.173626536623054
1002,126.07521723530822,2.364987577922821,46.75202717669367,23.764000959023804
1003,119.75658080249242,2.0573905836617374,39.181383318407214,6.936249217656832
1004,122.90173113320122,2.410370972105504,40.13704916731677,5.290831298168449
1005,121.00897987359987,1.896861615697306,37.626929733901484,7.8034666515535545
1006,122.02062993060501,1.9504744401712417,37.77648799123877,5.231053937452262
1007,123.01023772660658,2.3419323731275754,37.735153788497726,4.891849415925357
1008,119.87547561130717,2.53422424571265,38.098279401607215,6.079042489594401
1009,123.26874449088942,2.298686397636739,38.45754228477921,5.652297545787674
1010,122.13652781037518,2.191931522693198,37.07093377798246,8.236194666894301
1011,117.29556073926557,1.7609632506955584,43.289634048503075,10.303958956324312
1012,125.32691437355874,1.7955105887913043,42.67867273924343,11.7797478770703
1013,119.49776576872925,2.225881907379174,39.183349820467576,7.355089524036379
1014,116.03471397044444,2.128387466085765,44.483973860884824,12.320017483794327
1015,117.8648688712411,1.9788329635695765,41.08763384290464,6.619689938488243
1016,117.93686451796503,2.21310651616601,39.56848383253029,9.5190124864505
1017,121.1565199559726,2.2230262735015622,38.33245281682164,3.5291671994003257
1018,120.1784484833613,2.388883173708055,37.8256517356753,3.7562131363229536
1019,119.98950409707822,2.2273204566025404,38.75079878309276,7.363546545635191
1020,122.85910589644743,2.445678873666877,39.170409504675035,7.654811554943055
1021,122.01962608357812,2.2015988059097626,37.76952790403178,3.6069798961942574
1022,121.94814361193286,2.176933001038533,36.60261632044064,4.700196830802778
1023,122.22948537198607,2.4128624372494367,38.508044009942715,4.40235519727133
1024,122.84840400400671,2.0043118239917135,38.50652803427741,9.893183813182858
1025,114.67613997466768,2.7628894906532326,44.529618539148636,21.127740736625736
1026,119.90668524320661,2.275051495633347,38.87216829729934,5.160847282288273
1027,114.45936980653158,2.276165850567535,48.56997606678768,21.51009560551703
1028,121.10817978039339,2.3050191947945198,41.03660240052565,3.0629608680345934
1029,120.98610108332696,2.5754272950663286,37.53060549558984,4.289304540818552
1030,124.13659682436904,2.3585014823345216,39.517958444642346,9.132137752220068
1031,124.56290317816337,1.8789888041992153,39.46143615600557,10.757013018400961
1032,121.6083251447571,2.480694076953501,38.33178337376803,5.4540943926861125
1033,119.4989167678093,2.1318206841109966,38.73849700806212,6.735062123773028
1034,134.15120010181857,2.221431014567865,46.51228986637877,26.979878383862804
1035,119.41624708802706,1.9441492055649467,38.3419042645556,6.083456326523794
1036,120.99582204566995,2.3052404036247793,35.6256050398993,4.966944043412226
1037,123.9584089508823,2.0697251419864897,41.03713247194521,7.795987461411169
1038,119.32668596203173,2.220033927598695,37.69118045971897,6.897480469913043
1039,123.4170359177275,2.1431801989278436,39.24366615637309,8.284189980213712
1040,123.0322041060769,2.5850025603471707,37.196535670768945,7.302495236238441
1041,118.13562454860754,2.596452060029118,39.10619796048486,6.250151664287012
1042,123.9216823846522,2.2093026340429485,39.5424607662721,6.689609652817701
1043,133.86468383466018,2.212795542273771,50.21479673945683,25.206621616268592
1044,121.30577766211798,2.125311406730097,38.596249013930084,8.181736933735198
1045,118.71302962591704,2.4212012583005573,40.87754146840875,7.604929552982355
1046,118.42238194427328,2.1342160259333247,40.34095839638907,7.084437051964343
1047,119.38701226929093,2.1157325450708604,39.726977924047446,6.814418116593289
1048,122.62778338987587,2.395718572732993,40.318254260090036,4.381109007000354
1049,118.1331244977958,2.09234018093667,40.49182398975772,10.732738982564129
1050,122.3125367458596,2.192448993110294,38.334956961288185,6.438832908345552
1051,117.27473341336483,1.8837378436978016,42.264008738636164,9.152140915746175
1052,120.38779424668346,2.3408380690246338,39.37006623772064,5.330946720570682
1053,121.32894326372202,2.588173387836374,38.80208381312382,4.589206067047325
1054,128.33539043517675,2.3442450745599586,48.09219650758283,26.693789451039184
1055,116.8680530334389,2.492359833509461,40.74630467787059,11.111512846061016
1056,125.4160436994704,2.030779572764534,41.960492305402525,12.605163027479366
1057,121.44952724196185,2.24726485640564,38.98000166796156,6.603433781415363
1058,122.23351575404789,2.011368015126122,38.30912774252188,4.699166503643338
1059,121.35504374016462,2.1544468908837318,39.3919746927753,5.892796659143811
1060,122.3341804545857,2.354442295470501,39.969892201280814,6.61699714479906
1061,120.53894468691395,2.22036412262066,39.48577040279212,2.777058322766588
1062,125.36215054437237,1.9174717954797558,43.63288729916534,12.61477875991855
1063,119.63058656732584,1.9369941788924494,37.16817180731899,6.073980885458303
1064,124.39670371653774,1.9237672137018453,41.11743374969402,9.772097974088256
1065,119.06689863936093,2.298290517987918,38.093078942364514,6.87204178895964
1066,129.55149617010576,2.612778907131334,43.04191560263539,17.34566290309748
1067,117.78411234312934,2.472491648800043,39.93025999428788,11.526894503781662
1068,122.36507116104256,1.8208029601707874,39.99963659918892,4.029083404395337
1069,125.3353778707796,2.484215187613957,42.687900694280145,11.46255124495514
1070,120.76793146053744,2.3872800834029295,40.43321952346889,6.718763064586005
1071,120.40934290388827,1.8909400108942487,38.28942885146291,6.487773093725738
1072,117.65614911079622,2.1393596766579006,43.39725783354185,10.240398565245867
1073,120.31212203934308,2.4191044822991623,38.317124210147114,10.62205061927714
1074,116.22161722083541,2.310086702186957,43.05022359191216,14.596973637885911
1075,118.26136603984352,1.9381809895224031,38.11475740739312,10.160728621961866
1076,131.47973640568938,2.322148431159239,49.18087788359804,22.664662553622858
1077,124.9570395932242,1.7724998807838825,40.84224556058708,9.193114546805257
1078,129.4276325836885,2.155435564848558,52.84904084515213,29.79297546535633
1079,119.2402447447873,2.42759135388001,40.2187591593298,7.865386803805172
1080,125.30590046993632,2.203678843114264,43.46883855109467,12.72156273864175
1081,121.73125744120495,2.100212490007611,39.47610387862269,6.413010572939145
1082,120.54625705976088,2.37786925075447,37.61066482341373,5.1862390333010655
1083,122.29778335517845,2.3949503630173163,38.309362121768906,5.416639859079029
1084,121.18574945103988,2.4620079385733904,37.935765351648534,5.1883329607686655
1085,121.33118717683665,2.3748684856892774,38.96315250494911,6.842445541432744
1086,119.77500051151999,2.4162749587874295,40.19441482648386,7.538527682078452
1087,116.80567102060346,2.346581711487507,42.31210289546733,9.846103486183772
1088,124.23352622562817,2.2531057298232944,55.841618096296415,32.837485441218554
1089,122.95973464984368,2.217901799952763,39.92155647915522,5.672897748868065
1090,120.16989972974287,2.1525480561805197,37.86983534797251,6.585232233852234
1091,119.2117333010315,1.957526341388055,39.6979912004155,6.273725888891414
1092,121.02551688016946,2.0089376982360383,40.04727157890871,8.318647277540926
1093,123.38479675874689,2.1435971036129584,41.649143007726124,6.738005121019318
1094,121.54109182907919,2.248290431920486,39.48868129436807,5.923974442234303
1095,119.0318351900771,2.488162519600853,38.88301734257374,7.947653135263561
1096,124.67887886694685,2.1916405544248976,40.71748103301988,8.66382647096265
1097,125.73755650894489,2.400695258175533,43.629060572871815,13.224411886637634
1098,122.48366996596856,2.4158631312864243,40.49305023926703,5.7905940064493535
1099,123.92099053403227,2.153710640462242,40.397603800636695,7.5614007248363935
1100,124.72587999044143,2.318938042274037,41.599518220940375,9.567262193440301
1101,124.39029794921355,2.151294391655028,40.59038386575766,11.524568341200784
1102,122.84229753133788,2.4644271788156957,38.35322396751674,5.6105297453221725
1103,122.79504114122464,2.3271686676531864,38.5143165857389,7.647294633350065
1104,122.55898172003951,1.9619032490623292,38.697204463046454,6.916919404852134
1105,117.70798697635887,2.2323049304307694,42.44593694000881,6.778508203342673
1106,123.10216947057876,2.5296224323647762,38.68454909203039,7.981195758229276
1107,126.49197502681852,2.16375379309066,49.844084145239734,31.148106960219767
1108,118.61620163462483,2.289543006019014,38.211695629800566,8.619438417065155
1109,124.91069520342427,2.309175767547829,42.22453541406661,9.939792983294426
1110,123.5206604880826,1.99267542016708,41.03783545962171,7.7388663095248935
1111,125.46219486905758,2.302141589842703,44.32985768602575,10.139210157977928
1112,120.18497684893812,1.921232969593075,38.39017523172355,5.952780140357061
1113,117.5432534761697,2.074875178719721,41.31802637653792,11.350694537851629
1114,120.27868840878897,2.4151445934988387,37.93020350395134,4.22956387362467
1115,121.30609389172172,2.2713512580616717,38.65423497915428,4.4398919596330515
1116,121.23696614902003,2.139104438450695,38.38911183327096,6.337971376944966
1117,124.4010414362701,2.289292204249038,40.61467549197155,10.411791980493668
1118,119.91618872498967,2.1879815504489737,38.42372674429725,1.5296036708085214
1119,122.05610341540877,2.202515700470367,38.787684713360754,9.518105503222316
1120,118.03411855169618,2.3313637053440277,39.582236686571726,9.530154738274462
1121,122.35095183413144,2.0545264518681736,38.11051943829784,7.393228392765413
1122,121.00932565055692,2.2080672811109383,40.048853549312696,5.241657634723778
1123,118.75055998514645,2.1375463610786696,42.36585180630902,3.9313568177544744
1124,134.5312523669018,1.8828793250799492,43.18377908023443,24.500513440619635
1125,120.44747276045433,2.01590884875014,36.555797551845515,4.5895117718383895
1126,120.1895346119887,2.5136412894127664,36.99592451856637,6.708976000337516
1127,126.31402372680304,2.276944662917047,44.08860049913939,14.989754932686084
1128,120.70466199307636,1.9352823397197223,39.09412601167811,5.95899947082625
1129,120.26831166946799,1.891929124830318,38.82728444932601,4.292385248026211
1130,114.70764712716958,2.1775672199778833,46.91705239290436,20.913696733498114
1131,118.31737794406156,2.5122373066352965,40.217944097251106,5.8796791122287715
1132,120.21077972663095,2.1626483730391297,37.30652771282323,9.760028989574394
1133,118.94244197147007,2.4613999106808033,38.6384325828658,11.010048307245405
1134,125.14512278013339,2.270386154163732,41.75593597167281,14.452574255672989
1135,120.50518667381134,2.294250091569179,36.15280524346404,7.881556254114979
1136,132.12043750446068,1.9328558981390862,48.06965436241626,27.983249097718392
1137,121.1851139021511,2.387504584349952,36.66165950095612,7.6117775752143375
1138,121.11168350926474,2.1330135925452787,38.9196739737937,5.33124792528756
1139,120.7336106568625,2.3726184907221817,38.31003786035709,2.728505572706478
1140,121.01138875486437,2.0371660036027777,38.73330197491095,8.205807941563315
1141,126.15638500914957,2.2354098695019826,41.641841412005185,16.837791260164366
1142,114.04116781974635,2.2704005907875264,46.87329594558351,22.39246046574704
1143,114.99536276668397,2.169193336684827,46.72810555512734,15.914152243107754
1144,119.37048750683167,2.2809090386172315,35.24976484238691,5.374197620044935
1145,121.0435836458127,2.1467205849614985,39.46997312663987,2.2226027841662965
1146,123.07031327429203,2.0701880493917444,36.75498277958881,8.701314503510789
1147,122.41926159408243,2.521096676558793,39.4551606342462,3.319050074997564
1148,119.8472622613583,2.4097905732722884,37.22603539499118,6.481377069195094
1149,124.05713107972528,2.0478270509903647,41.3148155547028,7.252469627514353
1150,124.0905862094582,2.313688861118923,43.95117218268029,6.275036890333552
1151,121.55217349381469,2.0514642290597696,35.339263868654385,6.035752616446462
1152,123.88797271746053,1.9630630712675354,40.66933758912798,7.8182963523170645
1153,121.81793579029639,2.4067618882797954,35.97738891423802,7.242897024732384
1154,119.31555091965134,1.859180074870519,39.136343821604235,4.21138956278893
1155,123.09345051700001,2.3853711827153083,38.716031118505796,5.67072091164178
1156,121.33183936773604,2.1494555374853883,38.17996460746969,1.2407851028092045
1157,121.00401954026346,2.1576906793838946,36.90598002288098,1.5681816266561142
1158,125.41886071656873,2.281950243924658,43.232441938531345,15.570961849313333
1159,113.64738361437973,2.3162397623988507,48.1553834915357,28.17181553931147
1160,116.74694748952129,2.0347313646342187,43.46942495999412,11.997866649314355
1161,117.43878872087689,2.343545121750013,40.29898930246959,8.455887242462069
1162,119.91021805729358,2.222674107605045,36.578048617299075,5.378460573044952
1163,120.23617549070191,1.9487890414263926,40.04227832182982,7.276633322827019
1164,116.47802305668085,2.1660251032840523,42.41780942132921,11.730996180888805
1165,118.04452590306752,2.476255803111785,42.210825134810975,8.984930458848634
1166,118.41747496442929,2.5353189596491394,40.9329031782329,7.811341554906077
1167,128.37227227622768,2.3434696915217357,48.99931282752002,23.498776674043174
1168,126.40522584324144,1.961931302366326,44.32563485049383,14.778616302970425
1169,119.76475174694605,2.2981213804911778,38.48092994186431,6.56202095536941
1170,119.90925012907961,2.3701721807718386,40.09330560178456,4.158008702822102
1171,117.55238800843512,2.3451415966637446,41.13994751380458,10.473222777656025
1172,115.2756087603242,2.3569908577375838,45.42065525958869,16.12018714533842
1173,120.64935944077443,2.2726526158495064,37.787193231872315,5.772293228987721
1174,118.00644405026792,2.1855175322338916,39.91083454629323,11.12761464756513
1175,120.74544840501397,2.0783265008191965,39.57976573600618,5.219933098669961
1176,116.19938245286957,1.8204128962997008,43.07455076439661,15.221722904181387
1177,127.45725423326424,2.26792835334267,48.19865432020222,25.882580416739046
1178,121.4458812859085,2.237210568730438,37.36632962791072,4.722930117840125
1179,122.0986287933518,2.3115151685649633,37.60101856502457,5.972284346890508
1180,130.40831452324903,1.9324912613414214,46.90085293176236,25.629698355901475
1181,124.80429219403226,2.3290033378630124,49.03262366093206,23.19077335753332
1182,123.56405719040669,2.6109090189241555,41.24446997142916,7.627858495079681
1183,118.59936491019445,2.2156900261555825,39.01995163088826,10.139107023691263
1184,122.89857374382191,2.187666936158692,39.63830209962791,5.348567061775115
1185,120.96808397014541,2.2618004712171405,35.02571627777057,5.1172466627703805
1186,116.87083750276615,2.6064674049420677,42.4329698150428,12.064624198096839
1187,120.05140688625643,1.995270447660022,38.00433911175424,6.147055510105607
1188,122.0960912261913,2.240641386678781,37.68658348728077,8.738882447464691
1189,122.8388961414238,2.0400685155404714,38.9610905330729,7.490791514761989
1190,120.57703630766675,2.0905990558310013,37.44436731813265,7.952605611686858
1191,125.59533667180315,2.1900819384236123,40.097116304122125,12.242976651368767
1192,124.02253231295968,2.469464648322712,41.116551877641115,7.364549813759361
1193,120.23003765080074,2.5601981201377475,38.42204631783841,5.301192959279212
1194,123.25036543641083,2.2896284289253415,38.73738086572893,5.186065041025696
1195,126.80138045556455,2.1246810553953033,44.24490089535849,18.14992636975041
1196,126.88145380234909,2.6985477733277037,43.84630072308807,16.912443987248842
1197,117.3160003575325,2.1144891037340963,41.25447898893581,9.04092865803577
1198,118.22040066652855,2.0857728171280527,41.63588709229012,9.101745496440033
1199,125.45475636020156,1.8450113910842547,42.609667702415614,10.387010579710958
1200,117.8251568474871,2.479218313848949,38.558204462161385,10.41477415001076
1201,117.03237660012496,2.3936491184742588,41.733387869957994,10.148705105848133
1202,119.54141760790286,2.6835611072232894,38.40403021610181,8.330985507457068
1203,122.26068012842376,1.922095329556375,39.38650151625364,5.349332394357669
1204,120.6928098801667,2.491634161495822,38.748840282233175,6.670465419207382
1205,126.36803766290456,2.2140271036732257,44.91997220885866,31.419538407891668
1206,118.97736261482648,2.3612200433600274,39.5543242835325,8.270895069851633
1207,118.86298880676188,1.8704445717791058,37.8005244134006,7.296290299874489
1208,118.36147111402317,2.4936163645330596,37.825529140331064,4.942526796529098
1209,127.84489863182819,2.357303350266366,48.08141210915247,23.714251418637023
1210,121.89253321355666,2.1922179930427568,38.668420749042404,5.62098617763139
1211,123.66027716321422,2.3290225375322247,37.58807487638201,9.398105044030343
1212,119.53276759564324,2.0469009397915503,39.31910130471586,7.495913483302028
1213,120.44212996844185,2.0841119828836603,38.984474790902276,4.2169929744183285
1214,118.85933805588894,2.107311077274921,39.064506818531775,5.457220016322334
1215,113.0448749952424,1.8294544276619447,50.88133468881787,28.829044027070093
1216,116.8659721694564,2.3723516988406734,40.58458733778884,10.935716883359238
1217,115.56814396005882,2.4383187228365135,45.72223176639828,17.512343716565614
1218,114.25064866614518,2.059731170047232,46.20835633032263,21.12304850257929
1219,130.9179170080266,2.269640603188964,51.0815051266749,32.95452410935306
1220,124.9748670381449,2.146891905074153,41.27766596264824,11.791796861402146
1221,120.86669149688694,2.2656547924162065,37.88890825496907,6.024574893636252
1222,124.87169128696353,2.074484551757794,39.248093306244854,10.073277539809752
1223,122.23294773070262,2.023314968782473,38.15837526730754,6.450425742636389
1224,123.34767647714548,2.4104149772047485,39.948851284308944,9.576189581384657
1225,118.29730901408628,2.1872258829751017,38.00330637895227,7.95900067227477
1226,122.57185286257801,2.6044217901706954,39.14192175345305,7.320866496189082
1227,123.18614270222304,2.209261992958828,39.1582430856011,7.256175107318536
1228,119.27005812329892,2.0147843919299016,37.88588702068932,6.771731890809174
1229,122.6786211118485,2.4453881752871878,39.64551684796114,9.58835845548916
1230,122.6985632757245,2.326160032829204,35.992017661586516,8.672905076445167
1231,119.35134213660974,2.345374572739285,39.01399290360653,6.594252330033775
1232,117.63169470318701,2.438120135773584,42.43932791564641,9.856935558673321
1233,117.44761500430518,2.0694407412308413,42.504208381601096,8.653436798781454
1234,121.25951662576439,2.174549338202943,38.48258481803682,5.212223324389932
1235,121.98102960636794,2.1657100337024415,37.849715268128485,6.393762698587159
1236,118.62242250862626,1.9418506926168764,38.48066937218999,9.009610615844899
1237,121.07975602397829,2.1472819699683514,37.63788847245261,6.8508239726159434
1238,122.71161110841545,2.467275891575365,39.297083466520746,4.528698104629793
1239,122.85457214399591,2.2474676207587696,37.78798375765153,8.46237215827149
1240,125.65564036036747,1.9307877344310027,43.67740575797862,12.9264528848993
1241,124.83094249659413,1.888832117667013,43.78853911229039,8.860057704054242
1242,117.99612570173036,2.5329552117496545,39.91085749380421,11.063633807309174
1243,126.05075862861406,2.181936197948974,41.998962035454305,17.062459147710104
1244,119.40707048633286,2.0705179588596767,36.94453968023291,6.862843120642334
1245,124.13461843736329,2.1452016470205995,41.09356186658262,10.214869945179672
1246,132.54635141532714,1.9045384491365338,48.85620385871264,19.380185271656494
1247,119.7635518646291,2.484619029902324,39.38853395339855,8.54747127207382
1248,115.57690942067521,2.1213894124827943,43.82981941595227,17.103992346823567
1249,120.48530646935096,2.4734803055476844,39.055028331756034,3.202879401282767
1250,116.32185029408318,2.2103303428894634,42.62475961947365,16.77743358298741
1251,123.90189770752832,2.4859063949136884,38.97361740070205,10.36553600779942
1252,133.09759576362205,2.2513388998086175,48.1083294897208,32.21447993422243
1253,118.60926703210993,2.3706465325738155,37.82096768071854,5.64713631307143
1254,121.90591222755782,2.3438186092176676,40.56778040238646,6.695901112140921
1255,118.82382543397607,2.324658213250394,38.92620368692789,6.656639440571664
1256,119.11454580958963,2.269586895436542,39.55550315732856,7.338219763645736
1257,123.32348411159612,2.1534298567768833,38.54344429225975,8.727634760194732
1258,120.88438521446976,2.5830869383145725,36.74062730492352,4.485082974127389
1259,126.21894412579303,2.01861260298082,43.71156650029138,13.024087839020543
1260,119.55330256389124,2.200861528468632,39.781876403816646,6.9269999572448455
1261,123.99800899742347,2.2029771750415192,39.352494599021114,7.685722142522672
1262,121.29224023887335,2.2804881506687043,36.97415059131239,5.79286393934418
1263,123.3873340292327,2.1141054708211,39.440417122012114,5.0767897319642845
1264,119.65852702801016,2.262949261117918,38.99472806246873,5.675913503048396
1265,120.85132348734525,2.166231482959407,39.97628083781516,6.794650050767306
1266,120.6535033621032,1.8836094965124204,38.45091375646323,6.632699485790061
1267,118.49182865546264,2.2019104572513695,40.156794382820316,6.282778875173538
1268,122.98624460374526,1.9798869333939697,39.73106716200396,4.777932804295018
1269,122.9507470167351,1.85312284751022,37.453572604807036,6.860269514708529
1270,122.7806640847167,2.2273746641378773,37.54156972360854,7.619626638544929
1271,125.61089696175293,2.2975766684039134,41.376606026691746,13.670445029512425
1272,125.34803440370891,2.3053396084209155,40.56061379185401,11.195003391692339
1273,119.8751659304526,2.313434141403939,39.23290722032769,6.4789220858809875
1274,122.11915695530253,1.813482195811878,38.62361281392896,8.6426191500075
1275,119.12919793222537,1.9277966144185061,38.865373358603506,7.0942255690326945
1276,121.07006594834367,2.5947042873627346,34.88982021368308,2.562051948517538
1277,119.2007516526434,1.990558247984593,41.17877704574474,6.9988137239940595
1278,125.86021092740815,2.322168206227338,42.1236366519732,17.446700138796842
1279,122.0910944510289,2.062612475666831,40.72408246936128,3.5993670217650435
1280,120.34591261568673,2.215934547853513,36.355032890608335,5.703244998503462
1281,124.58085571556913,2.0733491595452813,39.846074693991454,9.580480900045591
1282,114.48815377061376,2.312308230923929,44.68549183032622,20.514038787005223
1283,114.95769221540414,2.22735482346334,46.46663631116455,18.627973053002506
1284,123.38751596565932,2.1103420452711537,37.93254296200771,9.547030945110615
1285,121.1814053443521,1.9899655760638582,36.71963955285307,5.664127680157286
1286,127.12695925619698,2.2535548394985025,45.8290608733787,28.69401620531908
1287,117.02081169004435,1.9574562401914821,42.41629278862472,10.830098676315016
1288,120.9302988674489,2.285496208424168,38.85482519641442,4.871454193603278
1289,127.01052823120402,2.7252969818073804,48.12225958527666,16.93972799686569
1290,123.47259885938759,2.4700340102524025,38.52217598099028,4.369054139389406
1291,121.50911963542843,2.343669577378833,38.31960786195549,6.0871275225790855
1292,119.68283826968519,2.1828785404517705,36.83447906835496,9.804420777581381
1293,119.81628144439182,1.812249474599295,37.90621488887366,6.815240225726441
1294,114.61240633239994,1.9355427208199634,46.35368325378275,21.016618739318545
1295,121.77292126276348,2.456558571220543,38.68876955024952,4.965636162425141
1296,123.53644932544556,2.0420487839750443,40.63581270742354,7.311951208901024
1297,116.27314201848816,2.0601495803671908,44.10478103202188,15.09246991108364
1298,119.01574932307955,2.166869904863196,37.85482043808791,10.493686314622423
1299,117.52760610329973,1.9875907482306892,41.85081574779268,12.39843806527872
1300,118.10394641557372,1.9546462530896729,39.79226563552167,9.884934560864354
1301,121.1604448804657,2.189905185443716,37.61614708805047,5.572280938786595
1302,114.74679353503458,2.021694109065593,45.75235625638406,19.563400928401027
1303,122.84281131507119,2.0517962840442214,38.07518682621611,5.332270565063183
1304,123.26156520980105,2.043761794770599,41.21600559903562,4.683435481019078
1305,120.24669223588926,2.304472042766894,38.49373688903612,3.6703783616464416
1306,113.55787447004637,2.1535748619009287,50.39428534579071,24.974471403395135
1307,118.01074412199283,2.1642856064212292,39.65114692467976,8.101891675902129
1308,124.69870580230808,2.3193891794617767,43.94486774837168,7.643153545714186
1309,112.66601715781428,2.171592078353412,54.846171989661826,29.74216242255656
1310,119.95742976341944,2.1443492463085656,37.37385505584625,5.307258860332574
1311,117.45999766459822,2.2940900711140344,40.42861757197747,7.774937847616176
1312,123.41371090475451,2.3336395687115266,39.02462662093569,6.872777896989664
1313,118.97465814356961,2.1705853000982795,39.07748849372907,6.35798797110369
1314,122.21186206220683,2.2161215551241047,37.481622933561844,4.904066528371629
1315,122.69638125750728,2.0436419540533346,39.159675889614874,8.17520457638439
1316,126.50867751919006,2.027863391367095,46.41852192074177,12.695711991882515
1317,120.39117416897389,2.3538295003933616,36.505193425550424,2.0552959291038735
1318,122.12813310886783,2.2889884125089246,36.926214463980756,5.951353920971692
1319,116.5448335626177,2.2910596876833154,41.786881490294334,12.620006735578352
1320,124.57124068988124,2.256170869745105,40.28167254218455,10.691403267606345
1321,118.71847345578591,2.209240655162991,41.543338991524884,6.351724865281349
1322,119.31773750773677,2.339282378164554,39.824652624450465,4.838239633340301
1323,130.25875680662548,2.387021752204557,49.32740073931251,24.564944708075302
1324,116.31134696398045,2.3822456010381297,42.51912397206249,12.399372908634959
1325,121.68631008678682,2.179844416810803,37.760048649605395,8.456786065709116
1326,123.90239881877503,2.477398545981768,38.11121566219139,7.8647625662639875
1327,121.87880147049188,2.2456921363464644,39.10799251905589,5.674568935497801
1328,116.23330730746383,2.3264752385131597,43.58796455528764,17.90822838005349
1329,120.62857211701102,2.256417578166976,39.57354774551151,5.19771712717635
1330,123.22608670893847,2.249401341496835,38.83720599182935,8.235494069857737
1331,115.36603370210227,2.0528496019499363,44.81301179864596,17.77290866614204
1332,117.77570195854686,2.3402701676689652,40.49119616349885,10.455157209734278
1333,123.62963081224456,2.769058878981528,40.59156789652383,8.441312450787343
1334,121.81028630259186,2.1250409850419834,36.38018530975999,6.078710792197714
1335,134.8422283958609,2.2141989430849898,45.12276810299336,24.47096787689718
1336,126.57848442286993,2.110758947130548,44.82169278575715,15.355031935650082
1337,122.40565833551861,2.1023960196876135,37.16432785682241,6.777490219785215
1338,122.97366403129953,2.5088898956237347,36.35545003267313,10.514934905320201
1339,129.13223658165498,2.0654057964545074,52.385551346147615,30.825872573137016
1340,120.35858632572852,2.105183905326728,39.82776611026822,6.191046465544198
1341,118.60635170914452,1.88250143525374,41.27012307095905,9.04583688570116
1342,122.2833891947414,2.048477655091551,38.788810774343496,4.511964103097472
1343,122.31697308816669,1.8583200214093307,40.73597878190086,5.638124462674865
1344,119.41985382416138,2.326360939842386,38.49778032659574,8.080031397487396
1345,117.90280894133545,2.759939444367462,41.25433460182309,11.534308307079815
1346,127.92953326627023,2.126664241269896,48.022577816748345,20.91889184114932
1347,121.98053041116407,1.8666484134019528,37.59399816804689,4.966045003564469
1348,118.80314385579378,2.379999932885947,38.24874798177729,11.115638350399186
1349,123.7477909068388,2.0546150082139687,37.18844333434615,8.315894453281253
1350,120.67256454531599,2.459869386110708,39.568097786872805,8.819576442805126
1351,120.24135566104651,2.1435941904420113,37.356660144300136,6.073782602655588
1352,122.68681861574348,2.0736368621834442,37.66425201362589,6.938999473032341
1353,117.12435319530493,2.164408488850863,39.88857437610827,10.20733975637226
1354,122.05788161175151,2.3515553521872374,38.000973647142494,7.5882889812871035
1355,126.73886442319525,2.154515873848869,47.36179504359125,19.471097294282863
1356,122.39853298659193,2.100655059441259,40.94283141419613,4.321559065851451
1357,119.87136368864961,2.1602336794042256,36.28720013216319,5.31142597915773
1358,119.47868415871527,1.9456289630998231,38.08383082039611,7.9571820050039515
1359,119.76898007996468,2.279406320458796,37.09216088546279,5.7972059672215295
1360,120.23811196585666,1.842654681231018,39.3137094322994,4.815071838440003
1361,119.86658040172519,2.111175709126897,38.626533053618466,7.766799871978627
1362,130.92394172138347,2.3518770417661488,46.77504023919929,30.44009928803973
1363,115.80037269037305,2.2606096565865434,44.03503501169327,14.15328769244658
1364,123.5860001512364,2.318064114597278,38.898324946393586,8.222848624146451
1365,119.86094042457232,2.1869908654562384,40.22253579085204,3.778855218103101
1366,122.13084335708612,2.4339492361971033,38.93768889163773,4.335716705531374
1367,117.61903626939741,2.3849398393539585,41.31858956958276,9.724317929517643
1368,124.9858932005483,2.2892282008495353,38.2949148397195,11.11710282980574
1369,124.73690488051562,2.385509155462709,40.99203436433015,8.647183364992378
1370,123.87877157725022,2.3500847108807155,42.323064825547256,7.111810963388265
1371,116.45573567261938,2.1121072973306223,44.134429305006904,10.810538531066397
1372,123.48736321319817,1.9312202176617335,37.14462716285736,8.484549256473805
1373,122.21456526290713,2.284072425168525,37.94842613190903,2.474558518205812
1374,116.1841862586023,2.309217846166286,41.66043027910123,11.796382683933881
1375,120.92710784868756,2.4180943982277134,40.0544907908945,2.1485648569048563
1376,129.89010439575412,2.0127357449909415,48.69377836856327,19.77526895107552
1377,133.92732089711933,2.0187137881445674,44.589322738348294,26.429690812223964
1378,121.53178410084656,2.2919800532615544,38.10320428482984,5.656090572833589
1379,121.87369425054214,2.185766602229383,35.03909652667251,8.718312803546002
1380,125.42083417675929,1.8228476778857745,40.99767689590075,15.352502352728656
1381,124.67810172973203,2.275021632750838,41.01998758452828,6.984317692468345
1382,112.39883513865178,1.8295154170022092,55.2904185760041,31.930150223167715
1383,120.04768433548695,2.010948689625325,35.86994218275612,4.0372684602221085
1384,120.50604691736815,2.4703362745720217,37.59629135328221,3.437751512466062
1385,115.74370428181909,2.564975803561423,45.289924715155315,14.965779719036298
1386,121.28254917469694,1.9568687263056077,36.275819498698894,7.738865995122298
1387,124.74627331723153,2.1341216925174615,41.36262343056921,11.491483292186961
1388,117.74029642122822,2.2085245046157413,40.416816236447865,7.9317299262409495
1389,122.00920281606962,2.5562453855163136,40.28132425569975,7.1255328087250005
1390,118.25252956811069,2.10142621043512,39.384527198569366,4.10333282355009
1391,118.98426392896097,2.1046231953933447,38.68798150172924,5.566814730650919
1392,125.43218090251011,2.5097451116925726,43.3476817653642,10.892474862939121
1393,119.37232653966453,2.1250421694563486,36.99123219490649,6.5682395578482335
1394,122.38663746703187,2.3444403417932915,38.157948114433815,5.8078768781538015
1395,115.38634565181704,1.9045714069775146,44.38601531798355,16.274942330789923
1396,126.58695268418464,2.165753451181535,44.70039468972382,16.110418949170224
1397,122.8079573389195,1.8680806323347192,39.73720388141303,6.684381442553856
1398,120.45250047204921,1.9889132438088593,38.730940043382,6.577150247112021
1399,122.72663952999969,2.367840271030453,37.75746372440825,6.812245270279428
1400,116.77054171315658,2.1900189217826576,42.09946887202533,11.249077820163775
1401,124.54759222525797,2.1361788518894054,42.55732026819701,10.628040612497392
1402,120.0280456735107,2.0502500752038166,37.21019410825511,7.317665703048416
1403,120.38779145485469,2.1558687853517435,38.25665598308118,4.630333152661394
1404,119.52503315510354,2.2602226334201387,38.246823170253286,6.154509602529517
1405,119.25804579176325,2.3965832412923525,38.591962962986486,8.653473375741656
1406,123.08401183488523,1.6749706631806398,36.9986940254479,5.035117645698357
1407,121.76772055031267,2.033647765147438,39.822582290716575,8.954752148441038
1408,122.95524442420913,2.231819248437801,37.911833485782374,4.427564310909072
1409,120.97361593154328,2.180227376807543,39.231439510379275,4.878587341505389
1410,122.53959943323154,2.280675248505345,37.7758286816005,4.61928625080559
1411,119.74345376822488,2.253508057225311,37.5967542728945,9.990886545770765
1412,127.68919552422865,2.1390264274013187,49.2997219880579,20.254837814551344
1413,116.2962087507085,2.0946293608025646,44.06030498989399,12.342464159167587
1414,124.78281197068895,2.1508997020529,41.39852568798606,9.841035510063822
1415,125.10372235216292,2.4297484699645486,42.618298831368726,11.566273054483657
1416,118.44352358210323,2.0535984134188574,39.091562432250036,7.196254884313694
1417,127.68782083166792,2.187438655371209,47.829887291565434,20.91523536845167
1418,123.98647084883595,2.2366684427996844,39.16823251785174,2.269074930388692
1419,123.91341702046873,2.512070185974892,40.95223766089483,8.573687262108196
1420,131.44692915359994,2.1399383483527377,49.11163651931676,21.41398030887006
1421,120.34832152534398,2.3917613312021926,39.875618277478026,7.518063527357809
1422,120.37177351888117,2.4463958806530046,37.70782607056358,7.994443685955556
1423,122.17159178895855,2.1872491470018707,38.326588287209724,5.642545051479049
1424,125.2035588251017,2.1578562041846476,42.79785311992508,13.153679725644738
1425,121.54394265358425,2.134189265590357,38.09372949971292,3.620731958835246
1426,118.26566913058812,2.1488353731514835,39.287354389609746,9.498014073049537
1427,123.47328118715494,2.370847972115367,39.309738225391435,6.6105355023148515
1428,123.76345223918437,2.246201995451103,40.752649045484794,6.040378454754498
1429,122.96397858534336,2.2470579418339742,38.05316394784716,6.515964538523259
1430,123.23649671957494,1.9749552979240332,38.94893745813937,9.771521556790322
1431,120.18721560952658,2.006501984524953,38.157680135192365,6.057026429004564
1432,118.21303249860826,2.628689364955396,40.74628356247221,10.912194414655891
1433,118.39541970807765,2.1644348549422623,39.372630020709735,6.526624589106156
1434,116.09361025462643,2.045045600884328,45.46594418676399,15.811563104913816
1435,121.71084583463785,2.4862198331178598,37.923320102878726,4.502967563191192
1436,120.74965365032021,2.256361709736711,37.72856775876922,5.927527261859864
1437,119.68003688641087,2.3156309833729045,38.17806803073062,6.499835009019511
1438,112.13314352696479,2.1723905849436935,53.716681902559806,34.208085420755765
1439,129.8070994372356,2.1362653818846393,46.14726326324374,33.71242427535974
1440,124.3625219542095,2.166082725500542,39.850641588672076,8.12676169431003
1441,119.0061219998106,1.9234523659402747,40.2376167041408,8.47599483164036
1442,122.08177503297053,2.182414518116021,38.21770091759643,9.026564897471143
1443,116.82794371007424,2.2592066154085235,41.247758783449164,10.54127263014718
1444,125.31611644707769,2.570092646768751,43.570191155369514,8.716683677056029
1445,120.56791701983597,2.2171998130010433,39.90248561385515,6.464118718648419
1446,121.8701211894506,1.7331645915579392,39.67302334764212,5.168864100221956
1447,127.97733937564506,2.1812029134430757,47.686610251161746,22.303157526304908
1448,125.5493203017682,2.7479008266216614,41.95889100154529,13.744830283143944
1449,120.08030313613882,2.373273246997008,40.362568595084795,4.974538438802552
1450,119.22033944538892,2.037822211238282,38.98614980212053,6.1245835429549125
1451,120.0233649654414,2.3182213028861116,37.888687040084704,5.65362046626869
1452,122.52969474542961,2.051597315022052,39.3768100767199,8.964545193341262
1453,120.68432759724739,1.9292384960906286,39.23068167531885,5.589002460455309
1454,119.81426756498959,2.130326127353186,37.623572024521934,3.7678740471355705
1455,125.40154375212713,2.2183052878477723,42.52551717875957,10.128174324607258
1456,120.65737032466649,1.825568899513321,39.13769900383268,5.791702142033984
1457,127.89876727911195,1.970168141892273,47.07811321854423,20.124576088727235
1458,121.27222769125652,2.2020671126364713,38.031118290406475,2.7137914940969092
1459,126.35595518267418,2.118365364802209,42.973708718478306,16.68415435526626
1460,122.07195826813188,2.2789622542292185,37.07250419998341,7.134280210179265
1461,123.88888171974834,1.957066334538288,39.16032017697679,7.758327395734709
1462,118.82616684544682,2.34282274971066,39.61216457389899,7.6825294284151955
1463,118.43872233223776,1.9632481805879611,39.05680436973731,8.134669111534055
1464,122.37911786504496,2.528546860387526,37.64033078888887,7.250043024734515
1465,123.96565972739594,1.8568483431243368,39.99679575210356,9.666847993636004
1466,121.1207695060014,1.9814891459233177,36.62685348626785,0.8146853882039302
1467,117.14081999474891,2.283474160606366,41.79108333024525,10.279746484257123
1468,116.91922490113203,2.5328466502995277,43.02126370400897,12.260681431359963
1469,116.71859079344128,2.2630086072232345,41.937657405495656,11.176840814031793
1470,115.69713366118185,2.3125715840364784,43.94330731766129,15.407301743247395
1471,121.32845607834126,2.203507380334612,38.471862770846535,6.889019155410302
1472,124.37513176512408,1.9947203091769614,38.07196987243106,9.63269547103625
1473,120.95975263922557,2.1019723303521243,38.644537314928286,8.214821898540018
1474,114.21875572798645,1.9576180560037448,51.83902321737149,23.623421110956834
1475,120.42771861899635,1.9442580064446258,37.924839850051896,5.401211617316624
1476,120.51160301010218,2.2803497838639495,37.90952691588348,5.227002959604837
1477,127.28799625067631,1.9753644035824078,47.590885706793884,14.20803050761933
1478,116.62858626124134,2.2639108013446725,44.178435978427316,11.600536371989847
1479,119.82796719220241,1.9396354495557806,39.47216681188282,3.54489730901492
1480,126.11755804163369,2.259276604023351,41.174939813787454,15.064503283922482
1481,122.34993502403964,2.1022634862074074,39.07699001040365,6.412980879211117
1482,122.68993922054928,2.481323106730129,41.714612979503165,7.752103460050945
1483,121.34375331107164,2.2647437791158134,38.772925850663356,8.055365068112195
1484,131.69732699273624,2.4471565785988285,44.87238211580039,19.378820805999688
1485,123.3328285908356,2.0488706567149615,39.53545518083074,11.509480593438763
1486,118.5715410433217,2.211228668048834,37.76060613733035,7.982507117890695
1487,123.6341757367246,2.0037825683767445,41.005918425751325,5.570219125492068
1488,116.88099094934338,2.1172789514511168,40.585512717432536,10.426453070588671
1489,121.98510391849462,2.1475791554510746,38.30258690228179,5.168706345027627
1490,121.53622288985898,2.0548283558625724,37.0339216948837,6.66646611773913
1491,119.15112073542367,1.9568994282308612,38.09630032863808,4.991374266830362
1492,120.93194417402306,1.9172965352694695,39.78439972603147,4.9652644693503785
1493,119.13237954200333,1.7320503768585207,38.89150995640052,6.430929655861729
1494,117.78489601941477,1.9887307072993086,39.60307362484363,8.31129530831126
1495,119.93915577515907,2.325498779334369,36.87331233819918,7.354434351305921
1496,117.68803409388502,1.8803002935973436,38.16716421223963,10.493569856381441
1497,121.96839239227974,1.926375430749339,36.704775681366336,7.928045182085972
1498,117.54974351754291,2.558179714246583,40.753290444575434,9.070649102157857
1499,123.13593106897315,2.0727007900303493,40.17996485937625,9.261320157757897
1500,117.45556279621354,2.2642092018329674,40.091445929242184,7.4418675272962655
1501,119.30111525325698,2.328463429300099,40.51961838506036,4.011081542168889
1502,119.12618977535446,2.332505225956256,37.91145574008308,4.544064630330974
1503,124.97544018662451,1.8955371538783883,41.19129336157855,11.048024683837953
1504,121.99086983684978,2.153788064020102,36.92050900298261,8.00791867159251
1505,120.36479859236681,1.8763545460963218,39.27767986369845,4.557362544739381
1506,122.49615832320917,2.6892635717820648,41.00948047703726,5.425423275901843
1507,114.67842295801094,1.88102494719688,44.677533632393256,19.097985384674292
1508,120.87059923107728,1.9904319562260362,37.588289320617875,6.5369512177470055
1509,126.9925425334143,1.9918798290316992,47.41806033971151,17.20897255913456
1510,121.39703951920802,1.900667904655424,36.29834625784813,4.5950236086848255
1511,121.203739507508,2.4705187819513093,38.68915284148762,3.0928169513780186
1512,122.6443851389266,2.6844895802166993,40.06064718697606,5.417302869674105
1513,123.68681572994304,2.1048501761374765,39.682049905895454,10.146073723617864
1514,115.00759992133042,1.935915370631118,46.56026459975277,18.231767361254956
1515,115.95302055462692,1.752614900254796,45.71692319819717,13.083462414260188
1516,121.63087387325844,2.1511782562955797,40.42567227059259,7.8643597962981175
1517,118.85537031430746,2.1367269153677113,38.93751537188443,6.056418467355446
1518,124.93607578665974,2.0697407747279715,40.769538952473326,13.478362452483626
1519,120.05447683034433,2.244275050795246,37.09270696086982,8.33939748274468
1520,115.19640779286064,2.2790346285630974,46.58232713200358,17.38940980484345
1521,117.195958249468,2.2646166515875805,39.537430731404754,7.867367624657643
1522,112.75097194110828,2.136775025606303,52.66713321601481,33.4373634783564
1523,120.29762338815127,1.9796756340851478,38.23176096421722,6.369763417981421
1524,120.43484761820685,2.3331666195613434,37.466664371959716,5.028792380629204
1525,119.72661187065431,2.2025027518843063,38.692518130173816,7.788561311380581
1526,124.23663711708922,2.3776715049669304,43.38209634404962,10.430681956340283
1527,124.59555950955009,2.3580151098944464,40.69825229266168,12.38450589514621
1528,120.48883472993167,1.915647586190577,37.53499703241842,4.399225457039598
1529,114.59591899756943,1.9131555585084796,48.241093956110504,20.427540862986163
1530,122.85184474147678,2.0488918562518945,39.04195274121237,4.565698716846437
1531,122.66608068552573,1.9887469183418665,40.33788439260367,7.670940610072879
1532,121.92817471047084,2.35105035519522,38.38715696827834,5.760226237276233
1533,123.94443924792435,2.270261935197584,39.609231097072566,9.040219529527322
1534,117.50551571061688,2.4198367987570624,38.54604263301054,9.510567654148069
1535,127.02626615855542,2.279297363482184,44.04581280645096,17.758779457753537
1536,118.1217167405744,2.241729916374674,37.6197547662152,6.836763969294895
1537,123.24766878160257,2.439945956068834,39.566650288935065,8.690979619558394
1538,115.93795691675994,2.29394546794701,42.002642263006315,17.14996532793706
1539,118.20920593818985,2.213620192687544,41.22016976809891,7.2239829773640185
1540,125.549105940176,2.4960906067861375,42.58905614591496,13.739400608178586
1541,120.21730053099745,2.223036176630558,37.84175175800891,6.492346984960343
1542,123.5197678153984,2.139131879016416,38.384204475328666,7.736806505659106
1543,121.71086616615774,2.03243534824447,38.857883253285564,2.9289934271092433
1544,120.68512553199947,2.3406050918090826,37.0564147212808,3.1918258437104488
1545,125.09155097479807,2.447410108368494,40.50052005857777,9.953508770707028
1546,120.2900235260443,2.189882519713314,39.536914555311945,1.826214805320225
1547,123.0199747809306,2.461583124755968,54.82486610157757,35.30107003073742
1548,118.59027972414488,1.805996993605685,38.995570083832874,8.194228945277034
1549,122.65357518610509,2.1889093250384173,39.371267978823006,6.403078926517447
1550,122.18652731908753,2.191981017579113,38.32044460509987,2.050322002947274
1551,126.91831450955281,2.0546011255185306,50.753280364618774,22.882392569962384
1552,118.8269724417754,2.676772207596375,38.05863324628624,7.1485025703447285
1553,119.25483595239326,2.186761473462248,41.15450979236575,10.112841081441852
1554,119.90359121765732,2.1184538456791135,37.568920726748125,4.663179723727807
1555,116.87225923419534,2.205192422686701,43.61563323487081,13.018221766332362
1556,119.11488667564157,1.7994372522948343,38.55516087488284,5.879953952170861
1557,118.81416854422142,2.0480264149310172,40.019645552461604,7.271681370294853
1558,123.31459977928576,2.396647993889081,40.05969006925069,9.561511176401662
1559,123.42736393297074,2.074210929013445,40.67248315205923,6.939520547780725
1560,120.56256862573355,2.034224967439946,37.0333477169854,4.324782338023583
1561,119.82388061238781,2.46190512730288,39.59507898059643,8.53666688229562
1562,128.9579950907807,2.468050880190366,51.54567239000024,20.145806560194316
1563,118.55027467763327,2.3033980944322288,39.00982233901963,9.564573117320768
1564,117.55950375349768,2.1089765331922665,40.645790453453785,8.409507039676358
1565,118.17933637322285,2.1521057869767355,39.12221555401701,10.81666372952802
1566,119.09556050808563,2.0391700076850086,38.382192248617756,7.261940516589378
1567,117.50957860062319,2.0010453761942713,42.73397649866906,10.546682268016044
1568,121.48617867718862,1.9911167023383136,36.84691990399738,5.819662157726021
1569,123.18914702135112,2.076389118642959,37.923777643618976,6.267472670787963
1570,116.23870509760528,1.993055801863051,44.920465536162645,13.431446142758544
1571,121.0753861336481,1.8872589762913703,38.75070838627824,4.705326645820384
1572,120.34019261420099,2.2438805339507812,40.64022037184911,7.37955393798484
1573,122.02452605661041,2.2469191161786877,37.69039743555719,5.501875873512197
1574,120.96118369568923,2.5401585516856633,38.15186883989076,2.8068143368891016
1575,116.6392021602051,2.06633232632906,41.390830383377,9.132832506865237
1576,117.2128321034285,2.2592201179246545,41.327342351278034,7.4118315627108755
1577,131.1662948906484,2.2625425158549604,45.71121907276048,19.324722649071006
1578,124.08634275923653,2.1492324877748934,40.9175580260342,6.761221309149915
1579,114.357437886871,2.3488667177499356,48.09536781408171,21.48342539588132
1580,122.03717973940473,2.355045837370143,38.16759760364386,6.122343765625629
1581,124.56886601586292,2.2654822190395083,40.333659831100285,9.841406152875853
1582,120.54092237138136,2.148872058990441,36.97266071435987,6.362892660272607
1583,122.65060748807932,2.128493978289093,39.472646611974085,6.738523144659175
1584,118.8907927573066,1.9264492202405883,37.57341815953458,2.1795507804148953
1585,120.64190140216937,2.038816444276462,38.642486707728104,4.962356678491611
1586,116.13725944507554,2.0755984952196624,45.691515728762894,14.541371637891631
1587,113.96697007474337,1.9752056475141133,50.66459797087531,25.764737534703332
1588,123.82829740367582,2.2879847933375332,37.953685033595875,11.335366881122278
1589,127.38489570920092,2.4393255737974022,49.130373452281844,25.133313136700743
1590,119.63341646498971,2.01838751353417,38.91660201146187,5.524137156593438
1591,116.84067324018942,2.2566882871489278,41.72166149445558,8.73599301853234
1592,116.77009089074838,1.9931777720940582,40.25698197401766,14.498039010583595
1593,120.47848689971615,2.139015565812168,38.52221384279708,7.4183327444860785
1594,118.81126841759306,2.061934084164445,39.04189983262207,7.807749275292677
1595,122.1339129939841,2.3203791297212883,40.58005739946825,6.24898628754247
1596,122.35761525693877,2.0642423652315647,38.10161177775111,8.630227695684578
1597,121.96254893897382,2.4023320827413297,39.60543416357423,8.004660511540123
1598,121.71580237278533,2.1508558452675604,36.59221598435876,7.763811016890807
1599,125.73330461479566,2.070079258081034,41.695306809342284,14.163484149364118
1600,117.79721869286534,1.9493389475309675,41.12271213406425,8.461621896340422
1601,120.83519540139125,2.2506409020590703,39.30645225898782,6.890330892134511
1602,124.39806946155876,2.3790436804452364,39.391441463137944,11.010282052411597
1603,124.79361942801411,2.254664251307375,41.195033527994035,10.193894482346609
1604,116.73470905196628,2.647766333282885,40.34450050346835,11.235199351080812
1605,120.0629336750324,2.485957490494084,37.97571673385885,7.847296539290678
1606,125.07436328760178,2.138494447056597,42.65640330660754,14.305561665560317
1607,122.52423731559719,2.1363945132385864,37.98917566777359,4.964242382344045
1608,121.58578909443932,2.2939393438970708,37.77665110276352,5.146024086301059
1609,132.03660122170248,2.0323961639148633,42.90464990047711,27.94902185646172
1610,119.84859722287676,2.4332576613064973,37.513630141786855,6.839883120255986
1611,121.86465718927097,2.272320104368717,40.274212151547964,4.821411772600962
1612,120.24287762504655,2.2512917821717067,38.21362141400469,9.090969136348583
1613,120.87226413686666,2.3373907335541633,36.800820299179975,6.265482235736955
1614,121.2357961183451,2.544565976673812,37.63450561817226,6.475950068546313
1615,118.9657854145195,2.234191070437501,36.99345323015208,10.114301489644715
1616,122.59638812164431,2.1773919258257233,37.3436684771157,5.583648336784205
1617,129.74273394524627,2.501743924664516,56.448194991075255,32.0932115154804
1618,115.66904008202178,2.3935100831982274,44.08123049309595,13.19071676424269
1619,121.97203757256995,2.135804031923256,40.47674476066874,5.520469114814245
1620,118.71942973414329,2.2010372897318042,39.02980275605688,4.640280715044757
1621,122.73220773255775,2.23907618318776,38.61694516289143,7.896319107604215
1622,121.13967241998358,2.2723625889209966,38.773364834929446,6.26282208484241
1623,123.28556432212739,1.9286800298121773,35.94213184086467,6.829606742034192
1624,124.52651972952634,1.8915030784396882,40.981922296986774,9.671956816886365
1625,121.57726335330455,2.0225219955995093,38.014527469721905,6.987271090014126
1626,124.39615686524253,2.007052311397732,42.32070059195165,7.492425552265075
1627,113.96710631863397,2.0712351972054996,50.03916585034396,23.17905989810394
1628,125.77135689374806,2.326942128418001,41.64805623099762,14.727163964256746
1629,122.12518645567702,2.1662141687350527,39.76909614556168,2.7350222566806237
1630,124.23353006723555,2.239278921002038,39.9854802423604,10.392389253764351
1631,128.55586179062823,1.9551393179915477,49.670689633377535,28.398977623374115
1632,128.53771570845925,2.1076715594158113,48.996660176282965,23.351436999547474
1633,121.43781488243432,2.317451532348968,37.798846784885235,3.4729846675769362
1634,120.94888633198761,2.3189904916353603,39.84673315038692,8.077158255192215
1635,129.98081285968806,2.0550852343624184,50.32486809824522,21.950567295841942
1636,124.2535454827899,2.2323324772759108,40.57561351095137,6.234603567466214
1637,115.70433905409145,2.639769570696467,45.25046196731116,15.555442553780736
1638,123.92145721515193,2.1964804141488727,41.189126638903176,7.742553926949667
1639,121.02484572987377,2.061362610771511,38.94046192142121,2.7919266470074566
1640,120.38865441662635,2.165247522127568,39.78557972028625,6.577277556287392
1641,116.58665429684532,2.218435421505367,43.01549536051839,8.732468791034421
1642,122.50914600513059,2.1697663238618903,38.70223652392839,4.43189883203094
1643,113.75767644690688,2.1937290598646997,51.02628157299684,22.822544769933135
1644,122.94518203371614,1.9113106406126321,38.72334592364568,8.268306906381468
1645,116.52368249358102,2.00747390498281,42.44812787163366,14.844939507019236
1646,121.16037373785242,2.1701329525857007,40.071550642630704,7.4940099527170965
1647,120.64249348801624,2.166946405995513,39.97442735289065,5.268840994306758
1648,124.50861444188165,2.086762145028,40.698471598083714,5.439476514991882
1649,120.46403449295833,2.1645972827847126,37.51893509267571,6.3040760968518565
1650,118.91758431656301,2.2122029710828413,40.70982831754756,9.664792008122827
1651,119.4801919120864,2.3778826913049054,39.46866168679753,8.529258552495083
1652,124.818648306264,2.18015765295479,41.586753980162065,11.437034427965203
1653,122.60889090754269,2.2798206410596507,38.18322933729424,4.2648805075215215
1654,119.84311005543051,2.0916799397132158,38.692482650103635,5.022885413814948
1655,120.29066074010646,2.3144191447196967,38.084645528972544,9.156972682711423
1656,116.29846872824366,2.2751460595224717,42.06576137035901,10.686425542360526
1657,122.16542260255463,2.3731634006359643,38.45365695966463,3.909259234220126
1658,115.7205528769136,2.342692092488898,44.45047247836989,16.95198946601035
1659,123.25538939750636,2.3177471245762296,38.668617813260234,6.50428682638449
1660,131.2091556461624,2.180316518268444,48.54234555319568,18.731830652379145
1661,128.16085539872176,2.2489878454088936,50.82772587988177,26.197595636192354
1662,117.69959333882709,2.4127017856903055,41.560267740791694,10.142340205851342
1663,120.6920137268781,2.0695850861194414,37.68937015751814,4.84595734467211
1664,126.3948631027692,2.0743184442606273,45.30998634250255,13.624197059548028
1665,124.57416892087424,2.2362862795900726,40.903984041439585,13.65647103117806
1666,118.9113638452603,2.283055938053091,37.47683304283574,6.982827071666154
1667,121.67190228512034,2.035178700147199,38.90659484396228,8.173198950707565
1668,121.00599806924527,2.1850474873173384,38.17536588405196,7.108552972189127
1669,121.84586760218247,2.181200245154243,41.26966584257599,4.812799389153849
1670,118.9039586920455,1.756943976879306,40.71527065215762,6.114392200646448
1671,120.73203879189779,2.1560812021482483,38.8691768943119,8.128497939447714
1672,123.73735253858341,2.1685364334303068,52.54763114932152,35.73724778748611
1673,121.40537035560425,2.1679414114353963,38.23261823361422,2.1790650368036286
1674,122.3500620202655,2.4831828549154538,37.19655955652421,7.127538080265121
1675,120.31774176206835,1.956840340298225,36.01562011406974,5.444730057626444
1676,116.15484732824564,2.035075485759078,42.117540039875976,11.856444851123642
1677,123.9655955885544,1.6775608403361333,39.877586161063206,9.049307988689602
1678,122.0935751139784,2.103816666765172,35.73645230273005,3.489293061693997
1679,118.82195470689707,2.1208712891748,38.39046773501042,6.3207388162197535
1680,120.1581986594858,2.098004564733149,37.858762849566816,4.310767604926082
1681,116.49799179165448,2.421535467896752,42.20046527557974,11.69420299232284
1682,117.92376961666629,2.372123504467393,39.28783422387023,8.683456391379327
1683,119.38656596092858,2.215571344853461,38.16288069039787,4.583089298022137
1684,124.68526243684045,2.1258773892920275,43.056527623993816,13.085127981907451
1685,119.08148982733758,2.4052379336213727,39.60432421996275,7.676148269022645
1686,122.92064097798628,2.19604842803283,38.13918865631265,10.021315069299732
1687,119.38505139141526,2.0363459922163085,38.491755635806996,6.124676708588991
1688,121.74384268255562,1.8567502645030898,38.08775042322342,4.705833745602245
1689,120.57581349356859,2.1117371012208634,37.11803900180429,8.72812507337092
1690,123.61916980027823,2.3509287234345217,38.586254836099066,6.860510123168151
1691,119.39556598534432,2.6553077379086183,39.77895469601657,6.080047338004025
1692,116.28241524999268,2.2123220692378953,42.39249203915018,14.58554739462073
1693,116.8541529059091,2.046928896975939,40.467734923630985,9.287910389718576
1694,119.40436751817172,1.9630069583431573,38.508361050871066,7.671445488601481
1695,117.25282008796584,2.31039097926112,41.230710308248455,11.464499771699591
1696,122.23063604703866,1.8470767895231464,35.965937248627,8.314848350562926
1697,119.60269550542577,2.3100690202809777,38.380645537741984,7.785441053113323
1698,128.1238196500793,2.3635423212525826,50.20631333072622,25.602043277579202
1699,115.78685621458861,2.287255890646573,44.52038625064835,14.81314442366555
1700,121.61089953612941,2.1560676656122886,40.75785775174745,4.077812811462386
1701,117.616140929483,2.312988130709363,42.02044186478106,13.305649518542126
1702,128.94450428901928,2.23418767422566,48.689144781139255,24.678333476202955
1703,121.42425842002163,2.044375231627882,41.39970206862822,2.995274780462883
1704,114.02388587537715,2.5700824644750053,49.616344535677264,23.55038937083276
1705,121.71047835036408,2.129664124077897,38.306735736513176,8.601647706936854
1706,126.7087223868225,2.355150460089982,46.33818083587545,17.247520474078435
1707,119.63968510489423,1.7162771434608572,37.73601673497227,7.946406474310292
1708,121.77942357041653,2.455294176556186,38.26287382586055,2.1201804762927705
1709,124.07476507937619,2.4937527489309166,39.3026464928433,7.909782170746901
1710,120.50813949991901,2.205966757425328,38.53080535441424,2.2115683101811054
1711,119.25711943440555,2.311754206947552,37.88598828088012,7.967911157885975
1712,114.17279078883475,2.3117030363215125,47.43005863503027,19.028758576696667
1713,122.92297215818492,2.0714432860718555,39.30968877438057,4.4941637495452635
1714,120.66049477081332,2.3094244610878683,37.86010430720524,6.465587699156311
1715,117.96194844583552,2.038273906025489,37.71752123120738,10.641698869648343
1716,121.37979013083309,2.078248615270935,36.2850646139907,5.264341595404784
1717,119.24895892958146,2.4253886286424597,37.297832072910595,7.599461197997692
1718,119.41472160665343,2.3949315381400407,37.49331738123375,7.347606354915585
1719,122.81887346832613,2.0587248995768417,39.22513414800613,6.2701368958268064
1720,116.98485276602847,2.053284731299792,41.809436224789195,9.172022689468989
1721,124.14194585822128,2.0708806795084658,41.450136476757685,9.9719428539902
1722,116.80694151064479,2.3465279132930985,42.771344876463964,12.757181066698976
1723,119.0118957749342,2.000003043837921,40.15584639755857,8.492639368966032
1724,126.76883858219973,2.2713425278071906,46.05156511899572,17.7095440689587
1725,124.38206428492727,2.349369362126859,40.76805411293351,7.400125745320418
1726,121.29281197748632,2.18235090994138,39.33808463866026,6.772620889420333
1727,118.17840935349635,2.4020127393729855,40.85479758090423,8.283994877341899
1728,119.41218307990032,2.1391379661020418,39.005970206850854,5.513479500332179
1729,121.21982594375709,2.157228879801217,39.535917403052885,4.986568698993361
1730,121.1125696970188,2.004550753773629,35.18784193506704,4.2619722567377325
1731,120.7273872111221,2.4034354695240414,37.66779409221661,7.125930008368896
1732,120.90750245774744,2.046695910604226,37.63493371618893,2.950388007918931
1733,120.35687467088466,2.269954363543012,39.47421369454682,3.856488883480845
1734,116.67406379307997,2.185736786574813,44.002693290936094,11.458012230810539
1735,119.4504677735175,1.9894433873776676,36.78801578234741,9.245119069147933
1736,123.74387216196054,2.0781793712353362,41.349744186039175,10.032797042780828
1737,116.89499710734665,2.476574447808147,40.30149650148079,8.44435361619731
1738,120.43133346538217,2.2403315085268964,36.70168566339775,8.045608329412465
1739,118.54073821368746,1.9981699317266317,39.04941023460293,10.04574537733663
1740,121.33405128819433,2.2610656574697385,37.64270209133264,3.4258416052597447
1741,119.83410045679955,2.1707771936810913,36.428950048203454,1.4371377236186573
1742,125.43218099492401,2.8908092804488366,43.10158380997951,12.245481009892922
1743,122.51974946257076,2.2570247682684546,39.323403364048424,8.328737386884118
1744,117.06459050266837,2.1238750305867273,42.67208845596777,13.78487831473117
1745,123.01368403484109,2.484005583557421,38.37193675054482,5.351734111410614
1746,118.67604443121381,1.831792766541431,39.140670028885374,10.543831708385657
1747,119.2690108858674,2.21886403127622,38.62267853103085,2.538434847165882
1748,121.94145706032137,2.598885698936215,40.22058963697653,5.147728383857416
1749,119.52475774080959,2.176760143128049,35.07770099996641,5.510739698567083
1750,123.67856744896886,1.8533397910703844,38.4301059685217,10.085359897400192
1751,118.67646981545981,2.1208164071178808,39.194383365413415,9.726521820155881
1752,119.14316034222591,2.4909036081918075,37.455843491331564,8.42435130991902
1753,119.03088731935567,2.2752139192641545,38.543044616071,4.4261015744333925
1754,129.28521747860617,2.0322287780974966,48.662104401755286,22.317932535414123
1755,124.29757466664344,2.0629514385641956,39.60305637950853,10.222175082199298
1756,122.8863888808309,2.0880599457700377,38.86022457346215,3.737240159899605
1757,126.12983186203621,2.2722395768107995,44.543117618517,10.98968633462363
1758,127.80293261169777,2.467639226587731,47.898056532209026,23.56634296379276
1759,117.90784890420298,2.4104846025598343,39.55967396707003,8.52231069797091
1760,131.6197099778095,2.291202436421826,48.425163167564435,21.17619751205936
1761,117.4713990500697,1.9336710479885035,40.73030181007206,9.483149160671354
1762,118.6671822167552,1.9344134972013118,37.1088650597598,8.059987529441889
1763,119.10975246923299,2.306650404242753,39.33993256161911,6.601430476648192
1764,117.82853537758518,1.9309057804134213,39.671599851934175,6.226790672303109
1765,117.84433818130476,2.1548865957862793,41.704646422846864,12.379372956305222
1766,120.56714686443924,2.2608300892372357,38.75048377490322,7.373168987115879
1767,117.34984474484078,1.9724812009274624,42.33527903015221,9.559592272356022
1768,123.5263808774129,1.9951475331282276,38.19096752184878,7.202739737591042
1769,118.24673938774745,2.1811757870864366,39.22203371035096,8.80023271012716
1770,129.42870691028918,2.300730057504811,52.13853185455355,28.3317665505122
1771,119.64584664710681,2.4123037540827514,37.55719143597822,6.722623541869699
1772,121.21605292575116,2.3214106869541107,39.51279586008995,3.121019217004594
1773,117.1139764466019,2.2147313189984392,43.10724808617126,10.65845107982639
1774,126.11827527438292,2.05076104928859,42.385523238793766,12.565430924783513
1775,124.35850204240874,1.9858186008310963,39.93156471116927,7.4352864209142115
1776,121.89074761220834,2.097824582334171,38.083120081475336,8.74000166254198
1777,116.95959235366131,2.2819871169961137,42.29420343886201,11.32031949171946
1778,121.63200063317386,2.267324741325469,35.97610113982928,6.013130353838357
1779,117.63570686194824,1.7800196028549757,38.566462932289156,5.840980161613383
1780,125.38706579042008,2.0428645943465,42.8217475475312,11.161618021978072
1781,123.42758419555952,2.4409015103212313,36.957650023135166,8.392789572953449
1782,121.2863171154632,2.215843009560828,37.481878160566936,5.8781374004180185
1783,113.69087301025803,1.916598217379403,49.947644387749,20.320914394824403
1784,118.04975206402291,2.6711642363196306,40.4136709983419,8.919235259290721
1785,123.06328339479961,2.1942116535370473,38.766508726143684,7.649804274928974
1786,124.63865107516946,2.2768667918626817,40.473843899445974,12.444695173148821
1787,124.3275094344764,2.2799049512090273,41.44939521969625,8.195895648696283
1788,116.22396099327564,2.126480906767963,43.360567802264484,9.447968311569207
1789,121.90465692043871,2.0544852636357214,37.40362896527173,3.992254097044899
1790,124.04654564944879,2.624334997013188,40.08718436273726,6.773787067997966
1791,116.02499330325327,2.4006411739235505,43.90495498637589,15.488818051440143
1792,120.97628645388029,2.3643874402217353,40.062008402840966,0.6100709571827778
1793,121.82152719492537,2.3152578383436424,39.092067926990325,4.929175798069959
1794,120.09770624545979,1.9993365219276633,39.63657771143083,8.351378759257852
1795,115.4435144337964,2.455506038348055,44.05966813087482,16.319068579700694
1796,120.02290566977881,2.0313734683976503,37.58101744512709,7.447519934670202
1797,120.01808370923493,2.2566573596301294,37.92965912107978,2.8822188603324843
1798,120.55578278635674,1.8721220189070864,37.87112518927154,2.685484002742562
1799,119.3095857237248,1.7918282298704962,37.41902014423224,9.087161573023682
1800,119.6709635402756,2.263658240530623,39.907714692349074,6.30040592730993
1801,120.88088115295906,2.0381801465610185,39.063143611249025,5.690860106878586
1802,122.32736381490913,1.8021664857405455,38.020803399806816,4.103988053402951
1803,120.08671971142999,2.3081219005894154,38.95355057362454,5.973335422032098
1804,119.771053214896,2.624016154210158,38.599747239740445,3.9659209472039367
1805,121.27706211476337,2.4779120517160127,38.88068152851382,7.663234003433173
1806,115.23725222231445,2.1485364229468655,43.69286908059758,22.033336959989605
1807,122.43110538167937,2.201769061339389,38.275780487126845,7.0879158113126755
1808,120.99831070863112,2.377541251356783,37.93035439432822,4.357097504966086
1809,121.11908057979268,2.4244256039669816,38.751490160120404,0.9443780696789315
1810,123.88220292278339,2.1312928562348605,39.073435489963686,5.375447384659181
1811,115.14155340985525,2.206835543144915,42.55079035000843,20.311240053201377
1812,115.0784983904231,2.2601229613529075,44.41608022746928,15.919918141389674
1813,121.82141153597055,2.3107752640557666,38.075180137660524,5.068648131963205
1814,120.97864943461445,2.173384711597747,38.0767613568653,6.67974630056732
1815,121.5105308295758,2.1759829509862514,40.0778389272984,8.2593462436328
1816,119.61361877448266,2.475966465950878,39.12214736733245,5.813462057768528
1817,122.9930610227198,2.4419041404885773,38.97174062794046,6.161901918700851
1818,123.79791652897336,2.2954821146872177,39.68336458654479,8.368835767405049
1819,122.45194688185458,2.543821814004586,39.78881300310363,5.108104341753943
1820,120.21751462478625,2.1227108475547167,37.426569797144225,4.681424610920873
1821,114.67693183715679,2.5245946897258764,46.627521472942796,20.234801058747482
1822,131.5059384395715,2.30850308870711,46.98612698308697,22.788483574828437
1823,124.66518599865277,2.854205224442918,42.65807670747284,14.038645493457567
1824,122.93367523595194,1.9615036146435045,39.293600706391366,7.598612841290597
1825,118.36107271789749,2.062130949556532,38.68303822884476,10.009440006647628
1826,123.02138318100327,2.2837595656401097,38.761571779795474,5.001783169453383
1827,123.58158912388434,2.2794468105957986,40.07779344485028,8.777893963649761
1828,125.67644874339726,2.590027796835004,42.51035533165007,11.852844073485723
1829,118.37167022731613,2.0663250633400936,38.8784210806197,8.62965696182556
1830,120.32063624636758,2.380983703738777,37.3164093009637,6.900863565019048
1831,123.24181615343036,2.432492600936399,39.51241700556123,7.348772802226112
1832,121.17223021431447,2.34092956644413,37.576860779226195,9.843568435007612
1833,117.64801719384617,2.007800731615136,39.927364239489904,12.002889640858026
1834,122.2438488550801,2.4815517610508397,36.73710108827601,8.160547590091802
1835,122.7359849014455,2.445864986263083,38.75617027900289,7.930490398582391
1836,121.263888688993,2.3199169039580756,37.797852066288975,8.698422505976536
1837,121.65875478153983,2.240869537441791,37.70949271131399,3.065340516325966
1838,120.22388229494281,2.2452216020088747,38.37104372524917,8.17733515461917
1839,125.43483680714817,2.1842528415521247,43.22451376661105,10.599482365513529
1840,118.29792344886197,2.3281570268505285,40.448146457734765,7.039615776553393
1841,119.23803771170866,2.206226970588996,39.34626664425911,7.597085286187306
1842,121.03295654058257,2.0302950049294717,37.711434615021915,7.720176444667812
1843,123.63686208310268,1.9902816710344817,38.84927115883753,5.857126638829088
1844,116.50788048971638,2.0495927492695416,41.186711523240625,11.640117413314831
1845,117.06910975070369,2.2444264485098904,40.687629784637124,11.083722083706844
1846,114.88681447679585,2.1946088327129587,46.245208307208706,18.2444042259372
1847,121.09808567575982,2.24306875865775,37.058573229970655,7.0406249901495785
1848,117.64508254838037,2.3001626267092226,40.59147221052096,15.624084596285815
1849,119.84634966994625,2.0745358148166244,37.13425198499305,6.720595454758178
1850,122.98413456967512,2.49313203366907,36.87290353111915,5.554522908010787
1851,119.07537183765146,2.1464578345905054,39.79820992896488,4.462752752006599
1852,121.69384606823009,2.1133146030436984,37.53661540616862,5.083040783785332
1853,120.10198627674484,2.2964772474664907,37.17297391850534,4.089800231652287
1854,123.01634294528931,1.8326979595249857,37.58182398250703,7.76456323111205
1855,122.42538420204403,2.0418931100554163,38.95462159683255,7.02474098761445
1856,118.92419891147617,2.396214559738367,40.597858288767235,6.174429787545932
1857,120.49404473979864,1.852515614187578,37.57262932636422,9.16251577867471
1858,124.13123019316149,2.4235148393866313,39.89833650536945,7.60780570826633
1859,122.18013061076229,2.502227313271827,39.59235402472768,5.772471968243648
1860,116.80911382674661,2.1261089324352507,39.69144107654664,12.797727219609925
1861,122.96685418351414,2.258362553485262,41.21131575492076,8.459679191508172
1862,132.34326018953345,2.4238174169702056,52.11737495870639,31.57242281307342
1863,125.23753920988301,2.1066421623912963,38.70287744686101,12.556152156541405
1864,124.07229651952308,2.3735551041052365,39.95957742415209,10.69529492777416
1865,121.8696564277552,2.065770240973866,37.303650068270436,4.567511096167289
1866,121.47169853030859,2.1044795413333643,37.73122376568328,7.230422354854036
1867,120.37290323191775,2.0401327071350055,37.584452994899515,7.266150095070242
1868,123.03557185420009,2.268529439838961,39.88569252836977,9.673439485320415
1869,119.88766549161382,2.4315938105131103,38.13711948451869,2.92986603447998
1870,121.70670961191968,2.1631774135765673,37.016787807587576,4.041873858370961
1871,123.61580309955835,1.9457501680175195,39.29871149469085,9.376502794341816
1872,119.31458036942323,1.983458635542637,39.24268173720427,1.7217677021102276
1873,119.15142178002792,2.2789198842741083,37.331327522459794,7.5816456151933345
1874,117.41690355782663,2.568823282678854,38.84900719829742,11.901151004746875
1875,117.80658176162149,2.2787449998628797,42.634833770948255,8.031796570232192
1876,115.5148140656755,2.1226206898697497,43.84828622585438,15.25620065673755
1877,123.18948636704658,2.353236793370057,38.8898235370228,5.24440046798717
1878,126.42674362624831,2.152100272882651,44.00154571771518,14.868556419242806
1879,125.27598683041091,2.1243429565271588,42.68019918714504,11.01279887731549
1880,116.12174653412045,2.0083081788609474,45.36276642072974,12.599960613040116
1881,130.63242626526082,2.481689768849271,48.34562334357269,20.28486421038996
1882,125.26631904977067,1.6921584165008674,40.18228703452796,11.382708769253536
1883,119.62957005778401,2.359571840055854,36.75222909742463,5.647739611101725
1884,121.30434229195015,2.107251012440493,37.54161960035498,8.905855900484216
1885,114.97632084758598,2.1179318537096776,45.66075647743008,17.490115428318926
1886,121.80020850392992,2.5384630312235625,36.07453187949167,6.343587166561963
1887,117.80932081169584,2.0571737815599898,41.22290451439833,8.024762449279708
1888,121.59890505373454,2.063986169194318,36.77532652848775,4.564268145671448
1889,116.31639123343336,2.173921152216094,44.617923911768074,10.109799909472224
1890,122.6285746734328,2.282769477162448,40.76825531937515,3.599830167371388
1891,124.07353802628008,2.111628843541426,39.7803556806191,6.633725696270968
1892,118.65046041485449,1.8852282138928231,39.74124114617828,7.76277199432613
1893,117.58923225576869,2.026860363823647,39.08099738661848,11.508780391293307
1894,114.53193087235006,2.456266771292904,47.95231360458776,16.926575235608457
1895,120.20075939777446,2.2149553578271024,37.54270191073284,4.735236696658174
1896,119.25521819715519,2.2902174567407645,37.36505559279242,4.105088962007811
1897,116.34694176295584,2.1477157585653925,42.41600722470782,12.602134065623199
1898,122.35905626893651,2.068100460765346,37.847449857183406,8.082846968420343
1899,119.65008885440605,2.5355138899750824,38.010705938615224,5.333402712455214
1900,117.7727921240643,2.162361628589784,41.43088743176995,9.05967418611605
1901,119.33628278307866,2.111326024094575,37.66658098397083,9.088195355764338
1902,124.21391361678884,2.419228473271068,42.35446056168842,9.939455932577497
1903,122.80881083126566,2.0555279282265233,37.12972369773645,5.276963477686145
1904,120.60992181550453,2.0810545312452007,39.97199174561855,5.839303861011053
1905,122.85731505539455,2.20204933680338,37.539103481010926,5.217778504724219
1906,117.51726413083978,2.2000540208176362,40.66726293050981,10.502174819942123
1907,121.0971103021811,2.251922269580643,37.41383935420011,6.430912921107363
1908,121.44196699145941,2.6183338178790976,37.63049925489331,3.107479726641674
1909,119.59049047450382,2.2672496492704743,39.39870644616884,6.510619937156951
1910,122.30637500787225,1.7243892074498401,40.17524760213708,5.88568361702497
1911,118.65869963606664,2.265259788686312,40.634600872660755,8.399009902863865
1912,122.52946212332836,2.2075759988979198,38.02880836626292,7.815163727178071
1913,122.65557631459387,2.2086900048702915,38.82411151224319,7.318735814129769
1914,112.2485203579088,2.2491894618792343,53.910953655304034,31.76019053799428
1915,124.57091711053036,2.1942643424650403,39.61545840717163,11.643001191152674
1916,111.85710230394173,2.1894775813889225,55.01480613485487,33.185889400847216
1917,119.15185292333162,2.3226088419541573,38.22635450735858,4.318537077884162
1918,124.07604410277327,2.0915838405611,40.38117716810329,3.0602005305627262
1919,120.04813982424268,2.010462732872165,35.905150123020604,5.690859514840584
1920,116.60144205259138,2.8047562905244785,42.20078420057962,10.792775614760851
1921,117.71878881484999,2.0568285112437534,42.18782645460121,9.984179451479376
1922,124.08071723896185,2.2200285824920156,41.43427339830503,5.273577237972997
1923,115.23548640835409,1.9008679498249266,44.60829483678749,15.965444540275545
1924,124.38697330288605,2.2232936830102847,38.84750190284248,10.36154168461806
1925,130.8185768472601,2.013354889862133,50.38457266959157,25.41382381339733
1926,117.4228140086727,2.111505411429998,38.03426321539162,10.715353013295042
1927,119.25065478309193,2.4090129331542247,40.00543085040142,5.568432369649225
1928,117.94832697669507,2.294401913675615,39.79249086359686,8.70039292680447
1929,134.53241453743544,2.313681904914964,50.62129968691478,29.647141501829047
1930,123.19728342928852,1.8457590323216275,36.98981340040594,8.904853705626632
1931,115.84251659837186,2.567379033965803,44.953695178624756,14.976358603701517
1932,119.789223644442,1.961623737811625,38.20190486012219,4.547874253330665
1933,118.41044301296716,2.505712162858773,39.078016547833435,7.0225619338983325
1934,124.88052990537811,2.4043087731962975,39.669060557982874,11.916998974843372
1935,116.94970264562073,2.315466548356936,42.32397739301023,9.4034615803434
1936,125.81268731405504,2.029003043818324,43.90699588196282,13.286165840050838
1937,131.03350608710625,2.2303179689639046,47.61098326971059,24.06893881395627
1938,117.51419678085973,2.105815717871028,41.88284161359781,9.566737218924887
1939,118.96817744797217,2.2058079143010585,38.195552239497474,5.128197456376235
1940,118.59514347769465,2.1500255481828883,38.067698576091395,4.190667378524305
1941,117.17614479395348,1.7922778986855186,39.574621379871125,11.554990731610525
1942,132.25654814141268,2.424356830196918,48.140196695045155,16.94610095209638
1943,117.31625334792447,2.183778568690128,40.051588526135646,7.0235813653404975
1944,114.45890137378544,2.103039920099553,49.1891895150961,21.139157022920305
1945,119.86097058745548,2.0879345534340468,38.91551180961561,7.903815047645845
1946,115.59143141074635,2.2716919152733537,44.83145857853821,16.811054848803597
1947,118.74351739579744,2.021248732341106,38.75193504840277,6.532093488457149
1948,118.27269133418993,1.7489648883051916,40.4292142584953,6.405080929959583
1949,118.38635178392256,2.2814259606416556,39.48428962402489,8.03666549192165
1950,127.00288930477046,2.3038205995913645,45.4845736514095,18.55815110778905
1951,133.01507166540625,2.1600736350644736,47.55963408846117,22.913491657471283
1952,121.73611302698599,1.9704194249619984,37.94644319440431,5.365409501762849
1953,115.67080511097312,2.2177871081778573,43.29006826186406,13.491338254409612
1954,119.03811059908924,1.9070935263372824,39.5665743352621,7.6079924318480305
1955,121.64590788982454,1.9945538806624683,38.01500055371599,6.4935570406925
1956,126.09682825411116,2.049860412699168,47.32054653357227,27.36470767505213
1957,123.72418853055396,2.3687878141783116,39.08803286297536,8.297209663628873
1958,117.39191024229692,2.127477809912617,39.41308300830407,13.079058172817653
1959,120.14090159240448,2.110426717644708,40.24445977128243,4.6344357136444945
1960,119.24184508007332,2.5909385030822496,40.535977611858016,8.88847122828382
1961,121.49296197814574,2.270492499437743,39.114004486131776,4.26380998456477
1962,119.07852978443373,2.2677989020949654,38.3468776911987,8.788327757579475
1963,120.18731911878719,2.1260598509582453,37.784917479438256,7.95121916528607
1964,120.29160972466605,2.080725666472645,39.769192627157054,5.148143707642312
1965,129.37712362938322,1.7627187119965702,46.23310185221535,29.701533944198907
1966,122.45528160549134,2.3937481063847117,37.706858557665164,7.085510189091465
1967,121.71516512451228,2.289661941151276,40.35920306493385,4.0999210103085115
1968,120.7341581642405,2.1641668013573176,37.958334596024145,4.851253288673417
1969,119.70862499961413,2.172554659632749,40.48899326037336,8.122649438059534
1970,123.38963209155999,2.3472288524522114,37.578204844434936,9.160135999932647
1971,120.29249726855745,1.8890579853840295,38.73194508464111,3.7707233177668087
1972,120.07990813652219,2.082023733689239,40.67154430725231,5.545636001090427
1973,121.31407008966438,1.972739427421494,38.05740169825943,5.900865376425349
1974,126.08976004891255,2.554301856497349,43.38243922749003,13.65329181409111
1975,116.97893137593638,2.3751311063706604,40.15587613235625,15.403187009874598
1976,123.30957067916606,1.7594614717729273,40.47231734417628,7.787535590851833
1977,127.599112031385,1.897247674672005,53.519194765345354,29.167036710024412
1978,121.65181947468587,2.173530865328503,37.97970082679956,7.792235899317477
1979,125.72524848282619,2.1055119575855152,41.430751373628134,12.657406265848016
1980,122.46600557340192,1.9351235583846225,40.341091435190926,8.065580018547099
1981,121.51187523561939,2.5889524475300982,39.443505949375705,2.5897873778447673
1982,119.31865159359077,2.262507982796516,38.58402344296591,5.672849079065179
1983,121.09314160146566,2.2949632645726186,36.61692985603888,7.3913631283523
1984,120.24381155378993,2.0615970101535575,39.96888907165111,8.52649323522497
1985,118.64207017620593,2.3444548294356005,38.784045199409675,6.054009285467343
1986,120.13037315357539,2.1239134478035977,36.84012937846391,4.163008853014276
1987,121.59514348187932,2.1433313652585,35.9633814531181,6.64537209207503
1988,118.69834879440808,2.322200391965052,38.390313461612074,6.2326983844190815
1989,118.58115453794595,1.8742004869879403,37.54161319420996,7.064344427295107
1990,116.91926968722348,2.519405571970197,40.91613417100751,12.9058550044915
1991,122.17217507826669,2.236477842944775,39.19556925154135,5.001514118033111
1992,122.63596978590118,2.456188841756085,38.13832717411366,2.8989726463693115
1993,121.69498133270955,1.9849160486762365,38.5330918501557,3.327097684394571
1994,123.895511478186,2.0153669751943615,38.97647548702883,8.4523154064039
1995,121.26360291124219,1.9676199556800378,38.09348990849645,2.170158605934183
1996,122.17603281209728,2.250059534532968,40.6093526850317,5.449179860160123
1997,121.91151227691269,2.2131966603836495,37.76460472517949,3.2850253915977086
1998,120.72537994174537,2.107117636153764,38.47790688395066,8.478285874096597
1999,119.40753451561106,1.9971861614229443,36.679275517211295,10.284837882217744
2000,127.64245784737574,1.9466807460538318,49.531021522816225,19.03803140474151
2001,119.64414706043948,2.190303219905869,37.83178622788344,6.60558364186847
2002,119.0023668666387,2.10688264408228,40.13855876969844,5.167961629831682
2003,122.30202947035032,2.0628786015283476,38.225145408254676,5.536580175883136
2004,121.75556324588501,2.509417897226322,38.859487918102076,8.946051326806755
2005,116.78562535716901,2.1835348643614534,42.712624711283304,10.876294384640218
2006,124.36803476369121,2.454008586785385,39.952676389859896,8.95541292727458
2007,120.7174162739475,2.0933495634634607,39.32785550660476,3.8313960657705444
2008,117.66720671435284,2.2489552567597317,39.532870601876326,11.450769759495921
2009,124.56635234306162,2.188904796748733,41.7316722517025,4.077724097658149
2010,122.87702671478846,1.8604755380963756,38.306864090366666,5.936095072053424
2011,117.20637402415626,2.4856676612527826,41.58562110816967,10.454464346164901
2012,126.33154852077317,2.172969278593517,43.69919851563377,14.258954176543849
2013,122.97639210509858,2.3492836439265923,38.91931883532904,8.421525927499705
2014,120.96941165312487,2.0495942555076883,36.71057340030208,7.663976587584447
2015,125.77065641686534,2.167031123684047,43.3040841641378,10.924035803539313
2016,121.47789335148892,2.026629528015329,38.10326945413891,9.348209696176507
2017,120.91575077468791,2.447199696552679,37.35337728014549,2.9406183923516624
2018,119.01909965193403,2.262281869490135,38.79723900190458,9.192923393155276
2019,122.74555131792124,2.2734107053361776,38.83113424017074,6.836122148588052
2020,122.42980890197194,2.471636829420996,37.71012930523667,5.308861748850504
2021,121.04404041966913,2.431268259379805,37.84591641200861,4.763818372081117
2022,118.63004093839719,2.353068507227257,38.029012980734215,7.405524060597085
2023,121.38978956249822,1.9156545305925077,40.848305545420374,5.928329717416203
2024,120.79060364271359,2.0608641760966635,39.28058869582768,3.85906855958694
2025,116.9995770437974,1.9992223727977296,41.84845736903066,10.680092416158356
2026,116.58456294602745,2.34550673872516,43.69567407604267,10.936418450888167
2027,122.6954601364293,2.2341303883500103,36.257305744308056,4.319015627244335
2028,113.19433505484493,1.9218975132738811,48.335033466524195,25.353780768183743
2029,121.61623158088378,2.1622511573977548,37.604393825381386,3.562955137595691
2030,119.56575082673852,1.9011775328562446,36.798278579697744,5.4636958988994975
2031,124.92473982063973,2.1893687023860484,41.10486155579934,11.66970876074346
2032,119.51959537253838,1.8689254992025632,38.728939498136036,6.484337888873759
2033,122.97845264275568,2.305765498676923,39.96563786712666,10.423816798858605
2034,119.80925847628663,2.275592525206815,36.94601360165469,2.017437457007483
2035,121.34124446045843,2.5815896986693767,38.505175335386674,6.385570462813287
2036,123.21050959276015,2.3695746578994688,39.0922652169133,7.221779860233454
2037,119.61233285102625,2.1154171488355,38.84064759751471,7.642173656988866
2038,123.98966465349521,2.3636140186548973,39.34265450197458,9.917970526884261
2039,118.01890636868055,1.9204672238109644,41.614884400347094,8.31343658329937
2040,121.88377852767513,2.007505479263783,38.04762380879985,6.084144882835029
2041,123.76791916836356,2.2666285064150222,41.8145215031753,6.842157199654778
2042,122.980112475371,1.7683500674504147,37.914119606907704,7.976919858129973
2043,126.74933463020623,2.1925678430132236,46.16345951976617,13.687220147710168
2044,118.70968204806802,1.995947341576316,39.08242021393458,8.73423230189844
2045,116.86255224595423,2.220261411030653,41.37277336184072,11.449753671485427
2046,118.01699467451465,1.9844527283905475,40.71640897837333,7.737700602059928
2047,122.9813276996453,2.284849627491038,38.504636904716484,6.455421049679509
2048,122.49376880280813,2.203865484733478,35.29653754738463,5.994417610425911
2049,121.30676997894224,2.480073183376266,34.345261972586485,7.868084505857981
2050,117.63112885267861,2.2013469068203246,42.02375100993685,15.2925410763864
2051,123.30060187998718,2.046271439007707,40.640719331699756,9.548236637040885
2052,117.32588566704838,2.1506228288345435,43.234614684459245,9.207104231458617
2053,124.4768487471307,1.9311527205966539,40.638431088354736,10.86457430736202
2054,129.5723152694196,2.2812274509410884,52.61544783483387,32.43159867631696
2055,122.09935343971465,2.317970049263055,37.76238654560953,4.257712994489353
2056,122.74932440697323,2.6938392073385637,38.68693931221667,4.301608823294059
2057,119.52142069331332,2.0756328018791192,37.272517419413525,6.151263196106505
2058,115.56936003673955,2.146441085264964,46.46649675789215,17.276021328559082
2059,129.32235819209797,2.0848482951123573,49.933399302234086,24.994946336207118
2060,117.72131427670375,2.242422740226245,40.93888845674848,7.964806863473395
2061,116.65898627075495,2.2763381068959228,42.13273154741085,13.126313145305632
2062,126.16707982598695,2.189325031114298,42.319756690017364,14.919652378729493
2063,121.81858755407733,2.4172651833746066,40.003139503799126,8.283822471369795
2064,122.13906274184195,2.0766040992490447,38.37701023758641,3.41365095811096
2065,120.07293290441125,2.3972348095781424,37.8420824698464,10.034705570112198
2066,120.48138675266969,2.3076995707282166,38.63658004047687,2.8257494966820276
2067,123.893652046718,2.197594016020211,39.13925504205754,4.778133064725482
2068,120.90298864391436,2.137012671848571,38.17832067245229,5.397250918028199
2069,122.59208181407419,2.685333551746274,36.82667916958048,4.345127505104202
2070,120.41198710646495,2.0365982698515843,39.380571642954884,5.55125551175643
2071,119.97354132780386,2.259586635393683,38.10650257989706,5.736057709885934
2072,116.77925750319442,2.0499561859515736,43.30978782211576,11.382739946725849
2073,115.06675281289861,2.5571241497242614,45.503389466904295,16.304857906182075
2074,120.2153142968008,2.377365265759841,37.972021313076375,6.494287153125272
2075,121.1694900759797,2.0643300242317713,36.55153900093788,4.938847603468556
2076,117.14160988987362,2.3025189986862458,42.186886700844404,12.697107752030941
2077,120.8965754048961,2.2515391442553114,36.95134531748422,5.17907377185439
2078,121.1612576889715,2.0966750476050526,37.42201404145646,3.7727360536284893
2079,114.53197598182186,2.3516328434456346,47.20503025723949,17.104488151587162
2080,129.9078744814408,2.2778610782208824,48.471166391078015,24.972285934750833
2081,122.22179168120641,2.2431397427771906,36.281094152437035,3.737902990840096
2082,122.16117618818723,2.1916160577515345,38.019665592217244,3.541984211795956
2083,117.53897525080072,2.2862108985199305,41.58958857157784,10.64196546656406
2084,121.4753441514992,2.245877532298492,37.595703812291504,2.379277111733468
2085,124.06722167608142,2.2118186666050037,39.80004863319323,11.334695164577536
2086,123.3312188769727,2.0717968168024874,39.39049518052912,7.68959300023582
2087,120.7141426389582,2.538753248152499,37.8668246557332,5.449683314956695
2088,119.59607106002713,1.9899160113302907,37.197005020203406,4.327277070981618
2089,119.11196654699648,2.2855272437759493,38.740612121925,8.12350474529842
2090,122.40345934872897,2.135951851539714,39.62622139558472,6.184165469761852
2091,121.58531191942866,2.55190945388986,36.813958672745045,4.384932558125399
2092,122.8882120183066,2.019303492555232,38.33499755035407,7.1075550730999835
2093,121.39562143936345,2.0529473476479336,36.37647600240039,2.525766893358519
2094,123.45629185104232,2.0060363873476352,40.45699966523774,4.668090543335472
2095,121.2837775988731,2.2646930101901224,37.906886691431424,3.511850450425823
2096,123.35406614839506,1.9253898680862718,38.19891847449727,8.068718682554332
2097,123.61246831109992,2.104294301048447,39.61221666900209,7.882881757524402
2098,118.58642010932556,1.7695268354291431,37.83726067763243,9.42704143903417
2099,115.57556785938776,2.2480842708256183,43.23318745283107,14.14258068293404
2100,125.63047856804366,2.0999570282487476,40.96493275338242,14.038868232055487
2101,121.76997619213678,1.9023886512136294,36.85029484895176,5.502535173448604
2102,115.85654231351164,2.417121880594812,45.44893963479293,13.061823589909999
2103,118.85854150834386,1.9384666203230123,38.129143786187846,7.798599372303418
2104,123.31562287710949,2.3593887380056433,39.7391341951602,7.257916913306073
2105,120.16096950660132,2.0597918352024394,37.151312173200516,4.613975709636774
2106,119.46381574204261,2.5203142755790853,39.430610151283005,6.401550082897995
2107,138.03118307961728,2.3499101077852296,49.508868685938324,33.19432310522977
2108,117.85813856084857,1.9983904258251945,40.21875803993598,8.678314132657832
2109,118.6055399267355,2.016583489557939,39.32477816118346,6.764035995020799
2110,121.6341594251448,2.3211050410448624,40.88184120254191,3.2918479917664465
2111,122.17136479616164,2.147524373857967,39.058371352427294,6.11481116860115
2112,122.48902910302219,2.166131498595727,37.77630087012723,4.831136811677927
2113,123.73371413370684,2.4544477723544196,40.466161208642895,6.279025575930667
2114,121.59573586204455,2.050262225326009,40.64388763239396,5.190955706679394
2115,122.46815181681522,2.218258754435091,36.51864003800677,7.575662194536164
2116,120.22237222205474,2.390925558730461,37.12205664034458,6.045751050204992
2117,121.18809490971014,2.36182349767712,37.723506461977,4.556326918226944
2118,121.3226025401609,2.1680774664958657,37.52239005519167,4.508002435459249
2119,121.64529440745711,2.1422188238294684,37.692301033909146,6.790205577243182
2120,123.31761942274828,1.8522369074958138,37.61662043480213,3.065851541039991
2121,122.6654370458345,1.988751001466961,40.294956986060356,7.906045174332339
2122,121.13265100870055,2.263671845314947,36.2967408656521,2.132930306663635
2123,118.57262204517689,2.172423562211553,39.05602065027647,5.014523072465071
2124,121.20301377418812,2.2149854157132456,39.264063920465055,4.588746611104732
2125,120.91594664531277,2.4078507219268124,37.96533246404049,9.408696195527483
2126,121.5795447394396,1.9625353781875452,36.89861886281934,8.636910084779919
2127,127.6195759214212,2.1527639395534703,46.02172199583231,22.108252843245616
2128,119.4286816643763,2.237742192682244,38.267190053377455,7.005940740085343
2129,122.26686705737607,2.059168012485097,37.44465399201368,2.7096347069501956
2130,124.20538620173289,2.4862954227854837,40.50666746454069,9.378239938976124
2131,121.29400574229815,2.3817173603226296,36.33727528556193,4.541655048368553
2132,128.0135353575165,2.258026665417751,49.79737209071466,21.246382573376046
2133,119.86588212480557,2.5588463558657173,38.42162856586118,6.2288237361468255
2134,121.97226766696014,1.9002209440779718,38.435770644790516,4.982858528671579
2135,118.60358276532105,2.1984547437788637,40.99271155767461,9.074724629677137
2136,119.94542579457013,2.273267393786812,37.71931328800053,2.404525782462515
2137,121.74680173118998,2.017088990641216,37.251716787975965,5.830220049220689
2138,123.53891218692318,2.260142908363546,38.76082016642331,6.173751280192194
2139,121.95728450207072,1.9786835012424246,37.970574712511144,5.083393274218427
2140,124.77734454800421,2.338111463654851,41.02987512980457,11.042243697080625
2141,120.71510406822199,2.4115669536257816,37.02101916830548,3.517253839482161
2142,120.00349441048299,2.254466680225666,35.79076284214683,6.1431760372409645
2143,129.11195532183817,1.829440436987011,51.803725410514836,28.14912793084782
2144,122.1827129483261,2.0066412957667934,38.739528981534676,4.8005271140299755
2145,118.84155536206435,2.3129420006426322,39.18846428361148,6.283578664441943
2146,118.91720871325579,2.2042397287024733,40.393829663501265,6.740113436311694
2147,118.17196025640598,1.6611994764615026,42.10610178685295,6.917127354357781
2148,123.80970806757037,2.4485660767736483,40.647981599243565,8.275830854325607
2149,119.90686812132027,2.2273313012507665,39.92191097781076,5.4175101374661185
2150,121.38208742696946,2.036185067199991,38.952247127122334,4.450788213926321
2151,120.8094739766852,2.398991119513333,40.05986514353609,8.374421078971425
2152,123.1944772238228,2.0644919974186204,41.28048502404246,7.932937460667877
2153,118.45976772134794,2.0623095764791572,40.56100981142599,7.069590991605717
2154,117.77328314157096,2.2716705302028073,41.138230546292945,9.406644365049043
2155,121.67289192154479,2.556207691848459,37.85333377205281,3.8101979921357687
2156,122.80287785409969,2.5247174355945776,38.66547634533999,5.851440102679637
2157,121.99759693929292,2.2719422997808216,37.81353912610274,5.272180467861464
2158,118.57163881270802,2.292477131770064,40.042828305382216,5.3196992817433575
2159,123.03245452627418,2.358299786416965,38.044374063470705,7.6430422768702915
2160,118.7684172187131,1.9486032649261302,38.86626412440607,6.3328837337045805
2161,119.43538406564085,2.3288296674303965,35.71236120263717,5.716968056312371
2162,118.168139425834,2.0531853063712946,41.831983422260485,7.283106262608488
2163,124.9034750459561,2.2636956133593165,41.087596336464856,16.15935416519827
2164,122.90026462308205,2.1545064744785325,39.34111776510607,5.571144702894787
2165,122.81498012703662,2.3002416654228433,40.47405766319201,2.929334984543763
2166,124.74163426342736,2.2236206930012923,41.4403140564052,7.520061888712849
2167,129.43794774471615,1.5853939458357402,55.39698411387542,31.78638147074794
2168,115.87232168826954,2.2357783423410362,42.294393296508375,17.108194549036476
2169,118.78487025736868,2.3284305904598526,41.956347858389016,5.990144977370326
2170,119.15147474747643,2.289185669667691,40.05628227221433,8.998075368569904
2171,118.44754113285192,2.179482810758284,39.684353170050194,9.115128193685573
2172,117.76725025718886,2.5284323383860814,42.00924279707254,8.816670579100956
2173,120.1010408078339,2.2622746258243325,36.77542621523234,5.314041359426013
2174,117.35018885413179,2.2875346600386215,40.58430885358745,10.487958897724521
2175,122.00512710261224,2.4088983788101137,39.9553621840121,7.4330186522185375
2176,121.15509496428584,2.27251859993932,35.76481976147434,6.223549274852428
2177,122.44308599429097,2.0203964493171593,39.13069871107269,5.010619072183911
2178,122.52318535491476,1.7123325172440758,39.14903198940808,5.998460084252021
2179,122.80902056028003,2.1045758195963837,41.083033165440085,10.211668604130022
2180,119.87977318952835,2.3521891051762234,36.3765332798512,6.391402672547965
2181,127.363430207901,2.129380733716439,48.84007095081991,21.23742117217816
2182,121.7032933494463,2.360235674456346,37.43745184600391,6.644910514430006
2183,115.41254574212562,2.229745635184055,44.33191056655026,16.91891971853937
2184,117.99287276270135,2.457613214052437,38.523013864335,8.860642997483312
2185,115.77849103291655,2.140956658575868,42.69269185157293,16.657757688251476
2186,130.64191855932896,2.293522965313538,47.18648298056537,22.365718816201106
2187,120.63458432784,2.301177012907072,36.694577997223604,6.021743275131838
2188,119.59472290630163,2.500320374526239,39.322798016599634,4.942408752539473
2189,127.03277833720155,1.8586725387331446,45.21121192611412,18.93205091302015
2190,122.64694862223074,2.1083183450893688,37.141096181120524,6.328739631851154
2191,123.178295084339,2.369703221077701,38.41052230874832,6.6058786756382695
2192,118.20677953617368,2.5091792959557297,40.12050635320595,13.052524950777258
2193,118.00256532600696,2.248014302528416,39.64379130315105,5.87432276482543
2194,130.10182573024983,2.141459167115703,44.736984160965925,24.92244583716302
2195,132.9057868214278,2.3514236737348893,48.60472310178671,24.528936318148
2196,115.43106529865663,2.3737405350463368,46.121773157662126,16.59071367855733
2197,120.4590789314514,2.128067664266539,37.69225666222063,10.225865995202248
2198,130.29921049509247,2.2660614624355095,46.43189294594026,19.755086905240518
2199,120.35455250268662,2.436105452482394,38.18296591850041,4.342840086436764
2200,118.55982876295997,2.5780917986548904,39.874755349861935,7.55252775625424
2201,119.38139445423658,2.3485209918470584,36.8235040936444,4.891968845735178
2202,120.46942241928161,2.208827779333119,36.993202808806316,7.189830830898884
2203,121.27240007083014,2.1891849647924184,37.153300120533885,4.563817644591962
2204,122.8143747476517,2.311479311438725,38.47484363301711,7.829401855989463
2205,124.24256861485262,2.17686543150411,39.39989458449384,6.787447490469397
2206,120.11695682941826,2.2379280998044777,39.019997223160715,2.5206211305112647
2207,119.63153141165392,1.9884247470938252,36.48583553925368,5.743274234935976
2208,130.2942736243454,2.459411439298232,42.28456714623942,19.01171580416589
2209,122.83253474923256,1.9719630545702644,38.33813381975812,9.40824830547851
2210,119.69739870022335,2.1135776479093975,38.16250606719173,3.3402232682719437
2211,123.37118043089852,2.219518652170363,37.491376612463014,5.600037784749375
2212,123.93875602346792,2.598197375977728,39.1718845212261,9.267216231768435
2213,124.87505939697601,2.1154634030295347,40.82228619171736,9.700174755420624
2214,126.33496272015947,2.066796837207921,43.789644453181516,12.728541183160267
2215,118.40075158402168,2.0898366165332414,39.66859809209963,11.536567802917565
2216,121.04169462799753,2.5317794335222628,37.206487795932574,3.697667609014115
2217,130.71696817043906,1.637530601298796,49.14902885265159,24.401013898923726
2218,120.70577929440248,1.9994523975702827,38.6048900488728,5.1537515020699525
2219,119.05221124116959,2.7462577418319105,37.86611760601616,8.106414840698982
2220,116.54331399030679,2.3181764146983275,42.483064833620034,13.283951995356235
2221,121.27803833808701,1.978803010132156,38.16582555216488,4.038814993190355
2222,118.69493302135626,2.191616403565046,40.626599200124765,6.773177830213865
2223,121.25798044224287,2.2134909132135725,37.29418294518794,5.114833487627671
2224,118.61786937490344,2.3692250491811215,40.16920662656974,8.834218307015444
2225,117.70102496246697,2.567900400564513,40.444537356557504,7.206153257647628
2226,121.70289508113069,2.277710336255843,39.89857334865562,9.305520525437611
2227,121.45276458041948,2.092042339397408,39.59416881152942,4.205218420421851
2228,122.7378459139628,2.357416888419641,38.900799018060106,6.541289033075152
2229,127.55759129925288,2.060349460627428,47.14570165734888,18.462720285365126
2230,121.83186859363254,1.9933325008021943,38.76016827017122,3.4055156540221496
2231,122.45524530119239,1.8480182256087112,38.249362522508754,4.667237473985164
2232,123.9627677555963,1.88697432109992,53.46776220544059,20.682874148675065
2233,117.13927767839088,2.0207109687751457,41.37330299961801,9.971149252121116
2234,125.74848834032,1.964442046459826,42.47381997497868,11.629712479579494
2235,118.2295606602001,2.262647305474944,39.137035406523694,9.438361305758407
2236,117.86816778559407,1.960119634835193,38.70219936198352,7.5235595451436925
2237,120.88270323635034,1.5712667395950515,38.67089783047978,3.8959475975534916
2238,120.72942275986783,1.991217645082107,37.03209320626566,4.818280259596056
2239,118.29248048067012,2.105628070455716,40.9305235310868,9.852841663296633
2240,120.0850803438607,2.078910102425607,36.632635090179924,6.17975440451524
2241,124.68812715295032,2.5039049358618373,41.14519175596036,10.081357509917842
2242,118.5820191735046,2.07729148814217,40.6665273912028,4.966840361111151
2243,116.81898254690148,2.37618469263984,39.26310304993682,9.561442202335373
2244,123.82778086269937,2.196203480063828,42.18111446618936,5.997582720535755
2245,122.47689073581411,2.1915390548654803,37.969523137379646,8.615754388546963
2246,119.13844413805401,2.0329239422303926,38.931700308566576,7.667900201137879
2247,116.25349895161925,2.188243469683847,43.64217895512112,11.834328354734296
2248,118.76612993068431,2.0469807746205166,39.96919347438725,6.230692461418383
2249,120.83588668945218,2.2340048628509144,38.33458602522539,4.023904295317436
2250,124.49701626965145,2.1527500734752625,41.88726851429317,8.185642787087163
2251,117.89025407539103,2.0110744133616802,40.750399192943036,9.713223756656864
2252,120.74644035546558,2.398378867940119,40.12720171657278,5.004937175255984
2253,123.02543397968469,2.2853680960042855,39.529317268759016,10.681935921856914
2254,113.85619797963423,2.1103874531715503,51.58502223121975,25.61251524129431
2255,133.29572932438896,2.229098609407062,49.15350118278328,28.96163077742026
2256,117.45264828338068,2.1832354956996074,38.601514773386526,11.112739025397333
2257,121.9959864803708,2.0264818125473454,41.35156080926332,5.086409847265556
2258,121.74004944883224,2.214099245804233,37.43127517090505,6.767709207504166
2259,124.25375917439153,2.0757976490385253,42.12378154652824,8.57753321757639
2260,122.65277314268062,2.0110132328759804,38.633117125199924,9.390577562719278
2261,113.86812852481006,1.8754465339466952,50.46329827162124,24.02995964800963
2262,118.64566225853203,2.128278529292274,38.39326467115916,7.912265815800607
2263,121.41461538805984,2.313394131916745,38.788712754111025,5.788897864378721
2264,120.41506034164064,2.0610681293242283,37.77144531438946,8.752233610622092
2265,122.43283218927031,2.704141738431594,40.34646551208188,3.637802228006992
2266,123.36809966700912,2.3771371307305467,39.76013892813592,10.771681701314753
2267,122.82535520928904,2.460866026532096,39.85615393037918,6.331095720610078
2268,120.35717517233661,2.359048602414752,35.49401698122562,3.113560159202991
2269,115.46098896663855,2.5705729949877147,44.64705429434762,14.884247612737445
2270,119.63355625343554,2.042599603305492,38.903439034825475,3.1820559064813394
2271,122.24910444441687,1.6878525228682757,38.61159550860128,7.222673811625846
2272,117.72865824234857,2.1107748783294236,41.507757573439285,7.3766596027501405
2273,122.89382419036473,2.3116437151095077,38.349960319917386,7.058901321572172
2274,123.72517989180191,2.230303394349596,39.69239772343149,10.14090255923705
2275,121.38060092888753,2.255094522193557,39.4493406720534,4.341069502055472
2276,111.80866040106281,2.4641820005339747,53.85133239292357,34.58566662060289
2277,117.16573491186459,2.2764115148925,41.9415701305067,8.299496170284087
2278,126.65856747566825,2.3597825855182046,44.64360310167966,16.007742260729533
2279,119.36038662091487,2.0120874516294482,37.496651297768146,11.07415873699831
2280,115.04757033061301,1.9809212621567929,46.19876524231084,19.301276334548263
2281,124.70574216493081,2.5228227846048976,42.49409705461852,9.829868993522643
2282,121.04006677463101,2.220180307029414,39.24732577399547,4.399523406123179
2283,124.31482146687317,2.0753541633107733,40.25523346150555,9.269074362853535
2284,121.8308760256581,2.0757211012905765,39.202767249916086,5.97571559345324
2285,122.3756774086365,2.0701753756723487,39.45802891131424,5.408045443559134
2286,122.08902774314355,2.058208195790832,38.15607038898219,6.8692000512557465
2287,123.092464935763,1.9433704394792681,38.131553429241634,5.316237845480449
2288,136.62769362925053,1.8999159195558986,54.94367575307318,37.923434461761886
2289,123.91301900787757,2.1609991244691162,40.87227356149808,9.136339731779966
2290,116.2589820464634,2.08141482593592,42.894419095411166,11.263482776098806
2291,122.33998454583671,2.4214318570886593,37.139604224601165,7.440676559230999
2292,132.70355316944492,2.2586153306533836,47.368695149256915,28.147855218722384
2293,124.60810241960844,2.253063536015597,41.862246418000204,6.766204480943522
2294,119.7201850508227,2.05137591848911,37.70420968019322,6.2703726324578914
2295,124.49483333556438,2.175794316844005,41.08351451632903,6.741587090920026
2296,123.78322719865362,2.272200220726288,41.191846089134515,9.459275391144036
2297,128.71755231090918,2.343239147942535,49.53262563553215,25.89852899241582
2298,118.74999479125447,2.181221634696327,39.05959030004863,10.603834793495988
2299,119.47779827079873,2.415824755864842,38.304928607501694,8.239347456404861
2300,120.08164285462014,2.201597861781589,38.64123501697701,3.8859364350473
2301,119.52933354988367,2.3585694237035364,39.96282115575403,2.6196691777096635
2302,118.32993775070919,2.10202955828217,37.97308895372445,6.636049083056288
2303,112.71197348297878,1.8374823266862719,53.795861918753246,27.343718756301758
2304,119.6959015788306,2.2536717976037046,39.61197652225368,9.381563998612553
2305,122.10807417909972,2.3450648126293254,38.04646976825711,5.911173548531356
2306,119.52033446348227,2.315069466361514,38.31673383051908,7.946447382515105
2307,126.80614355058734,2.2844373322874882,45.91862588738783,16.785900382918364
2308,121.0401274381476,2.130282606809003,38.414134739952054,5.177162095047139
2309,124.8730871655524,2.038650749710882,41.99900005107323,10.691552826672334
2310,132.30672638600123,2.3103456538087563,49.11527985929865,24.63792459517165
2311,123.47922192967977,2.285289483239655,38.17387233611433,8.21221404202605
2312,121.83772466180069,2.0878201818312347,39.34271197122353,3.842422994888182
2313,125.10635389571068,2.4218848378384115,43.109811104328315,14.322275259441957
2314,121.1678180503972,2.02342689709048,38.22949530999696,4.982789116138327
2315,122.48836212426636,2.083295324241792,36.69436243098955,5.455391411554768
2316,122.09899880095013,2.5272850424683333,38.12802079298765,0.8296198835231738
2317,120.13514362561804,2.3737163875467826,38.397841892956684,6.903711055998594
2318,122.21494695677403,2.1283981388217956,36.951220858366206,6.198456389112456
2319,127.70315873859305,2.25747614192871,47.452948480158376,21.406184158055133
2320,120.18880917371368,2.230958448904768,36.45352345739299,5.005226286828408
2321,122.25839467855974,1.6508772270045244,39.07713324672977,5.018852896220605
2322,124.77333685260832,2.018705210105324,41.33152199859792,9.818080082843458
2323,124.42075984283284,2.189830676578144,38.59941174073721,10.429248833847309
2324,121.0351492531581,2.128677704688139,38.42202963729784,6.650844405959182
2325,113.84983389112791,2.2494205129660845,49.179661847713504,22.977849525487763
2326,122.5501084559454,2.4258964625895842,39.148321108847846,8.049080168587874
2327,114.34157722413084,2.1356928430692146,47.28377172918037,20.87495432594313
2328,125.4098116928237,1.9884690407754273,41.31644133566458,11.398646155535022
2329,121.50842161357978,2.264970331702209,37.13185480642475,5.947620422837531
2330,123.99902205961597,2.1346753332864394,39.332905069235814,6.201051106633171
2331,118.29366658545685,2.1687872998356195,39.63392303704528,8.482377149078127
2332,116.34247758009984,2.1416452561693844,42.94990347872174,10.31645249220796
2333,121.7822631524235,2.6483675600021974,37.90576198735098,3.8642689459030652
2334,120.89918968013157,1.751859147800411,37.494252339734416,1.869912420117267
2335,130.3894036432552,2.1223332193734707,46.68958783757147,25.494096723113152
2336,121.2539838421983,2.1992621948703217,41.02346145686984,8.419918391390603
2337,129.30230767609677,2.0437715015434446,52.239358622888744,29.414171472054814
2338,123.50357664210718,2.3799651664256567,38.709370710383595,8.852217283996255
2339,124.14849581758996,2.362651535743928,44.133490630985705,13.203724084845817
2340,123.53181067466006,2.190449076302292,39.91543032726364,8.4708233789291
2341,125.43838643155658,2.1458652489312615,40.67786350639719,11.017364260280504
2342,120.42978498129777,2.1776086331536706,39.082756581634506,4.484177323719247
2343,114.83571607697412,2.179042669270438,45.267600515367185,18.800623474087768
2344,120.43424160098198,2.1843253943748477,39.16129197389919,4.472818536651139
2345,123.43520712998951,2.16240017969664,39.05149669326456,6.57102521841893
2346,118.09059881465478,2.250489862918479,39.33446033721611,10.236072376717937
2347,120.470902148532,2.3506424129655734,39.99258576060727,7.4450618931397985
2348,118.92469077099307,1.953947970480285,39.62720147031139,4.043011470912878
2349,125.50608775552939,1.9898672201533705,43.634649234256074,11.133984268965776
2350,123.24837104621969,1.8502963941032955,39.63404153494932,6.4341024300735485
2351,122.95462186193188,2.37327948007152,38.307186828539535,7.915551421197176
2352,122.86480393936291,2.250064658638093,39.49867392540781,8.774658865602387
2353,120.88825224234363,2.301053503186554,39.45380573471642,10.367912928162422
2354,121.59266884758252,1.9141003523273064,38.23896205205792,4.784727793704385
2355,117.44444625840305,2.556989624576028,42.943202855280305,9.176375157468778
2356,125.40776119484462,2.0782298183709287,56.754086841677264,41.70720110160862
2357,121.45024339103507,2.2336411614222516,38.2989772641835,4.34296159479102
2358,121.97197076881643,2.3708769321356744,38.509623815816774,5.576923160718832
2359,124.62779370527613,2.002604048840786,41.0600797317302,9.359241913004015
2360,125.7140074482471,2.090735128297467,41.387324026154424,8.558676118317681
2361,125.70999545499684,2.235834354920175,42.77240594596967,13.486239829404603
2362,118.00592922011836,2.7714946150929416,40.23760494609643,8.309311215484342
2363,119.94320489515069,2.260224948570405,37.74639735107953,8.179101453234134
2364,122.44100288764415,2.5212722301261437,38.86204007332937,6.236653996335007
2365,128.59571403322653,2.441134629038391,50.7184407568281,23.434659625128532
2366,125.44029761114174,2.273602007298904,43.26600370193096,11.936107035065737
2367,124.35819148599514,2.002160845673864,41.27677386973313,5.683158402167644
2368,119.83663613335213,2.411950722163647,38.498335352070626,3.7940433168183025
2369,118.35040110653463,1.9003779316703908,37.90382687561324,9.101041746363908
2370,134.23952105183105,2.5201750247354187,49.6222925081526,22.092289690894983
2371,117.69801620729692,2.2400010616436514,40.22841213451487,10.976598769642363
2372,120.28469094705909,1.669955290540365,38.01550300463407,2.1386774128462416
2373,120.65566615299423,2.1318987809936325,37.61505945716337,5.105067514185072
2374,125.77873626736843,2.330789564184588,42.437896481595075,12.636789612473809
2375,119.93590809112096,2.1525952253920466,40.10197380751983,7.616829505393411
2376,113.68225108428216,2.343001162198715,51.44413200703102,25.453280200421304
2377,122.5133339429874,2.029995166457541,39.03711160135272,7.457616738208165
2378,118.90293444068823,1.9388035254424787,38.83849028589448,9.813727454569442
2379,121.12789307331325,2.185710919390479,38.74654004242084,4.843168026654708
2380,120.73988589747363,2.206313133457983,38.10344143431653,7.92682627475788
2381,120.1788880125467,2.130323129787536,37.920061975118976,3.856407641995307
2382,123.37102174535411,2.445458229328439,39.64251081153485,5.522030491351474
2383,116.40140536494188,2.0299585249721885,42.12296667953424,14.256419244851873
2384,119.44895732513692,2.26263312146647,38.83197846023833,3.633473353600407
2385,123.05211373935214,2.2135939942327254,39.17152268657828,8.004887910887359
2386,119.1577456739669,1.8886568095727836,39.470181445902796,6.870229099324072
2387,116.17357987219009,1.9361939632662977,42.38178852605757,15.582350849123793
2388,123.00566602977021,2.2023822032497264,39.73715679250618,6.80094454112217
2389,124.36928389132461,2.596239999737393,39.40988247533409,9.574113982450784
2390,120.86501437707098,2.3158539623797623,37.31692866410197,6.423054378703968
2391,115.1174632045914,1.8548730349710736,44.97822254187904,16.41871451216002
2392,123.11790924009645,1.5779023869761326,37.70035657399449,5.798767488767679
2393,116.02033635574094,2.346610718600876,44.674145742252996,15.032940495202562
2394,121.9263978305445,2.1807573034143606,37.025943875468506,5.747656472717998
2395,118.33760852577352,2.428253193902074,38.72073263475944,7.247749875564146
2396,117.52048214269911,2.0238564158577117,42.17003904682464,9.588454202290722
2397,119.67426994876092,2.2700424995717055,37.70196399490246,8.985353173174422
2398,120.45010733071823,2.3692346926055725,37.84075280633485,4.808400549573635
2399,119.06737524884066,2.1105072723587037,37.60727365323477,5.957628146170165
2400,122.76610983464545,2.114782885953787,39.68575311771413,3.5183007774184896
