Mesure_ID,Vibration_mm_s,Courant_A,Cadence_u_h,Taux_Rebuts_pct
1,1.1882960800320648,12.443562193606736,315.052255766118,1.5828229151859976
2,2.3396145305410196,10.712835626275334,297.94366202457667,1.0564220093200516
3,2.184170212398802,11.892496000770372,313.2534157677109,0.9634889022344586
4,2.069526285444787,11.827851679328209,321.8275763419506,0.705903927524901
5,2.2850038404173194,11.781834544669378,312.84605223238395,1.4473170365041519
6,2.284096470777915,12.509296802223083,294.2518251624664,1.3383299875286316
7,2.0641645631176657,12.634725189179221,326.8098747449863,1.2372243977710706
8,1.9161093083049203,12.516653082813987,317.6160856042597,1.174028572030805
9,1.8623432724569648,12.338915358077562,305.45607352122283,0.6509030641205129
10,2.1389108678887157,12.085637707656176,304.63309216372664,0.9617434271108938
11,2.461020353710185,9.848792995887692,311.3578731711088,1.180558464524633
12,1.9660419534657296,12.777892628938172,299.6962770956088,0.8844456818315372
13,2.4872375439525185,12.488354095106477,277.26952018975896,0.9084838720397235
14,2.123140316239296,11.015238723328759,317.75268168644845,0.9139288233800499
15,4.374145990109099,19.642609114287907,316.74263133781,2.2587950358599573
16,2.793686124216911,12.647938481080223,265.8818785831557,1.5004411478441468
17,2.5453838113520826,13.17124706522506,313.6814944251733,1.465919537832197
18,4.633502517673605,18.439700692299112,334.8602201611251,4.920021607092755
19,1.7367874927389368,12.321601806816368,285.83014799604985,1.2801064148863652
20,2.723420225711576,12.946772317500743,303.7540480548579,1.3893588934690995
21,3.53598430629477,18.37401390358601,301.906300659721,4.261318290880643
22,1.9249279106813428,12.412003219595052,333.227002884305,0.7871069219423141
23,1.287448023573631,11.378886805796178,324.05609975066835,0.9990241781242766
24,2.1076759721027614,13.110296707621304,290.0669255092887,0.9298436692273915
25,1.642493193826129,10.390288885743328,310.81601489709493,1.3416803817852585
26,2.134723763420507,12.816737174150324,344.14542624871797,1.1449653557111301
27,1.6166835060315616,12.017708961848006,294.37996571460064,0.9654328103125999
28,2.593240946472285,12.965387330726292,304.8103856777914,1.1727806816752495
29,2.1820194077493205,11.219455629608703,313.72962415928953,0.8722445600762059
30,2.75235761999736,12.089983578816296,294.62907265477264,1.2026443508087683
31,1.6624020696074708,12.060630089731278,334.97445244487665,1.4808744197655548
32,2.511229150753632,12.433883560050456,296.96463889518014,1.2333532578897104
33,1.405104902379167,10.95243804935202,281.3864028048887,1.673334527511229
34,2.068664907236517,12.636215088084354,296.0753053384231,0.9249203433821036
35,1.7915643704191562,10.154105871927642,316.10134146516486,1.225161157886452
36,2.889141718273411,16.561894896806663,291.43103986217767,3.7325347424887916
37,1.8295561820900865,10.4372699928608,310.13738961074074,1.2939479935392963
38,1.6981436588340615,12.828219399685626,314.5633574824083,1.2074023963980995
39,1.5843028588052714,12.400130777509036,284.4481212846459,1.4041552288369261
40,1.853999153712615,12.456038646898737,295.4170623008982,1.2240555957142714
41,2.0382893711046672,13.473189396248559,310.93250461214717,0.8826545890995375
42,2.384019137686586,11.684058330838198,316.94100672005976,1.3379747857133986
43,2.097465630884948,12.60958568141266,295.84067166395016,1.0852699143578886
44,2.3849582664271476,12.066022347176474,307.58012927421646,1.0365356616402701
45,1.512201632254157,11.913765445331391,300.1730837543221,1.3863228488369779
46,1.8571200961161152,13.306625832078897,317.3734529036101,1.2969688030604427
47,2.2346316233150203,14.081879363402042,313.8300308458153,1.0374192063071201
48,2.113252949411148,11.568533337136586,298.6507887416736,1.0378392792805307
49,1.7158122121624713,12.833719591519882,313.1335454703347,0.8726488129651135
50,2.3082427344147476,12.31911691264681,297.9858276795241,0.797962996090724
51,1.824679849955681,12.331112422450442,312.77515322406015,1.0705953766989635
52,1.743470024740072,12.247177729033488,313.012007270858,1.2992116259177622
53,2.1606927609639466,11.666922008538842,345.30779098566467,1.0013566024428986
54,2.0020358905602977,8.415019439078298,299.2835418842301,1.3855613025832634
55,1.8274389294405586,13.534809324598488,302.5984357216206,1.0774471419386586
56,1.8162333866684555,11.3052674123276,293.9970627933339,1.0807356392440104
57,1.6469670560637897,11.758442855049392,287.4419971375837,1.1194536587852155
58,1.8694030788005747,11.779707099981913,297.24017160892885,1.3068929593721341
59,2.363003113710854,11.216196606746623,316.306711818761,0.9899160674888058
60,2.080701652786094,12.240240141995622,317.53684603293823,1.078245875727575
61,2.316336046656524,11.955687564577914,310.0265573596846,1.0525680759795708
62,2.1703026174326516,11.283464021170461,299.97199703099153,1.0056682408644
63,1.7979587516992996,12.149302016651355,296.6126252391762,1.1323396818249079
64,1.4557833793211996,11.966953307041635,289.4138813221456,1.260961814581878
65,1.6941380596477476,12.927838571288103,295.5329107836289,1.3683362061955524
66,1.7784921823378186,10.659617212318267,282.9828229947513,1.128265902197014
67,1.7529676528037523,11.194610679108218,328.08359130188626,1.248836636944466
68,2.3237365758637076,12.725297610837405,336.23157526747474,1.1995303590545479
69,2.3202941940604016,11.360257056551777,272.09033319050127,1.4443565899061497
70,2.729920281291293,11.096597737454916,309.9174818434604,1.3698488488144165
71,1.7479720135065127,11.409709058991389,309.6357632410525,1.079466946991594
72,2.527157941001257,11.899021283310617,308.54974942303227,1.421302924306922
73,2.525118177869163,11.902821063932958,294.9233465393789,1.2077638740799272
74,1.9233529598471748,11.790041563897667,322.38273729884673,1.2033206935825067
75,2.1562732809902774,10.97143485155135,311.9781141268355,1.5827241108852699
76,2.4094419722165994,12.773158927253531,322.58006981738515,1.0081479591998406
77,1.9805548745214538,13.326219762257677,292.4622963499823,1.4065685232786962
78,1.954990713519168,10.08957131361327,281.4858923208152,1.0028146925770018
79,1.7929786510312409,10.446459382576474,312.39339400289435,1.3941075923380342
80,1.2211872888412003,13.002856974774987,288.6299566610897,1.6132696992639135
81,2.023255633441198,13.56979634062574,322.92819329917586,1.2204008430448883
82,1.7657431219403692,9.870821028295264,268.8474376555938,1.1038306672170877
83,1.6451349542064468,12.815436501278834,297.0348217866627,1.1279754505855237
84,2.139323244547624,13.63787988644878,294.5293285898979,0.9676332832038779
85,1.5210669605290377,11.13758773416719,299.3495970888532,1.24346885920337
86,2.266006364122604,13.57966782689321,309.4386842233745,1.1070885299145066
87,2.159587774035972,11.822005719119995,311.7360075120237,1.1539939703479067
88,1.867936240139907,12.31463709057312,315.87553923934985,0.8286822984268043
89,1.9791076165613284,11.28076668545291,317.8347681929237,1.1047996488102734
90,3.809330800216613,19.368927187247202,302.08406478858,5.362201925412771
91,2.247611739110574,12.834452117615466,340.8479741490098,1.326822882410806
92,2.0618301995469177,13.724709355729823,328.5805356772688,1.1069705988984615
93,2.0864104850145497,13.440607369110225,299.69620033375685,1.6171130190356757
94,2.165623825292133,11.990849955782764,302.67314723358635,1.0015367149485959
95,1.7880029134157311,15.108378615181897,299.3381875240957,1.1105301055628076
96,1.4987107692760917,13.3507926484737,311.1760764356298,0.9656973541666272
97,2.3159150637211683,12.540516035045657,288.47705688757156,1.0811503807194338
98,2.2272770764920944,11.002845602346389,291.5778631642928,1.4895888449626482
99,1.8233315949205917,10.469967270772365,268.1547738279556,1.0462550332751421
100,2.135006365712913,10.55497214292334,298.222777810856,0.8057343270142603
101,4.450721283054864,19.612043166119264,323.10090612755806,4.526833142052103
102,2.3757712650177,13.377302655890228,302.41428265745907,1.2653885554818176
103,1.8136955839774414,12.487088913337523,303.3652469948457,1.2876490011713575
104,1.508708855006697,11.386626816631543,309.7287054455437,1.190237317623701
105,1.5653190039330713,11.864130989103293,287.96196364248283,1.0157227194514062
106,1.8971304157248134,11.742253597072114,305.429865614952,1.0698362732283047
107,2.4825646539847623,12.800050670523664,320.13560142348,1.3553475573476796
108,1.7596130139933486,11.12120223756417,310.2115738324037,1.121361871870302
109,1.8032118085069127,12.349686386116243,321.62880043144906,1.2016009018893274
110,1.796419337620955,12.3000857759467,326.4902424065672,1.0183322958101941
111,1.8245288372247397,11.151131989847087,316.2640259478427,1.2041091857449358
112,1.996295141451413,13.588006029210348,292.872760588939,1.0994057225136036
113,4.253681536142978,17.608451549309635,299.1496988184556,3.391326718227525
114,2.357838785587894,11.007249875443764,337.8353105004328,1.2073801608300672
115,1.9522090442568165,12.852879979520193,310.34086472658447,1.0240776355905752
116,2.8181144096593607,12.054495577154642,308.07626202613073,1.6384058296969222
117,1.6127215704784952,12.408428312659055,290.38069121364276,1.3676218230694945
118,2.5246558367022196,10.81532019980846,303.44516035453955,1.370971081441546
119,2.4591439813355405,12.812416251641972,317.17835096459737,0.9037066989617673
120,1.8641442770809358,14.172428364524555,305.25237707843996,0.9184890512663755
121,1.8696299975410837,10.737166270215537,296.17057000753897,0.9832223559874504
122,4.18054482387784,19.442609850344336,300.1144352298939,3.7428643984079883
123,1.6997589296709468,11.214690304649988,325.2610304062737,1.047320319194652
124,1.9998000365742967,14.689606059597462,316.35227381529205,1.2850497196044306
125,2.006829674801299,13.23963247815025,314.078683856658,1.2397598072716687
126,1.4712227619094156,12.28210734302997,312.49499636212727,1.1885850619167522
127,4.593801445580905,15.239500223206235,284.8884906930012,4.618632186968228
128,1.9143594371361894,11.013943925223742,309.6299344747375,1.1703156802178272
129,2.0216520514816723,12.74627450568179,323.1561271129121,1.0937189008259152
130,1.7933416469735641,10.63750780228251,300.56433379925585,1.356123698943878
131,1.9118868520996948,10.668886155257931,321.616277060134,0.9725543731517172
132,1.8819002232894113,12.008831265167878,314.2688542148609,1.1191993929533208
133,1.9990329594776641,12.133416669543575,319.070438323464,0.8898285593366901
134,1.9951853295587223,12.380031407194293,305.8659202714704,0.8994284812946005
135,2.2656058950185534,11.560474702182887,320.0719545406974,0.8715858197330353
136,2.074982579242596,12.920146546131086,280.1004125718491,0.906314449831474
137,2.232413396731836,11.138185287023573,305.56347724294744,1.1501100241589637
138,1.9967624288042067,12.626644353556442,317.12125263831786,1.0395096629093081
139,2.076313343184944,12.214120678668126,310.0370919461812,1.0496364522544825
140,1.9203691247145205,12.600649085628532,323.6256021520686,1.0440988436668404
141,4.162138349933834,18.17784049589772,302.32931997166554,3.6259398110768135
142,2.1064654017402553,11.544667654895118,295.693260358914,0.8795915969365568
143,1.9478352980107427,11.338922468180572,277.1357250142399,0.8528684528563688
144,1.9379896555980642,10.311606243848416,300.35956949366073,0.9332995568292781
145,1.9639510173884909,9.980997904077164,313.78687409593937,1.0864267411423436
146,2.0100464948134205,11.824025841930522,317.9371447337349,1.2030168403933934
147,1.9814008365977562,11.892477119130387,281.21384511184766,1.223931998682237
148,1.8155822537802513,10.913916876056174,324.9805271475528,1.310013804448836
149,2.252417183238526,11.128900300131559,288.43484604079487,1.1178551761158861
150,2.2732650775408962,13.523453857295928,302.94048159799075,1.0670335336327672
151,2.5886727565072465,12.875839780302814,295.3301215118218,1.6415442198278418
152,1.8008021954872289,10.738393125278376,312.09324802515056,0.5677597791107745
153,2.219924779300195,11.557651948881094,306.59927019821134,1.142539287789978
154,1.3699846856267148,12.406002691656404,316.5254654412873,1.4320913526326076
155,2.273584211457223,11.373548975639459,336.34467844691454,1.5211427593457587
156,1.519327902047629,11.191304684594568,311.7634920411147,0.9111350783939098
157,1.6751707358211458,11.661754216217469,295.1964461432178,1.081391183851654
158,2.10963435857522,13.090660885332474,312.83817346844444,0.835930169177379
159,1.794905318310637,13.18140130251874,338.0673671945354,0.7664243001282478
160,1.7497433416990396,11.26455318220773,316.1577844850923,1.0979244663895729
161,1.8400107125755458,12.460551094634312,321.0767913540198,1.2824886262186441
162,2.240776577333113,11.993588247122249,277.9092003517303,1.3771374009854145
163,1.6921461691821447,10.991764507513949,311.5769361822754,1.052385306789674
164,1.9821288948065632,11.702925486749956,300.44369825126387,1.2335032614748354
165,1.875043426102019,10.735765812002361,293.43787734476894,1.0701370304570041
166,2.2705639545385745,13.163055237153095,304.6206054365982,1.2567017649917458
167,2.2798141788473383,13.552472042655303,306.84677768205154,1.3794385538359313
168,1.3943570068460827,11.589426918425909,294.3853376661365,1.28857204192714
169,2.344886108192224,11.350920687455687,308.2038839235484,1.389141661611868
170,1.7984505508685922,13.054594437648575,302.0507193374189,0.8825802943051387
171,2.077976425536902,13.216148940980018,316.941460866774,1.2350719036163047
172,1.6901601156735122,10.885588598107486,308.86877229394975,1.3662551219877566
173,2.1224744188942286,11.85195533124735,311.39069710043805,1.2953418309603812
174,2.8419451546949634,11.941061612128767,321.6495954676733,1.3024961565139828
175,2.041964635224061,11.229223726345081,314.43424961726663,1.059929639090146
176,3.5738864776413997,19.380266011837083,304.8965653256448,3.6760612289270016
177,1.9233867925570713,11.300054664916049,269.5222758497212,1.1922496298841885
178,3.9474701636107548,20.67028341929974,313.7333758945152,4.0588846082647585
179,2.478157884434271,11.898657270164959,289.49730386163026,1.5275909331338975
180,2.1032514255068815,10.510937717774642,303.533956980095,0.8474805291248879
181,1.6538636909217106,9.943546730023357,311.30779874941624,1.1262322467700179
182,1.6646149642575114,12.918272366638327,327.6614934044506,0.8321851157562148
183,4.035472016619731,15.892061825458327,336.3194876246538,4.260350625428565
184,2.307558479801701,14.13486408302504,289.33928912318595,1.2695710649567755
185,1.6201733301167995,13.97183792508366,282.6303311018381,1.8591670186190803
186,2.3674250828161667,11.493521378280944,310.537191876176,1.3889726703962961
187,1.9697609278542219,14.339052995582627,309.12127181864423,1.1668399571508983
188,1.693019682947658,12.937574529387577,284.5681100752903,1.2094059024704524
189,1.8456621592309173,11.354686197056923,304.7177489671886,1.051446322712534
190,2.577022779452804,9.418160260187726,315.15819607769487,1.3325298173575149
191,1.5418895989400387,12.688155137600326,284.08742072295826,1.2853661788455535
192,1.7584753245377716,12.031295874881145,288.0920483337745,0.7432153170959126
193,2.3143525829295237,12.4313615857437,294.0492810988417,1.200649596865967
194,2.0714308243396995,11.77116382349555,301.3915757669419,1.1233653785277748
195,1.7388905299748427,10.856143069401135,316.7975155981829,1.493073111654058
196,2.3183817680003918,11.572973335578826,299.4498285492206,1.1365131571604372
197,2.3340575919458297,12.706637285945039,305.94038604241655,1.0160795035708161
198,2.109358920610967,11.64562463262579,343.1850231140793,1.1611212279966545
199,1.7979091260974402,11.639582142657392,288.7427251944613,1.1401908615913752
200,1.848759475454662,10.480612911942353,293.8991122458781,1.0880615670594738
201,2.0939431015484717,12.091200481778275,316.5275108629455,0.8496739277643772
202,1.5670634097995846,10.88806805851247,321.79673424925693,1.1850052367414354
203,4.577910909473904,17.847441757035284,312.0516148519819,3.5634880790682386
204,4.5434095080574375,18.279335231636576,335.7524486690107,3.233660635053445
205,1.9221348995527106,11.704295909504243,310.39675089282383,1.2501896884361732
206,2.117514482502166,14.163983565744372,271.40623738033327,0.9736591173814346
207,2.3913146741402773,11.693425777299412,306.6489266866051,1.1506923514025487
208,2.645335076727337,11.559425183866924,295.2932783903423,1.4664445573661982
209,2.5138038407119305,12.58562198589893,328.52479973054534,1.2097960629483182
210,3.560331555305749,17.209489150262876,321.39860909165543,4.290718984535729
211,1.8958672828519187,13.250809321778526,277.97525680016963,1.1564963463066094
212,2.1652271229894624,12.993940043455595,327.9554070809882,0.8685465948910851
213,1.8369082920223625,12.524451744874725,320.9692520695787,0.9486307726155729
214,2.5883130258633202,8.62290250652369,299.48414380528595,1.1266026164508158
215,2.5376938070248687,11.740588301524223,303.66648779578264,1.1142458134001898
216,1.730743053384619,10.727133773994668,328.66700969932083,1.2523451916902792
217,1.9464079934311111,13.12410678395954,271.4842974318258,0.8804788127040568
218,1.7526471350574198,13.052561087256011,312.5717660856748,1.071692581406042
219,1.935607613444964,12.388009889830773,323.58796379712555,1.3311201369088137
220,1.9256073247199834,10.796888802859987,303.4918784778954,0.9994768165734454
221,4.768824670996727,16.92393585880212,316.01446682341043,2.890246682375245
222,1.7068066609678345,11.737738860980512,306.753627121483,0.8167025963506886
223,1.1364726303645978,13.805371066900566,291.6713324148974,1.4881982904030524
224,3.674733703590155,17.66836779248704,291.2464897039577,3.259528851047638
225,1.6606604678067791,12.506808018916647,317.1027975454449,1.2313480085461106
226,1.7836217756309662,11.53969561543747,294.19298566585144,0.92207248676654
227,2.0617675522030203,13.406955577781808,279.0821240472721,1.5162968189568733
228,1.6436680111754765,12.608433884293609,307.0807777592655,0.8508459626640088
229,1.6003368052142224,13.442891692514621,296.2776158435353,1.4261892437209007
230,1.6932823521748037,12.17754119854704,284.6151618709249,1.333982360723051
231,1.6318341796172722,11.952961340744201,306.21970636215406,1.2460107955108148
232,1.817017064382437,12.59513016289881,318.04370458147895,1.1316459586332754
233,1.8028951593546283,13.442540509091208,305.3425510912541,1.4950789314189343
234,2.2273887496013574,13.016734307239172,286.87390544688225,1.626250276818311
235,1.6734553029270245,12.138223807154272,313.1906605608604,1.1246581546410621
236,1.8819931126511755,10.1427814923721,322.5976584952997,1.1401877625431192
237,1.8201425156274662,12.810386039371323,342.62158077604767,1.009576159553996
238,2.2669320420923973,10.561295202546008,329.5113485145166,0.9103192037743448
239,1.9490878389141577,12.035005756152339,287.90890736662226,1.1942296207037022
240,2.346729918721734,11.884233812629425,319.5874065476081,1.2244618952498791
241,1.619717841918413,10.582231516934387,309.36090665117916,0.8676167449712084
242,1.9837090192165094,12.372503089873833,285.41431426522223,1.1913649425919635
243,1.8099559643801224,14.154317740207278,309.8245186009735,1.1790203466055076
244,1.5954047876977508,11.68739446882008,337.61750386442054,1.0812433796987808
245,1.977721356474931,12.76587966241313,325.3296915822259,0.9670031973577706
246,2.5718661602176236,14.355689838742109,287.77135329397714,1.3875151147073115
247,3.28846897449176,19.1705870088284,305.2331926870439,3.667816266084973
248,1.957939855993537,11.355156692342272,313.3584653152164,1.1807759404736642
249,1.566963565534458,12.237014796122748,275.5916387721345,1.3723595934668227
250,1.518454835271677,12.480780183109315,276.177558017277,1.0773298835894296
251,1.7402067313168428,13.433813133273961,307.62867334984725,1.058990898405674
252,1.8515056061623705,13.214050340638085,307.8504758488783,1.2352747172779575
253,1.8661575964927204,9.230116381515433,273.7400781311332,0.8394375722356824
254,1.9254117450238553,11.143795447803823,311.59554993702966,1.1448896524845416
255,1.456050228567888,11.929973277386399,323.4783659594731,1.3821310460209404
256,1.793437750202699,10.984712937462305,301.2888716294733,1.1187473170933049
257,2.165580296223213,8.299908440909359,306.01680036525005,1.1808728438760212
258,1.5517791259448026,11.274381512249322,314.7139991836322,1.2361231797588137
259,1.8828019207011266,11.996389392512338,312.46349769699896,0.984083621125068
260,2.096638440779562,11.474715317188561,276.63341746319134,0.8701688194574039
261,1.741851915732189,11.00305674492366,289.6129397340685,1.123254398855325
262,2.1127030507330797,12.04146462478483,298.27049158479366,1.368776426818337
263,1.4980283278029396,12.34308817525213,290.36594013663483,1.4611009931921795
264,2.293188359067628,11.531402886034527,329.9384644656113,1.0842283775129622
265,2.1207142419209197,13.371743822473672,315.7860909505455,1.0358137077595155
266,2.0183695831581243,12.057714415879476,286.1346681014578,1.012266735895554
267,2.3711899486809274,11.128486330365119,301.3562921174934,1.0975080525232557
268,3.9363361281238265,17.595801566209847,324.21666632985557,3.8987119279033244
269,1.796107482887569,11.787030196741338,294.01393034639807,1.3372710173646356
270,2.452939613752091,13.113420653537455,319.4769255238524,1.6797575090907022
271,2.6074527147374824,11.176311290856866,328.51405473953116,1.1628097522941339
272,1.7711655569811382,12.5958794839967,325.67439639899163,1.2627024948161085
273,1.962464731754421,12.094556910014314,308.0668704579251,1.2093403963458167
274,2.34486403927628,13.993232969504676,326.2674249543599,1.1077880635678812
275,1.9742121494024452,12.390251463660569,296.1219537180497,0.895210458397262
276,2.1962142078835347,11.301773760574141,347.2599827450836,1.1789446289016614
277,2.257533187171166,12.736369528764687,309.0944422043872,1.5650964297216263
278,1.8144394900663405,12.77002199089597,324.49550075586825,1.1751576966687667
279,2.1383606389220855,11.602988987704185,298.84584939674306,0.954422751746338
280,1.9979564108117207,10.83600429566999,313.49004706527535,1.0685493275492297
281,1.5984333641800585,12.53603519122657,314.23887917124335,0.9719437676406296
282,1.6734146266786278,12.063515176765002,289.2098275374947,1.1698300209404784
283,1.7847024149491983,10.483449908262447,288.70646271150014,1.265420496613155
284,2.3064115507648593,12.254520998990612,301.52345654081677,1.0196905669173193
285,2.317248193563398,11.363007101978793,323.79065324538186,0.5112787711988157
286,2.2474712630461338,10.484397958137519,273.8657300546347,1.1933462706933107
287,2.145236532077654,11.647883656611699,298.8315632652242,1.0127675510963694
288,2.136232681361625,13.282918734206863,327.2678345887251,0.9613728259951136
289,2.091594948353094,13.208061500088057,284.05380031155937,0.9533412527566288
290,2.134507028289139,12.946752102007368,326.31631127534774,1.191267512348058
291,2.1568696526091866,12.269232890092123,285.8275193983496,1.0336758320387414
292,1.5365406853099643,12.5957972033551,289.4187925605652,1.4192617390353155
293,1.7392184418384014,12.098644581478002,302.49722977610827,1.33265468648945
294,1.660455863920926,10.89494917378553,336.8488041624759,1.1173535356394597
295,2.3653578525258228,11.094498101147565,294.11987766099065,1.0785883484474603
296,2.545853034182592,11.392819074442295,275.5396325978421,1.3102741327283107
297,1.2842141862639822,13.401359076636329,281.16708719285486,1.3885779489499157
298,2.5163888219176482,13.076690731120445,320.8431192346327,0.9148248592744024
299,2.028618053265405,10.920122436673175,281.9694151534312,1.483328526054892
300,2.334197540322372,12.053391115416199,325.1953977831798,1.3121137069757853
301,2.1671341610130157,11.597392857247272,306.1864439587103,1.0246219649164814
302,2.475330367687974,11.844899460699317,304.45138914754597,0.8568055118622325
303,2.0692150030079737,11.463957181047773,310.0541721813108,1.066883871903895
304,1.5500600285917374,13.405691622806277,291.38435428975487,1.1079211422728665
305,1.9651272883548407,11.981093463126365,307.34382266541826,1.0886393451154717
306,2.1701664952152457,12.216156804601273,284.7177590554701,0.6851790175222447
307,1.9287328364936616,12.224258206133323,327.9311458041191,1.0086996569510178
308,2.2170514683103812,10.97222982503898,287.53598109151864,1.0469446502471285
309,1.9783198617486535,12.108553697840527,312.4609707937028,1.0618363624218836
310,1.8034819246920928,13.062316821786842,287.4092448615696,1.0767024632171307
311,1.6416271335071915,13.472690985480705,295.93552202964605,1.1900774556662759
312,1.8707009237639962,10.852185032280557,298.6448554192832,1.4146007913874117
313,2.067508644401108,10.48139876261127,355.68291567566297,0.9998227611332966
314,1.3534007045955363,12.062134580041523,304.7544165255013,1.1769846110938955
315,1.7425747844640422,13.109187575735033,291.03399345031653,0.7956198955233846
316,1.3410916252244485,12.359596454283688,297.4425545998441,1.2669571213031965
317,1.7963652981872469,12.680296076079806,279.42056661961203,0.8454594121118315
318,2.395113862314784,10.639750979093478,302.232639335264,1.3888105367215156
319,1.6085815940294843,11.428012515730005,336.46847329495074,1.1757680223631939
320,2.232042716134239,9.803887694207098,310.71267202666047,1.321276166710097
321,2.940112292013066,11.857511950754041,320.35781614535654,1.9411023066783362
322,2.4796675833149253,9.835780559156728,289.5309581233132,1.0696386406380736
323,4.271302642117961,22.389068678512587,301.543183122891,2.802713366837988
324,2.283283370412839,13.554821467908935,308.4663447993549,1.4160920304379525
325,1.5480046751958587,12.140643492061766,292.66978388275373,1.264509375535197
326,1.4807731643745172,10.48742689232207,311.80011452442847,1.371451821636443
327,2.0094703759962,12.375712653913176,315.46228305820904,1.3066511208672862
328,2.1315414859445756,13.859132558460942,314.2284168642212,1.2900308914980017
329,2.361153413802249,12.475735499686927,302.4315842852481,1.2629396194048395
330,3.3942207735925143,18.95231336148731,323.54549211109355,4.843394536388824
331,2.063820509839343,11.51483468830378,300.62050354518584,1.0888744339175922
332,2.0525068136624816,11.128789952166617,299.07004660778625,1.2055921982497821
333,1.9566399451597658,11.92913799083735,329.5061631207078,1.065813957630198
334,1.9760832908757795,10.07329464505927,286.1815729050902,1.3044649793795262
335,1.717947514128945,14.264088561313944,276.0495283466468,1.009170307383203
336,2.0923034447670377,12.139650046480494,290.2471226239524,0.7687110864519191
337,2.0643664934643757,12.866772954367008,311.5831127535267,1.2335536456821878
338,1.8547961172345084,11.538491471603793,326.8210472459082,0.9090444773873656
339,2.2197055077877774,10.456913630141713,293.77118536091257,0.906079184097808
340,4.333823674895367,16.74858542280542,335.8522378449371,3.4910268866062104
341,2.223534177671903,10.875899718723367,305.46235502269735,1.3242357779624565
342,1.655993704379961,12.348838763569242,303.03599769763076,1.1048708593151981
343,2.0328831030644574,12.443084811319453,290.5510516060675,0.4915777795934745
344,1.6992275842550608,12.073951303678884,338.17303786680577,1.2627357364135137
345,2.031863066278945,11.215415763817802,302.4450890736772,1.233130432608177
346,1.7005128899834285,11.85036776297377,282.3562035547409,1.2589716349936957
347,2.4214639013270793,11.04994917395762,346.7803673701178,1.3043024266549845
348,2.258499384776548,12.809177692558938,311.6923915954899,1.1051517633673147
349,2.3804864707629885,12.571546927498215,318.5801176602728,1.1076635429953603
350,2.347068289764514,11.978597566902103,333.5865237542923,0.9534505926886427
351,1.9107020951806906,11.431648528304969,315.4458639017255,0.9654646166618143
352,1.8595487846359495,14.107317899782016,321.57311906975576,1.176527389204656
353,2.5747688634710504,10.697936013846665,305.9235262295769,1.3724081229568006
354,1.945510515443103,10.455386903139157,317.4734488863988,1.2598057542523082
355,1.5529883879842403,11.917994019371976,304.41931715253736,0.9426017653176713
356,2.3324640221097224,11.741952673429093,304.65642854070194,0.8366849131790239
357,4.770029059984797,19.208757832914472,307.0351848610771,3.604605228510683
358,2.496961560913064,12.646116454946672,298.2541425172149,1.0491323625865245
359,2.08017999373368,12.02952558698204,313.5744232007106,1.1411833667625548
360,1.9933995091755847,12.500337782819473,313.5313679786568,0.8380516877090767
361,2.5036198668956477,12.482165748249658,318.92158219820806,1.4932988701238465
362,1.4923061061377942,14.10355672018195,315.87331075560303,1.0953948440283625
363,1.8068304394810075,12.253363390495435,339.00073187747245,1.441669825308781
364,1.7071702192877813,11.318922867320506,322.8947055738216,1.2580249239949914
365,1.2756236730708161,12.19850109982821,301.4767178629519,1.214280649067391
366,2.288148221245479,9.381320586729759,312.70221556504055,1.5704272294630632
367,1.81605192338563,11.967352458579638,329.0158679407203,1.1740693377553808
368,2.29877145374337,13.092982471105987,288.85045578673595,1.188567797808346
369,2.128398542107419,12.602184118870422,339.2421104829749,1.0971790246068753
370,2.200357013987136,12.298556043645675,291.8311296262531,1.218199282880771
371,1.8497181713225863,12.649239155570495,320.30468168504217,1.2190865916735156
372,1.747798112484934,13.103256544877716,305.11220748381635,0.9664408007080005
373,2.0296210888225077,13.425233407298187,304.13414920145453,1.0578337034138223
374,2.3033255004916957,12.447455900289459,282.85048114798695,1.180184134284189
375,1.9833739381903652,11.683888565487308,320.4275016136511,1.2167194770081973
376,1.7683610135313435,9.686478009440224,283.0979108532036,1.2532049598451755
377,1.6043240298385417,12.978173427007729,280.47290604135077,1.2299752323199837
378,2.067373795056863,12.515202513603903,324.7149513129118,0.992749730396927
379,1.8171577134735826,12.1526594875158,335.4232951284823,1.000409024982922
380,1.9763256061613859,11.311948504805763,293.6568219740731,0.8620498150910638
381,1.9212030018579425,12.965152003340556,322.052856802139,1.2223697923641308
382,1.8533377783541,11.742763574171867,318.54094800776056,0.9901406616772342
383,2.096955175050639,11.965577888954016,303.4441821831049,1.067477290194057
384,2.1829863477675553,11.944011410831756,327.7088869872718,1.1683088635464682
385,2.6485420517347587,12.449851718165498,302.2184229352984,1.3615630452239034
386,2.250129345845889,10.851367988969871,313.79808047042343,1.1376678442392871
387,2.5259151687264665,12.562551861907346,283.6859119831748,1.09049141024943
388,1.7298618774374268,11.279111643191973,284.4124962874318,1.1990167669396306
389,1.471688225660082,11.314196293100844,324.8737644014093,1.2104845336762582
390,1.995238015612348,12.88524004755775,314.370488596748,1.0827339699357226
391,2.283148990569203,11.00497153890443,302.57823310905536,1.3813011757466214
392,2.2313833669926115,12.883442401010466,337.4333684163961,1.2342573615495478
393,2.3997559188677697,12.101366724708905,337.2543664211452,1.084917851606546
394,1.162940031534882,10.351723251129927,312.46585599592225,1.504632237182271
395,2.4134823753117884,13.3644758516465,280.2538629900354,1.525887339212658
396,2.110702666721781,12.310253727263495,303.1028172039943,1.0461216594676532
397,1.4904755961087457,12.39412586588987,290.84610889007195,1.2689376218949913
398,2.238764519420506,13.00724231058476,306.5217310438203,1.2681743810866373
399,2.055929250354878,13.499220744561299,289.08294816818193,1.1449777078287453
400,2.1258056685307567,12.201026896216128,284.6641592847477,1.03524915733597
401,2.3297060196040693,12.617287322496068,266.5355748566656,1.0187136443535336
402,2.141990871582136,12.371185930617425,307.8433743295165,1.1104802843732027
403,1.513967717505004,11.65713229329832,265.9210270147554,1.3780648442416987
404,1.95280133097164,10.416563697104856,299.55590880123117,1.3655612242303474
405,1.4661770936192058,12.21492205910421,316.804748545493,0.9836086577346315
406,2.2141904205844343,13.378937830644556,292.724373317531,1.4810009379867992
407,2.461330179722733,12.583332963357657,286.55791527900897,1.174270020983476
408,1.5903208523577326,10.932576809023558,303.84660172150205,1.3890242761391174
409,1.7784169590243046,13.097521505644906,290.91370601591564,0.9829343518680165
410,1.7088181240296842,11.69053014814366,308.1561846908703,0.8303999836689376
411,1.8502112602603489,9.907974127504996,287.4418922862999,0.8513214992458233
412,2.1360996422056266,13.017903815182521,303.2236032548886,1.045292979876257
413,3.5296713230542935,16.576597663311016,299.11084772872067,4.536534953559276
414,2.215334956990678,13.78072837311791,304.80413253630286,1.1349873604907332
415,2.3515753241250716,13.14777340059742,332.79757709829215,1.1265883031591348
416,2.3635805562386616,11.77220072633684,308.39678487359174,1.4055629726486958
417,1.6310002385280162,12.459359845754463,313.57555007840347,1.1848168750713877
418,2.4573565516759985,14.423918565655104,294.378517574573,1.2856454435825766
419,2.483803854009159,13.000007037836985,308.7953591211869,1.8673264892429993
420,2.5123843773082655,12.23820002478459,300.3283415164651,1.2611657037347306
421,1.9479211094931603,14.88915399420627,305.50415269204206,0.9625125481453362
422,1.7518919838076084,12.117581010956489,316.03207470471426,1.2343576578600337
423,1.675200406811572,12.581814818878836,296.49602471580215,1.3122245509329773
424,4.143394790363221,16.70205406477698,298.23322758785736,4.6601466116364705
425,2.003857834199407,10.32528113440511,296.730950622208,1.1313917198423982
426,2.27979111264184,11.712197708051646,296.40276606208135,1.44498169389386
427,2.4311642855258238,12.038408084368518,307.94499891975147,1.486709079945182
428,1.839766151600424,12.329263584409858,298.81230726951543,1.0924981990048275
429,1.9872328718635046,10.580228953225753,330.46525818083575,0.971402147349757
430,1.965618107377523,12.660674322117947,350.54576609030084,1.1865734796442358
431,1.7903575175445041,11.169614475956323,295.34498115181566,0.9974023100827071
432,2.2427973448210046,12.608734359394415,309.9980485894798,1.3135816750262594
433,4.2978118471895135,19.666932144658595,322.646128792939,3.0270092971199056
434,2.04680164778947,11.604490909947371,300.48226594559236,1.635364252121096
435,2.118240794934655,11.0361810677324,288.09535063180255,1.403327528174644
436,2.2030989118259696,13.543649317383627,334.5489462949009,0.9098263845559587
437,2.199794216313028,12.872912094299195,316.6646739946884,1.0209912555788485
438,1.723298314479787,12.151976333847408,310.417737700542,0.7646795032364653
439,2.295788421085172,13.468427763679854,329.65888080222595,0.7266949285003164
440,2.0842708188345846,12.083261723975514,318.0939639550035,1.1271683474253231
441,1.8565766556565124,11.379492789805349,304.18510438866986,0.8742768172773215
442,2.077295798177236,10.99829793562724,288.3972752821901,1.4319414233836714
443,2.1136775673192676,11.892200864646357,296.61336034478666,1.3395950966436319
444,2.356988610164161,12.771720477981592,325.48199449075474,1.1247144513147749
445,1.6547686425998904,13.389759215107818,316.59545613176914,1.1082320198135631
446,2.437244836705884,12.023510216034476,301.82666747057954,1.5156080806375616
447,2.007644897582243,13.213124927935677,335.03157430642256,1.4429576940289317
448,1.8329694272529624,11.78573056849797,302.3272381313562,0.9307779299918589
449,1.8228698270471455,11.218401981344146,321.7878053324297,0.9072159329648557
450,1.6695486397469488,10.693686766199612,308.7406638038745,1.1074845935137658
451,1.4254980883602748,11.493760037658134,337.86020163618673,1.390870857890748
452,2.223541960518537,10.731342572550345,317.80177328004254,1.028247693762549
453,2.6536925121392483,14.0095116311902,305.784711180622,1.4553774510970892
454,1.466186934884181,12.439296426309346,301.9603748609637,1.6667326886184455
455,1.6863587877429818,11.904385150835688,304.7386674819429,0.879783662783305
456,2.24802245241796,13.722001762345574,292.6682463905802,1.0490042088676073
457,1.9849398201384305,10.697732631028495,281.7660466618435,0.8227422384919083
458,2.275358349950799,11.862857164104256,310.248501631856,0.9796928145646187
459,1.9664322273608839,13.999673792101861,295.9301852728056,1.0417633146966792
460,1.8083929252420954,11.855959493275332,295.8850213000284,0.9773199951281408
461,1.9254721034778668,14.446813778404527,303.48971597869496,1.2074392458328096
462,1.213910490655532,12.785604839441538,305.88779845275354,1.5133120209796698
463,1.6226501659360066,13.305925908632233,305.1253921969434,1.24808741243259
464,2.3129321934921716,13.33489482345487,334.55102098074366,1.099374909862238
465,2.393326948579019,12.001602460248037,316.2604509544938,1.1529961774148465
466,4.604014451524973,17.67296897962319,340.8328648316149,4.04890910401671
467,2.145486884327851,11.884559680119587,297.53716371230325,1.0633916427860928
468,1.2554972714855308,11.013067496686373,318.3232509331802,1.5274581361560184
469,1.7904478453682433,11.934037116770206,298.48198680929244,0.74252736830499
470,2.4371363732610485,11.995593950755039,295.46075841527687,1.276062954779546
471,4.466878326471613,17.919283311650865,341.47422464890826,3.340454141265885
472,4.180866981662668,17.078841085566584,291.9414794202796,2.699215223428439
473,3.9491334263082685,19.816549743101806,267.060521945216,3.294105410588367
474,1.5688299640303933,9.840455902356052,292.9648617441975,1.1435283709918593
475,1.9865915753137011,10.782956299970058,270.8584977502947,1.1556882738522665
476,2.0048863160159867,11.644654672334633,288.8274834817788,1.1914316745658609
477,2.5166363906301794,13.492494464014205,290.4026810455496,1.0282198557643325
478,2.0751711290403296,11.890422799716653,305.59979000247637,1.1852711567457002
479,2.0055047890306543,10.532173164348748,270.15685733623343,1.327974009468123
480,2.0242533988873412,11.754875563851037,325.3311878433792,1.0016266930511444
481,2.1319534138216865,10.802401742245086,273.1119225220654,1.110977879131186
482,2.2067252284003174,10.606374231850195,302.828236014884,0.7127865852003014
483,1.7609026467740614,13.9988278176539,299.48936821321,0.9560370663500798
484,1.6509852697735623,11.648391133319349,319.03095611832197,1.2296270382269483
485,4.190866822931163,16.95067927002416,310.97623567331203,4.056742705233924
486,1.4584563728362245,11.907043652831913,325.17683966143295,1.1619715319202608
487,2.5404566615375748,11.748504375391551,298.85529403637355,1.8149751242115655
488,1.369476029906279,11.159338967712367,297.0993055956429,1.4092654236952036
489,1.807101426165763,11.689365395828354,312.01744674590407,0.8683987379172826
490,2.3207118102925377,12.337235478524146,322.4964319519727,1.4212073027106997
491,2.0001128233958303,13.418635312063953,319.02617463339493,0.8494113816959051
492,1.5655626547585926,12.947435636554074,310.4708416289491,1.282701605382623
493,2.140721290861579,10.780933102544918,308.9552625385526,0.926429326116108
494,2.022111432794159,12.988532418236606,304.383084895392,0.8288162377137915
495,1.9287040648141474,12.47543801152737,311.96881279619294,1.2955819663406412
496,1.7941056440416405,11.375278999386504,339.5938855561465,1.0743279485164028
497,1.988580020154902,12.182097096186569,300.8762525135331,1.4452152687946416
498,1.8079658680557227,12.572287183649898,298.80366725593785,0.9192770892530978
499,2.8033957807202223,12.047052947822875,297.50205027879605,1.1882476235688644
500,1.920794339900465,12.480243334156722,311.619336888081,1.0079564958377663
501,1.8766602052396935,11.1370489830762,268.9303304253518,1.687533637028935
502,1.8212600719890297,13.992832044246512,302.70395104671627,1.286590857829939
503,2.5863937781366038,10.070715271021776,319.9709964712496,1.4239703538304522
504,1.459107930294463,12.57785122332814,296.0540765043423,1.3987776652947927
505,2.1186126992268077,12.366763463010322,308.1739787068354,1.0117540745667315
506,1.9210343092807864,12.642943393451715,340.8587028762098,1.649736114532386
507,1.530277965468136,11.291629648351737,310.6371978746386,1.3284131344133168
508,1.7297048118051717,13.169197028333055,266.93314743811936,1.218160139749052
509,2.1045948179889247,11.892019318321688,281.03196576852577,1.3037554369917854
510,1.714750237513491,10.813785060930066,300.7329447258178,0.8957991600097289
511,2.085656096312614,10.905189611724044,291.3349595603905,0.9286795356063805
512,2.570620565466496,12.124705068837589,306.7575144986109,1.252774076402793
513,2.0562982234817206,10.40347847653851,299.99220762120996,1.300230727466355
514,1.5203408820869164,13.800505983442422,324.8232160581321,0.9830345764786054
515,1.7205572335905264,13.048921280542636,286.44736539799874,1.134943837205754
516,1.9058161062140635,13.826844320850997,301.47251050299377,1.063729871552962
517,1.8837624107317625,13.7214234891089,308.6933942836782,0.7934997683133749
518,2.050164568888253,11.648093535198408,310.7992855395334,0.999773892261104
519,2.103106170885762,11.130670537349824,307.49568939582605,1.2150415707689357
520,2.5710742251892236,9.322227317835814,264.008351802912,1.0055440486804956
521,1.998772510520995,11.593765875107035,306.4159653261371,1.3822678529146533
522,3.2852566445396096,21.303475369163213,302.43717566112065,3.8569025513552493
523,4.5657922964363955,16.76680034810851,319.68986579951854,3.893201717786586
524,2.416798110337738,11.790079005136244,317.29049524567984,1.2093444277543024
525,2.07670622102197,11.445429750917118,309.09435668688633,0.885183588878238
526,1.9186898495810425,12.374995153607715,310.3237901828979,0.9741596610727785
527,2.20544031284119,13.28608468421431,327.99051268690437,1.1985384903284015
528,1.9303436614857552,10.460789382485483,324.55503382062676,0.9726772025114151
529,1.3216160535034303,10.652224018369408,309.68064403843977,1.4230767775777324
530,4.499960304110388,18.175809618641583,341.47211088964207,2.221682727252907
531,2.294442987401611,12.73306687445181,294.32066248253113,1.2440379197553217
532,2.4755587860251786,11.74061943865154,284.8474671624151,1.3454329381579406
533,1.7588497138256536,13.70708276192641,304.815753882899,0.8105174143436873
534,2.0746345542342204,10.634971113610096,298.64523234385825,1.1169153036453563
535,2.0817738540914843,12.931213491191032,263.08919773904233,0.799812331613976
536,4.426782718538879,16.22315633770186,293.9095262301464,2.3948984052368965
537,2.037902492634451,12.606543836012893,310.84094761468117,0.9821122412452264
538,2.0122548850743986,9.612847887874727,304.01352832215906,1.6594766254049393
539,2.0698773025223294,11.739296640105652,291.80015600119816,1.2581049497978167
540,2.2444247412184666,12.736796716036372,305.71953383245324,1.4154617502856235
541,2.402694883112824,11.936669781605172,307.09223214713336,1.3222244724135945
542,1.7504103011710994,13.255297772800851,317.1562645256428,1.179711587872696
543,1.9431405529198997,13.221805007140787,294.0944890260139,1.2810827813146666
544,1.860539320437073,11.041436374779408,319.85556543877976,0.9841442805768721
545,1.8133281221239808,12.82399265133368,286.45906943759115,1.2157076851398059
546,1.4667096329490112,11.00733734277176,296.44259237360546,1.5117467041503816
547,2.0079934104314776,12.054015441154757,333.8828844272121,1.2399239590603575
548,2.158175721949945,12.65612824930762,287.59407795084786,1.3640681195962532
549,1.948817081873372,11.164717068739417,293.8009556852763,1.1381442404126658
550,1.9970438941889619,12.786926185564383,283.6971119698966,1.438421548274278
551,2.1380841862100133,11.494644253848097,290.9364714836976,1.0701753395749363
552,2.4656694994039983,11.419302472587653,307.3521736864891,1.6579842972603696
553,1.861477705257398,12.706650983539715,317.01121897833013,1.2266183086860996
554,1.6133680022698165,11.16402705631658,304.68315173018254,1.1158910158693258
555,1.9701547514921074,11.113164530636904,299.48027256324866,0.8647262212663731
556,2.621575216912082,13.041156040030081,283.8728439359605,1.177942358559055
557,3.9259001010450643,20.098308378901528,292.63878226190695,2.4293723860028766
558,2.2145447795414936,10.545880504696704,278.71739142174386,1.1107944254294388
559,2.3821113656640875,12.85564137838821,317.52151362303715,0.9357339722345582
560,1.219373707599894,11.593398767756556,318.7032443770026,1.7363656829383125
561,2.1353734327908,10.596986660438535,304.3123908113637,1.1335066739903163
562,2.199125510234121,9.49268498883836,312.50466672603824,1.1386135364436585
563,1.9117793835446482,12.903414297032409,319.8959537469029,0.8717480180112234
564,1.7866752748403933,11.140081933888428,306.7205510906032,0.9744070710678225
565,1.8050814236670865,10.756155228701498,328.69138162787124,0.679482346852047
566,1.891572396361045,12.639402830385992,287.5955241638911,1.4308500861386417
567,1.9003083095430335,12.805791596308854,299.07260612314803,0.8226184997986513
568,1.8380435758902667,11.21289700140537,297.0483831431906,0.8478817790392854
569,1.8863231666147928,12.912640659605978,316.00304759850167,1.3906465803324717
570,2.3929613018693874,14.054892921113128,280.6195974014567,1.273252454319416
571,1.5992385029580054,13.346663270971098,329.6155683209474,1.2237254195490475
572,1.422810720320375,13.191057095196955,314.5501644684159,1.374605123116203
573,2.398239085387324,12.31412912213253,334.7550060345055,1.3891085835129156
574,1.9366341394176079,11.556281794471078,304.3102893724598,1.1224645073668837
575,1.8718833434807631,11.944113947103244,295.64457191727615,0.8014696553565892
576,1.9632983491682192,12.440741603662762,316.1708035259364,1.2474731214028532
577,2.0690613112571117,10.7424880413451,322.5196063245427,1.1874258434504394
578,1.8270630950509392,11.23061809239354,292.8548457119838,1.3528531168086408
579,2.16695727212361,10.572249857017415,271.0408593710779,0.8674625603481765
580,1.6824533506430641,12.235186622291414,273.95348833779735,1.016649862683912
581,1.9003973613097687,12.083053922395537,309.44354373939865,1.1845686020359523
582,1.2691502357560318,11.347291334531386,331.18321959383115,1.2422653409868012
583,2.386838254505046,12.820499205379742,282.88574267701375,0.7222106772109236
584,1.9418910601353223,10.955399634071691,300.3697721651508,1.141559638060536
585,2.221134350273262,11.31016525982276,299.076357612057,1.3093197751599293
586,2.1572696128078626,12.780526484912507,337.64904514282244,1.089548549101582
587,2.181438547522536,12.928815780126138,343.397827802486,1.2300373922976848
588,1.9974340755704656,11.204273797291156,312.2156957008042,1.1806775849238473
589,2.1281150396039274,12.23204260474324,320.26600623766524,1.11227541881029
590,1.6827761438380584,11.221192759220969,319.79338290338103,1.1895838357887336
591,1.6135110764441882,11.802660466422696,283.2345333161935,1.4624393089786711
592,1.9666350419432659,12.143837394151564,316.87489126240973,0.9078400813854733
593,1.7756737944693972,12.560366198815935,287.66668998789845,1.2858087552806086
594,2.4704031771723107,12.31755901349311,302.0838909073975,1.0010175207078553
595,2.1237976616713463,12.273162340540242,324.37552976641325,0.9505459913088371
596,1.7635611412602221,10.921501662892995,306.37586653871654,1.3738435299770344
597,1.9103916552931586,12.388276639307497,323.74243949802633,0.8630121073239798
598,2.043892172056073,12.5510653511963,327.0874785138056,1.0528761945672267
599,1.9775590244708574,12.688934530087133,275.1321271794037,1.5725816514827358
600,2.0896761908683072,11.280479820529113,267.9791414310293,1.310096059971556
601,2.0226559996725615,12.915585616583607,324.755571732129,0.9528838498916289
602,1.5410832730048736,10.682765138223175,325.4409252894254,1.1174097786304864
603,1.2902014927237095,11.569181845955951,309.36210847715205,1.3783414053409135
604,1.876709015185643,11.724480917705836,311.6676722879312,1.3718132597084547
605,2.184962592682458,10.737590937496702,320.18181086740685,0.9208814910304502
606,1.880418218594019,11.709288988495196,319.86495149298156,0.8964320891417609
607,2.4080661574237245,12.2214809143448,299.828872295935,1.3459117644533152
608,1.9845273892313635,10.174227818166663,321.24945400077223,0.7639210355885386
609,2.447874701203153,11.605311616229155,299.10995648251725,1.0421514532160294
610,2.380128134957221,10.251599067736676,309.1403687141371,1.1725705910562316
611,2.346924665507574,14.041538784316945,308.40038174374905,1.1678571261976225
612,3.5439182299395826,19.716692455426426,290.38953532339656,3.2433474499999457
613,2.0056564204311567,12.125829283831008,292.36921613444713,1.1707679167838945
614,2.4035152508691637,12.23207341165914,342.97985090528545,1.3117042313506118
615,2.089873759170153,12.604520630600833,289.8379422028378,0.9725100561966309
616,2.1829387686496595,12.978154849834528,311.28930753314415,1.4529007499798234
617,3.942217866648078,16.598864576778947,314.85658599993235,4.071987677205227
618,2.633200677100662,13.310177597426756,304.0783230482077,1.1476129258038805
619,1.7388464471534126,13.245825294017255,316.41532890117367,1.466440839718493
620,1.3418397032224352,11.933653389142458,310.5927155232356,1.2639036082242825
621,1.884128506517728,11.8812713093168,290.20572368200465,1.144098938725645
622,1.192330328998048,8.897239203375927,314.1258940003559,1.4070885397830828
623,1.641908702218915,10.756008837798412,295.739990813346,1.304332833986404
624,2.844308904924467,12.518849276263158,334.591376116692,1.4456660091387545
625,1.8745865434239375,13.200617466309891,312.2951297126904,1.0255804288472805
626,2.68554388994577,16.355676001392638,293.0973900565507,3.092011095870667
627,2.008348302566819,11.92428493422171,310.81892241712694,0.9996531593745597
628,1.7037247641394482,13.925872700568444,289.27747453853647,1.3687859072284816
629,2.285291335892397,13.005175556367139,309.38224435989105,0.8989038555030822
630,1.7064502228026066,11.606173581255094,301.16313757566934,1.1459967771917856
631,2.0893421243446024,14.182110651953414,290.9431901373112,1.122841863259297
632,1.6214705178320885,10.9038327652934,290.7294962928714,1.1639095763141436
633,2.8576792877808828,10.528159779462543,346.39388238877245,1.7497402563067657
634,2.166195827609014,11.578894612876077,306.5536687889287,0.8163354540970968
635,1.9519830868307857,11.241359821979415,297.66043420130364,1.2150129355601784
636,1.9033237772916758,11.635068385513101,294.71638380438856,0.8568042514613096
637,1.8173120055277099,12.798090696401115,313.0098237493439,1.0189371361543884
638,4.185403579216489,18.464595779017184,294.1455674125946,3.455572848983608
639,1.7398290803602086,11.991703232380214,286.39149456280626,1.0755488875502734
640,2.553848520652444,12.058814816208905,304.448955252628,1.174541618777922
641,1.8176373939519912,9.687674507025214,304.3205254844273,1.4482731539472704
642,1.297291760809321,10.484739492081932,297.9104053701507,1.4544285795946348
643,1.615230652109635,11.614688734570578,289.84803124952583,1.2797466236962862
644,2.3061491245997154,11.157071198652263,298.3534827863406,0.9366102041391646
645,1.9167330613248588,11.768212512853882,297.0161648066394,1.2523141200759067
646,1.9557530719549976,13.40412837960809,294.65780901254067,1.428859026272908
647,2.3860387689683007,11.925550502606802,309.70050116005785,1.3663779110241112
648,1.7435350255731399,10.677831782277014,342.845875710562,0.8783775405230826
649,2.2086978483031983,11.206900212735327,327.6400078957352,1.034175600411276
650,1.7795985605700946,13.710575908992254,338.01263097790473,1.1518156348106896
651,2.19003929012827,13.532493971459015,295.3492477464213,1.0069586225484264
652,1.8709253672460127,12.595877435648882,333.4697000370102,1.6169275323609185
653,1.9202887722976223,10.43751692930467,308.86368887827587,1.0074841193371522
654,2.2706441069787218,12.30680493510415,321.76817935923594,1.136743634093994
655,2.246848186535225,12.383697099150702,312.7809672868186,1.0177334993594997
656,1.945408764816487,12.02554020839024,299.1644573244275,1.1481844686035156
657,1.8443641889017208,11.42998894439064,317.2314595163028,1.391487956736089
658,2.527718702878946,11.637368956130256,313.2438194115141,1.2956330487637255
659,2.19447916779433,11.360285092812928,274.9408295099808,1.0796470800012337
660,1.870923203142898,10.854926041640976,302.8898880710768,0.8955476188326947
661,1.7844821601143808,13.365987835468244,319.8308711718308,1.3705649960450326
662,2.338216177290906,12.882313795029695,309.7161674242961,1.1421831255842922
663,2.0380820283975427,11.71507055741669,312.98100650696256,1.0635598924152532
664,1.9460275116083916,12.352178308367769,292.22579493853584,0.6340186421622067
665,4.784274144018114,21.162878531955354,309.35558030887955,3.282425344286282
666,2.111472968630207,14.342883558076062,303.36217560975405,1.0274832626227106
667,1.9812925813478455,12.872568680915705,301.5412950117472,0.735016097783223
668,4.072415598923437,16.53701473555416,293.45264072343264,4.475169837623573
669,2.4155816971499555,12.037981013069334,320.55266002927374,1.1000305672983555
670,2.175523079336594,11.565576041589825,310.8729659083766,1.4982149533974722
671,2.4536572668635572,13.382710252661616,309.1573121739689,1.510487355720242
672,2.0028039334856134,12.652272117566184,339.8633392623568,0.9560241523165677
673,2.227809231651523,11.170458045945601,313.05458588179687,1.4060388989900954
674,2.331470585227741,12.453866554339838,325.4084436899377,1.4902295431960042
675,2.3362826324054815,12.837386088420812,309.6398580685387,1.0583062143873094
676,2.3022797187536534,9.904169043707139,298.99621730380125,0.9501192556991139
677,2.208292434046956,11.077613207415332,286.99466553204593,0.6958282218046625
678,2.6458522781605684,12.362764826039907,309.1036321759623,1.4347059222451684
679,1.8219003908623879,10.075538696171243,259.7206778547394,0.9250008973818273
680,4.028215283831142,15.754409135997548,309.6319402901502,3.5364599489846387
681,1.9292115427054557,11.72953825960574,310.3617726809127,0.9895366265937241
682,2.622920711590112,19.481343518014597,301.3013511425997,3.2281140950221743
683,1.343705225673071,12.537783706901118,303.42977186426856,1.2547499075617397
684,2.4537053858837217,13.582399552691461,283.7301181929954,0.9676627339578907
685,1.6614066485147285,12.082263887889498,328.55526154120236,1.058689527679899
686,2.056038919886212,11.627347146539478,299.2667337461381,0.9546244897552216
687,1.5307858113672874,10.692640413844751,288.47442331114274,1.2336692843138766
688,2.2048361911375136,11.615372383572964,314.2592381089693,1.146865493660897
689,1.7408193081397347,12.707529307996728,306.88285383243567,0.9274132536927868
690,1.625132565044011,12.752722203487119,298.90830866303094,1.407286906272088
691,2.064133343278963,12.264619006728493,297.1114327860335,1.070636386388173
692,1.7687575884407325,12.547114935294717,304.9041422233977,1.4336411627917889
693,1.810527498291497,13.276383559074592,327.8788714991012,1.1704743541174958
694,2.056690573015875,12.075271843119959,312.98228897827124,1.1158133768334706
695,2.263996519699358,13.367318837750235,304.4150592313727,1.0450147605910243
696,1.7299278390023352,11.273353160700655,319.4913758872611,1.2681900411446718
697,1.6729064835828051,11.926708955459508,305.4680421491801,1.1730472546912794
698,2.007749610005151,11.519166770139579,311.82638868920094,1.2717303768268406
699,2.177953351485167,12.792705131739009,307.56917144377337,1.44056626460067
700,2.4827092133140063,10.98551555340855,315.02626710623537,1.0990945008272734
701,1.6464612325630785,11.678234524496508,297.4495490384821,1.3001863049176912
702,1.8950708565807743,10.140323509177346,285.6311713194362,1.2238495128690783
703,2.388009388274834,12.594376085569861,320.41641855705154,1.2849641785932033
704,4.827179452155477,18.30309432371906,330.58378140282036,3.4025893352307715
705,1.6722799702281113,12.910707951300097,286.43802157608513,1.0839949800234319
706,1.7561920664638055,12.812627613469777,308.04795846049166,1.0200777971824155
707,2.1257630312212537,12.839400395979949,297.3692067818273,0.9890627186098008
708,1.8093447630762811,12.699693828436505,320.017437764013,0.9545117468167011
709,1.7494535210117157,12.614395622506079,309.1929774920825,1.1180201364924118
710,2.0806753001017393,12.678913457628626,361.56702886930907,0.9524716017132527
711,2.5113085847341265,11.344317870092441,299.8756307497213,1.3492193494393547
712,1.5678708426172026,11.799806556480153,331.1339697285772,1.2271668952681363
713,2.4944502555672394,12.070243260708512,332.7887209709693,1.2854027698203727
714,1.8103261578676468,11.664294861300487,314.07115680385107,1.0676073984128187
715,2.1141113340152056,10.43369036396516,305.6304164294293,1.1218529245882
716,2.524980737963614,10.764991013106062,306.6122408573305,1.2214104650041775
717,2.107356785459697,12.229976115023474,305.17348248579617,1.263054413171822
718,1.901827954094268,12.905775908721917,324.2660951110234,1.0174975495139185
719,2.236997955489264,12.009341909159707,290.1651829496789,1.2099290729089862
720,1.9428551532302947,14.764821861854195,302.2632724576758,0.8407504420276857
721,2.1720458463662227,11.08023756984473,300.2028387187003,1.2607668258038636
722,1.9324552705353195,12.444942142065699,275.65469484089266,0.9909764420965885
723,2.2841804560063825,13.291202610649442,319.601553465961,0.9676160100153205
724,1.5399035414584286,13.065677121165578,323.06962948368675,1.0034870990096065
725,1.665537864049087,12.655066861774618,294.21828662945336,0.9257719613193481
726,1.5350536197935778,13.07025397384211,322.5122517631307,1.1377343181845367
727,1.981378288365208,12.0553943476577,278.07781874236616,1.3999405351974312
728,1.495252387792776,13.66288174482055,305.4072265544414,1.1292929228887416
729,1.7716955802279497,13.283159106354262,302.85360599829175,0.6904819665339501
730,1.6345221604922933,11.147772399289453,306.49172804279306,1.2559091690372268
731,2.488293155747812,12.321567937634386,306.40326789428565,1.0249754191765708
732,1.673075483781973,10.452703370473147,303.690291725236,1.329226892148255
733,1.575439918035297,13.52178897323571,298.4078604379275,1.1275404314172697
734,2.081951716142704,12.224231441031735,303.151998536218,1.0493623684240252
735,2.556650981005348,13.348772844067012,328.17476106472407,1.5315755658566659
736,1.961697863848924,11.89064249523217,295.16177785154866,1.2244554754065946
737,1.9872226288625687,10.14373250123469,343.3407802241699,0.850825811884243
738,2.4259499621558973,14.637367541069992,294.20220430387485,0.9926369718703587
739,2.2898156816114272,12.13108854718724,309.08100668758755,0.7953697521177676
740,2.1403869449219246,10.9997913765982,314.71051055388824,1.6328634589730753
741,1.807827559627936,13.14576228839089,300.04014960899144,0.9503552960190539
742,2.150466109074582,14.035857281244295,328.5001746116676,1.3479994279330836
743,1.5509412485336131,11.797561825542987,314.2686003174261,1.1185704194797401
744,1.7941870687004426,11.900757589273027,301.51665989557296,0.9102914474195133
745,2.472382674815232,12.238046234711579,328.3115011417618,1.2426622979240003
746,2.42965758596457,10.8890293684479,287.73663973119017,1.1491226598009923
747,2.144369950780674,11.309332550418631,295.3867801679024,1.27329739981955
748,1.3633132719457026,13.781925864365022,314.5636973427716,1.514206176518152
749,1.6012868957655604,11.867793562100486,318.62492923204707,1.0805345226958676
750,1.7757740985573574,11.16244302197479,310.48457204764264,0.8431810144898213
751,1.9433393196582234,11.547958103636725,302.8377305233347,0.8625576582417227
752,1.587364320333032,13.072823687330134,300.7254508449711,0.7490746939036868
753,1.9187164712178635,10.02410311487506,324.2338157415816,1.0492044191543886
754,2.583207428591267,12.254649897353849,309.08670904211607,1.3085210912555636
755,2.132275839363362,14.462218745042462,290.17194086918806,0.882282492892332
756,2.072212787557142,14.03106262728903,289.1916598256834,0.8505028842160995
757,1.664206711723899,12.573202780818672,330.72884231409677,1.1666926464406786
758,1.4591350203848727,13.31644261004398,292.78105259619105,1.1549807245226464
759,1.5946951795707973,13.306826284796275,309.6364281404418,1.159262847364208
760,1.4458015811464666,11.874147996510901,327.9654093905301,1.2169792804292203
761,3.5796664793083446,20.464426300667103,314.2158239432514,3.7840012370989147
762,4.846037302388743,20.66143552906413,292.12007906960855,3.6748556666881456
763,1.6814543155696156,10.73623775687587,287.7332003818768,1.0651633983097348
764,4.233892870970314,21.590169259124945,336.7881040383881,2.7701120278168223
765,2.4847679593566534,12.361475448088552,287.3002019370882,1.2356334713277826
766,2.646040122974588,12.103164484974211,295.5944230236789,1.3765064255851995
767,2.254235415747242,12.014633305665381,311.3325618565037,1.1045342109890024
768,1.9423026336937466,12.231669972530428,301.27906636569975,1.4844307794704823
769,2.2435744004791642,12.315572197849486,314.75468848322555,1.169339403384327
770,2.446097294613727,13.11861529286318,280.04787386778304,1.1920863134308486
771,1.3376147145291155,12.47651466322718,301.4232104735912,1.471856638945155
772,2.4890827824728174,11.822123405323628,316.5207087048234,1.6708779277625847
773,1.8202863492042893,11.160078542508971,316.5782423092942,1.170568746483555
774,1.8234622248706283,11.527557482172963,295.2682943028315,0.6746259931983344
775,1.882873769046647,12.26116610287903,287.63092924183684,1.1949172138608564
776,2.105627765795999,11.293929262117674,308.6331228261209,0.9310703941663879
777,4.3053047668432765,20.42209335122361,282.6881350243912,2.9298415770865676
778,1.906011368551986,12.430055140672856,326.8326001313864,1.4449892443778096
779,2.173341478144304,13.14352742005701,307.6759489920963,1.4149186062537336
780,2.0721285122604174,11.361180779032974,293.1542032042266,0.9221900596321344
781,4.2692968505198206,18.044008400772853,287.0734760744364,4.565370887052386
782,1.8930903249141944,13.136057226267665,294.23803668152965,1.139119843131327
783,2.228924284312677,12.129953956667554,278.44717184947837,0.9554561549691727
784,2.348617320260942,11.79748287109811,313.41124419348466,1.1483363735801317
785,2.3288249730136945,12.698660495652396,291.35160795378295,1.024401630457216
786,2.141111376838235,12.661449238645726,311.7944199498531,1.0322652379948511
787,2.309834560878814,10.744236263266707,314.1382771968604,0.8786473831020291
788,2.2874499927578613,13.38464512308609,321.4219529420079,1.316608714459497
789,2.8832476092057684,11.589593056584626,309.2814091489131,1.8244361382039425
790,2.401962133116074,13.700018047741905,324.12898430977964,1.1801348071700313
791,1.9707144349103571,10.666451386436338,328.56387739057595,1.0932832387052083
792,1.699145835175533,12.317398882480312,309.38965789832974,1.281949605392128
793,1.9138237159294935,11.814378799061524,310.4149517731633,1.1049845671682255
794,1.8905109976520067,10.024765323565816,295.52294541787495,1.4533452315804798
795,2.1687694473495363,12.658207978051664,288.2103800904968,0.8543869670669488
796,1.7689154390875312,10.076062973254993,326.7952666582888,1.3052964379974756
797,2.3934184666017333,11.708333139032973,315.2976431114747,1.1731219426948492
798,1.5414442080545525,13.104275477716188,316.6760939562335,1.006127018147029
799,1.4612667050155825,11.46996402270496,294.95793668498663,1.7293625577131682
800,1.9554117173846348,11.09626584848448,332.60666556140814,1.5782727057700443
801,1.7219555137654812,12.80035647056201,301.11356328342015,1.1063574290361997
802,1.5847828281851821,11.7504819494706,291.36870788208256,1.2958363554657868
803,1.789766914848402,11.594940305310178,295.24753987165934,1.0331654765558742
804,1.7487096764039554,13.274992477169324,331.7102574842271,1.0770920640615669
805,2.0033443293072923,10.832721264845423,286.11219035783347,0.8735070971235754
806,1.7952446398562938,11.540392744529578,292.23091732904527,0.8699409114454095
807,1.822085661777476,12.866447011069772,354.27465841616385,1.4884551716665502
808,1.9983943129869732,10.768052644490481,320.9976415175229,1.0922480217358297
809,2.33469971834269,13.775347159736194,292.5380506277714,1.1795718042826642
810,2.485346003611301,11.783152514933228,286.61539490246054,1.0839440169261685
811,2.0487632956197412,12.874527381412365,276.5641477130831,1.1394683130344245
812,2.074429229194272,12.872435178022542,306.6509404857662,0.802675785928414
813,1.9395482842923726,11.847712076037572,317.37634602574315,0.9475180216622283
814,2.158812044619496,11.52098788815344,330.8195695683164,0.8756822422232842
815,2.1287723889927657,11.957035438045803,272.80227912022156,1.3688578672079852
816,2.437529735419176,12.712684247490374,282.46851445626294,0.8883083342675048
817,1.3767274723787084,11.013575156039142,302.96764018136315,1.1050074596419743
818,1.9226157445749714,10.796741411268897,352.3903909496042,0.6941949059559047
819,2.1119326568121224,13.484202721753624,320.0603425407576,0.9297654637902564
820,1.9913262940111032,11.265144929567104,311.3375961538363,1.0081424483862267
821,1.690072899408283,12.354083882028403,284.1762989610486,1.3551100561741587
822,1.5712089958506423,11.797795791100897,268.9602499153215,1.169594701754486
823,2.2660864005895243,11.842134388776588,305.6604446550388,1.0617798412323944
824,3.783853812689725,20.704754420484385,303.3107186843607,3.6778987811788886
825,1.4208828378031513,11.914830812242476,300.4472721506284,1.2193529217054944
826,4.579983792473278,17.393550021434148,298.53262764995924,4.315762404160347
827,2.1514643571472014,11.730284363725108,292.2779816525234,0.9960230152689354
828,1.9617615478387824,11.496541580922495,288.38008384039784,1.1836489076326417
829,1.6981979743888607,11.329909307374956,328.6216325698788,1.3217635235221812
830,1.962564323687737,11.50055313708412,289.92901895923865,0.9769260856649652
831,2.401143908171338,13.663210112888615,300.3054830009379,1.2328426562673154
832,1.467149235610496,12.711488827060426,304.33567220282515,1.175867470656026
833,1.483887386475934,11.654803451140328,317.006765695532,1.319954944089296
834,1.7928374434389045,12.981655634618823,290.51888419966156,1.1467929596124538
835,1.9912075833582423,10.41280619861263,321.6271563655046,1.071991332014287
836,1.8362236736983524,13.37567835171567,295.14567185359425,0.8855173534413788
837,2.2121294698051166,13.295155769826923,302.2477481226409,1.5006382848564483
838,2.359315201667955,14.23633401402364,332.93267595621694,1.2973264444079562
839,2.0919936956204643,13.011551439078657,288.5231288773226,0.7875194903127563
840,2.1849426734395143,12.437234543865172,317.2553801114915,1.0371324333236742
841,2.089792852167812,13.291140384868148,322.0783847570124,0.7911197030849786
842,2.003137670002055,11.374190568626403,310.2682626380855,1.252422377092272
843,1.5731256290611506,11.60458350829785,303.00197602285203,1.2086209312151155
844,1.6607627364911326,11.935755181546561,341.13696859639685,1.1721663460233933
845,1.5541969025992641,13.368881530900392,304.76462829487093,1.054745603805267
846,1.9509934176628423,11.144121647217766,308.4693175005576,1.0383762227168978
847,2.076651750313943,11.03793830243034,299.279044844082,1.2610796244348288
848,1.5217434130221457,12.236538078207017,307.5683915754553,1.452978635421933
849,2.0239563655436625,12.717530497075865,321.3900056380097,1.269640046607992
850,1.7111786116741312,11.296919424059924,300.31980920450997,0.841285659596559
851,1.6471642166328366,12.670417952771933,269.1549821585167,1.139962510506141
852,1.793634692534966,13.368399342050404,313.73069310788594,1.1770664083332045
853,1.6302427555461347,13.200461693483525,286.6683145011502,1.0378115424219392
854,2.2001975089265646,12.353292768528242,317.61189951330596,0.7930458610179809
855,1.9445585420438538,11.909402251111022,304.97747956064603,0.8445796190109705
856,2.269020638805904,13.735623635647414,321.03285475629576,1.44482565828468
857,1.853646203804931,12.01540399449145,288.8781559454074,0.8749877726017702
858,1.8661235995783838,12.940354619615205,295.90123953481645,1.1206243318452265
859,2.6182162714684405,13.958281479185576,299.21938755811306,1.3056916431490513
860,1.464390044345488,12.835268079629934,279.8012025555094,1.2471080397033931
861,2.423878810328501,11.002908767092988,323.8941435481614,1.147425119060686
862,2.5459929324231227,10.760977218691712,277.3678104261074,1.4426545376889264
863,2.252719773766295,11.702370579936899,323.654331505629,1.1467202999229396
864,1.890944745107562,12.709499123458226,312.2147741374522,0.9822427581529943
865,2.470877683674115,12.444785866844013,301.6192553501715,1.2477387564960651
866,1.8938187512363003,14.207082065463673,310.86697452679124,0.8514813309431326
867,1.767090756715462,12.435056287761407,310.4014659016155,1.2288218831273516
868,1.871871446416751,11.672558783249366,298.1927255031736,0.9739851242036316
869,1.8118360660908825,10.86665789689011,310.06854684411667,0.9972772823810376
870,1.687614368776538,13.180437377897345,317.4301165847891,1.2631120726250198
871,2.3663025852559585,11.993938770791749,288.9403941030427,1.101726919137072
872,1.7447620436348115,10.493860231767268,310.88531418977277,1.0701875459967025
873,1.990216493655947,12.022260602915269,260.35247336379655,1.3335853916006946
874,1.5235552764983946,11.004261888872993,272.196801701699,1.0461021895081166
875,3.440284499017011,17.029369158108004,314.59695307645933,3.1954075167122054
876,1.618544405406496,12.006191976442667,297.8969030586486,1.38011999526514
877,1.610439678434673,11.09482195166501,290.4915510676102,1.4274689311599393
878,1.9639349896682927,11.512375831043643,304.0985669495319,1.5361104284499927
879,2.3488008475097084,11.255880165886682,298.2688218671382,1.0470024116629322
880,3.8754966927655556,16.064193757646667,288.19366743717933,3.9352156041863595
881,2.1680097274238106,10.99197948286844,277.13616679713385,1.2809439967574294
882,1.9571273306069275,11.517235435396877,271.5413229975294,1.2891878235576222
883,1.8892387125003292,11.105301558226047,317.55947054941754,0.949459269389836
884,2.261076410703098,12.586584115975846,297.8175076078856,1.239220651425803
885,1.8141515364341352,12.20080005353029,321.48233833689363,1.666255956013895
886,2.27536327096774,13.194715224990787,297.644947201748,1.1679443384800858
887,2.40786248984824,13.886703390437603,311.0344891925574,1.3878378835706022
888,1.7223423616179936,12.677325013921768,302.868124499013,1.4631456108941472
889,1.7708329864410415,12.449587024633308,305.75559439060464,1.6333100923849608
890,1.8199204828831805,12.740337272294894,306.5816257803865,1.169245678399852
891,1.5159023335013737,12.466588817002158,297.42298513386487,1.4959040506099481
892,1.845097098560827,12.050199345426591,284.096434281049,0.9571780202498681
893,2.4294784132824367,11.970674193652602,318.02423967475295,1.2193362475296103
894,1.6549600710293353,10.978330035937969,332.0902954672649,1.0845220876221744
895,2.437314715855803,12.838919554304839,333.2066619695584,0.8415032462066308
896,1.8569633288754845,11.96870519014167,295.5944115118444,0.7920781287931011
897,2.6976317602439086,13.449518974290642,292.5360971144986,1.4877543597644856
898,1.7750016884459088,12.915135903585316,295.5771983867994,1.221324814121943
899,4.8066781812217165,17.512222834840397,302.01076416355556,2.7962541603360225
900,1.699639588486508,13.246691046898755,304.1081636098528,1.467411226045202
901,1.7730587447166772,9.439258043496423,288.03521620962584,0.909935127254327
902,2.441599125063269,13.930225744957813,279.8444906087281,1.2723598600008141
903,2.1565971060958633,10.661554722250335,305.8490192106258,1.0321561537862507
904,2.3395098671285584,12.495112179170869,244.9830452847588,1.1928551137676682
905,1.5658555306732893,12.427416166147529,303.28883407163124,1.396565133875693
906,2.2160933895421118,13.12371686184175,288.9392906570119,1.2804201421244858
907,3.8733527465144166,16.396046944793092,318.2626269524183,3.3496530749948565
908,1.5586848906991586,9.854481528137944,322.8097929107875,1.3367817214156155
909,2.0787928258216732,11.672712088619443,323.2111779242149,0.8493002634800437
910,2.0754176500257664,11.780837697500342,299.1104030180592,1.3304323758498884
911,2.01760410947872,9.950807983382695,285.702551796622,0.888134442143089
912,2.23679427616713,12.045371608960737,291.1519306132675,1.1135575297498224
913,2.2882768848191133,10.924148511335455,309.8893816140838,1.0812588243719359
914,2.4850106819339213,12.649085103093453,277.02030392429975,1.3158705827103518
915,3.970924887262738,21.228303442324226,328.6903413208886,4.221169225111769
916,2.4956653609985744,13.961094885519733,299.3792894594453,1.2206220504951526
917,2.62116279159954,11.743821343159517,313.5029524315299,1.662996400135869
918,1.8791440945708286,12.430391266341195,274.7157560664737,0.8500051382870315
919,1.449397744585852,11.786928493540497,289.25830556210803,1.2874676767333353
920,1.543445358687191,10.376731811539592,272.60345452384155,1.0064086942591286
921,1.8475890442918752,11.795286994862504,322.3602213946196,1.2492719695536345
922,2.6646667248014495,12.753413441171478,302.2765194221247,1.2285589876407506
923,2.005636400067049,12.601989805664962,314.71218420841603,1.1077269848338973
924,1.7963292414719016,11.706732262172132,306.0780325996113,0.8607857154980032
925,1.773817254742092,10.543243883084035,312.9640759165101,1.390026319475458
926,1.5635016327480888,12.644458587733286,299.26348837305505,1.2326870946448885
927,2.2886100897945285,12.419486585463488,301.5397249789436,1.1791964889169158
928,1.969617314242702,12.8434108538526,303.4405488802429,1.2663846509108478
929,2.6929437382216026,11.725887804765378,311.8957381337629,1.147424329838414
930,2.2073091008207286,10.315625207190442,312.3460131607065,1.0036413174862142
931,2.273878984298899,12.533760183076696,352.79442702812486,1.180516845101133
932,1.9201054058549163,11.990857234926516,333.5872361654533,0.7515598819859932
933,1.639959988402749,13.391683773400112,274.7611006398762,0.8494445251310664
934,1.7117182764913705,12.028733032446418,302.56720687523665,0.9872734732164782
935,1.548148508516603,11.954533110810498,298.09977071548656,0.998385729017521
936,2.30043025753997,12.41725447186598,326.76221817377,1.08718750119613
937,1.8729779882088575,11.403068931198868,299.63228463577934,1.21448987503838
938,2.3143251780653817,11.35486427887643,312.89291091659334,1.3112322623080632
939,4.511296177752865,18.568762232779058,265.269952285238,3.784535398745516
940,1.9033699425957529,11.079593691730027,279.26878620631425,1.1012642793649716
941,1.6140310644603786,11.770904534534035,340.56898404474185,1.2232344115786675
942,2.0995388018776837,13.9395613574487,305.8541547695402,1.1011668308819456
943,4.103150029932548,19.428052531399103,288.0261796010267,4.100879000590511
944,2.297720696225289,12.30803794139965,309.12880481078315,1.2346288017007017
945,1.7639144769610524,13.551677260954918,287.09799779130725,1.3189801038931266
946,2.203315565254022,11.175103901993355,300.1826497877734,1.3092707261471015
947,2.541479977353437,14.490439869879996,280.30549503285175,1.3856570054114905
948,2.0899434518377076,11.539497482440273,291.5917392975117,1.4070502555384212
949,2.2591461794048207,14.00380589550918,297.92227627920334,1.1469885921538427
950,2.1887237812386013,13.99940304777965,324.0518883437241,0.9997687928155814
951,2.6263701898907823,10.246770193202794,312.8887821306137,1.2536415507484
952,2.1226149391589635,13.467092143141814,315.8549086110156,1.0881543730606251
953,2.230986421072718,11.716090859547323,304.5618309268123,0.9163529143598073
954,1.9880289105897342,11.43203154268193,318.98843467228295,0.9774153380980097
955,1.7444517832246895,12.524638120164987,290.1501724211649,0.9125215067998004
956,1.6013020237252142,10.992084675245241,292.5439989353116,1.2673472996240716
957,2.4180849416601027,12.501997087916278,311.92904821476696,1.279137131260247
958,1.6672414074569617,11.059205517702434,300.254494369538,0.814868528806486
959,2.2461352849285325,12.177079279261818,304.76462057783186,1.0067447700133891
960,2.137285488026641,13.335362579090148,302.2097002754519,1.4767230984221345
961,2.3028691638155916,12.386517935432453,326.3086570475451,1.2828284344039216
962,1.830145032547538,11.640208412718852,327.19439985554084,1.2087547407893708
963,1.7390591282205405,12.54141111083792,294.3551820704163,1.009365234463713
964,2.12486270657292,10.5935197579951,275.08222110285755,1.16712274201333
965,1.9035272478415206,11.161139215803965,292.90455268491013,1.102868351305988
966,4.233911038708419,18.745423634277362,289.7516775083447,3.3510366377091443
967,2.639713428972314,12.786850246118126,319.1397217935843,1.2549667311339814
968,1.7388353052323602,12.40579875382143,320.6484571051658,1.0480376548839965
969,1.672101205044945,12.535166454501342,287.47173888835437,0.868926272033234
970,1.9200951965008053,11.972617451089567,292.1734191045676,0.8392451089664221
971,2.4134433278221117,11.211900353997436,279.85681151666324,1.1660861822840547
972,1.2849774357692065,13.488116936569336,307.2844348998869,1.2473798874860744
973,2.3860615928098983,11.30220654553234,304.236420733904,1.132223375842063
974,1.69921374451942,12.41903894970582,318.41507089646177,0.8349623019967001
975,2.087293329235724,11.88789534684625,313.4512320075103,1.264989679119528
976,1.7769177026311458,12.562993167034655,315.3734505079551,1.54695062937168
977,2.6573325618206622,11.394513014783064,278.7859653236425,1.5733724999346337
978,3.9673019085626544,18.819436099147158,294.3524573779316,4.5366159821989465
979,1.766329788387392,13.378277915835938,321.13125418063447,1.2590775956330853
980,1.9006398637935622,12.991323082496372,295.844205986135,1.1592380789627381
981,2.0295802347175567,12.157625325973648,277.3313801340263,1.1178470741093474
982,2.0586332805615264,11.564874753896316,318.73582285781816,0.9192261515956577
983,2.144791619562036,14.822111783859558,295.1864950847551,1.25100921232466
984,1.999536479464836,11.008375455238031,323.06482889165693,1.2261418230371872
985,1.5455364025191236,12.881229551720132,304.6869497457147,1.1354511228335096
986,1.887711668602452,12.332784888076624,300.2872694706817,1.213018191590381
987,2.200197263697483,11.937462557821279,328.17424514909726,0.9860598854662916
988,1.7789386738949298,12.185162939734015,282.8548544746681,1.004247154411895
989,3.858693680629017,18.10949155297922,329.3817600537285,2.604274740988952
990,2.0104669838760776,12.427055543245247,294.1309480757193,1.1861734125162835
991,1.9281457482670583,12.316824485960067,307.76028762537214,1.0568122134177749
992,2.3940674845380654,14.677653222925173,307.92094332223485,1.1267460621103191
993,1.426416623353187,13.07082221508376,297.7389629994376,1.3389332416398725
994,1.7771441035726656,12.515882772126407,292.044084268692,0.763712035608598
995,2.406701474193996,12.575558933309626,298.71302278759265,1.0509978916796603
996,2.6039162238406663,13.839537655495745,287.7524343755224,1.0731013567559755
997,2.754377519941661,11.029573435259728,338.3533309301165,1.4552035879399021
998,2.0166173250116404,11.81726725623823,296.82077349831724,1.3178948961365817
999,2.151106135273129,10.092861172321273,324.70210332530905,1.2095882436482455
1000,2.26975118298777,12.558773842161902,322.4619402957973,1.0428151408271165
1001,2.4207748398122337,12.8481737505443,311.1698055622667,1.0684525400514575
1002,2.1033203384426713,11.004399947765165,302.69345642087325,0.9558452776125816
1003,4.556915059378374,18.345522457281366,308.2942914003665,4.19862161301309
1004,2.1517253541466923,11.281120007375215,314.7268860433208,1.1278852208182484
1005,2.172333900829764,11.657531890983437,306.70796383014135,1.1583635515503956
1006,1.6969381518229736,12.119565915620033,278.3652671590582,0.7347188947870846
1007,1.891359472605846,13.594196362759815,274.0887076237482,0.8711299969206003
1008,1.8274861646343195,11.141802181919102,330.6527998048001,1.1096164581293737
1009,3.389411170084921,15.767902023186748,260.209863645337,4.745232854445396
1010,1.454970276010398,12.774837754792422,308.3266476116565,1.3107872040638853
1011,1.8602029254645909,12.568470163679486,301.00537375361193,1.1360925718732118
1012,1.9129188322760342,12.605401033066704,307.7336194795197,1.224791989862819
1013,2.034662235089188,12.761500222173941,285.62056539902136,0.7269125834410892
1014,2.1833934874772463,11.44527727539488,310.9615172948801,0.8998068495273501
1015,2.0620803403899215,13.687779786830324,308.50227938097623,1.0824669949820902
1016,1.9152193114149099,11.888850601827572,351.9371997037558,0.9749757727339794
1017,1.6980083157936312,11.756151797017596,307.2096607907949,1.0944878487823582
1018,2.289432802175402,13.347625501313754,327.91999681607837,1.1737437193932376
1019,1.9663986682944976,11.36943313312303,279.52234351738326,0.9517134032549812
1020,1.8568493676477198,12.320278190699021,322.3416204067715,1.1511591287152372
1021,1.938470086803621,11.277165376004763,308.8466461502664,1.2111441830040857
1022,1.7581943653729464,14.519235815445017,309.58555762847743,1.149267191880779
1023,1.824877605274335,14.308654516726788,309.82066523882645,1.2631596248065964
1024,1.814388756614238,11.889759018563455,334.0077489122639,0.6867716741403262
1025,1.9051786520598453,12.519857173500533,309.3367759172837,0.988367484033594
1026,2.2163991357499695,12.005199805047381,291.6699251638419,1.3074999050717881
1027,2.1343469826184007,11.651400511591602,294.52905333238544,0.9383198346838705
1028,2.5104233444026587,12.119631499105866,318.8911673957,1.0615180221879674
1029,2.3998706003969628,11.95939856477754,312.6067427897422,1.1738821901972674
1030,2.6456191851674102,10.479332592568035,278.9819477455407,1.3549671558435459
1031,2.1845222982913737,12.26302332156559,313.7489110056082,1.0141706707968887
1032,2.179224723383265,11.957707127487357,286.6001799342863,1.4886300978102522
1033,1.8391527933797451,12.312200456633537,312.45038633598955,1.1733386815646525
1034,2.2725849161735145,11.922482222235518,291.30558134518395,0.9654909964226894
1035,1.7834814130857806,11.639660636521453,300.2148105105353,0.8411642974706299
1036,1.5147496769540791,12.874910060275699,295.7382562175792,1.3271053915305195
1037,2.503686719441759,12.533134403708408,330.8215207150015,1.0719784445369278
1038,1.5877700737712184,13.396047299935688,311.8314117552703,1.6358826379712461
1039,2.1448210905665475,12.49472976447233,326.4389210392246,1.1985919127768672
1040,1.7094906469649904,11.802393448184866,354.218613578869,1.2643197184790065
1041,2.371800315521305,12.616768526184435,305.79569081280897,1.2354434279732427
1042,2.4167734953043296,10.01938684076103,330.5338331671208,1.4320079779420365
1043,2.174628676449651,14.103679888730786,293.10925368492246,0.6398372693879064
1044,2.4113003541271456,12.274380143777567,326.3329278687994,0.9642301416128057
1045,2.0024212350242707,14.184455894125755,291.2723495937031,1.3068312360781
1046,2.737277644672597,11.130654940319367,304.68694276382644,1.7371345440746624
1047,2.2462345270526596,10.882354617385936,314.12692016619656,0.8905350889983412
1048,1.7028179853241812,12.365833292664314,316.8019309109737,0.7910303996965595
1049,2.022970213885566,12.362534742766659,283.3666220838565,1.1338314884534835
1050,1.9496743313490275,12.338244774436944,290.2606272944175,1.1986527409641325
1051,1.9173600607155719,12.18582620325048,315.3946513391052,1.1337106783658766
1052,1.4531440547932617,11.371882839073612,298.7488184253773,1.2734860681920321
1053,4.460955450493662,16.471004549698502,281.24507534935657,3.729670658168331
1054,1.5427015169496177,12.283150556650686,303.7933955133744,1.1546535517952872
1055,1.1666155974276133,10.717407999701619,302.9774843958959,1.4854281225217465
1056,1.8864754984293095,10.622993702261272,308.00755468225134,0.9983424034206223
1057,1.7505550943805614,11.619368201531763,313.9971024561041,0.7548304264037469
1058,1.7156927858302673,12.430658985328384,312.916073104417,1.2670622737229091
1059,0.9759783363793779,13.987759237256293,291.9410573933539,1.9232971242074972
1060,1.719221850935494,12.979259303253794,298.015916031882,0.9899496366361998
1061,1.9426981844930082,13.43321758712908,320.77240778589305,1.0648414471713876
1062,1.790729199768289,12.653661687543071,295.7658572602682,1.0277701377531632
1063,2.1278234131635996,12.366853718943732,298.28343500279595,1.0126916181826782
1064,2.4595780139969357,14.505790314856092,279.42742563564497,1.3295845867099623
1065,2.170401255284208,10.677144386107607,304.512432008279,1.2214664748289357
1066,2.338710117053655,11.586769683605755,310.8695979009294,1.3860834644920992
1067,2.366011807583988,11.664820230417588,271.41661528640196,1.39384388284491
1068,1.6637759468679847,12.89355702135832,286.8057435129171,1.1357276819765012
1069,3.7723346695229525,18.5458444908396,280.8306284966126,4.398038805129115
1070,2.3284019266106037,12.763429607576601,318.4019880295736,1.4768560433147186
1071,1.8561330422440019,12.579649831769402,272.49002835140584,0.9812045876493114
1072,1.739093205490004,12.813347434946797,303.66236184908433,1.1675246176797607
1073,2.1750341315414263,12.795223046845098,317.2036566340743,0.7218322414173575
1074,1.5110624723100659,13.538319636632597,308.19296803502897,1.2536686682751856
1075,1.6409584875881233,11.950790537062625,297.5207027215378,1.5146636532468771
1076,1.779970405297467,12.530157909491562,310.8899625751864,1.6862769680515277
1077,2.1486696903331337,11.263450714437091,322.62854610846273,1.0894479531578052
1078,2.072241132113369,11.035204989732433,303.1706026205788,1.1702121213313945
1079,2.3406823902522036,13.764828784603601,266.9380670401225,1.293022390217208
1080,1.6957828820600718,11.187881212642925,324.5114574664762,1.5533205083102404
1081,1.6780939194817224,12.641312076952888,311.80449913602524,0.9676517176987678
1082,2.1728909496873894,12.531042799507482,304.4377017948454,1.6496352036438324
1083,1.7364399216446782,13.174980894337272,271.3336785799882,1.079653249886101
1084,1.8008437078868411,10.341799351400923,299.92875374616017,0.8905604140026154
1085,1.3872676030469229,12.891206992546183,290.1168870890358,1.269721173186539
1086,2.095979180466484,11.941967993584804,284.32325252960396,0.9437904407721964
1087,2.5086258556993357,11.400090881537597,302.6803596780963,1.3442453001982722
1088,1.6603346576208746,11.74918248823961,295.8885629465402,0.8410521502576016
1089,2.3371621918676375,13.036770787041004,297.0083203550356,1.198808580659675
1090,1.980398468273316,12.731240517325073,317.5736482321338,1.233032004299162
1091,1.4174131693246896,11.872076541994499,309.3447263820289,1.60699939597322
1092,1.7047401376427178,10.86089253593072,296.5762480070204,1.2901718170418544
1093,1.6843657801747551,10.93145540308836,294.41951924555354,1.446022371448977
1094,1.8955458309035933,12.753030159924661,297.2674043021859,0.9856310829921592
1095,2.1384397151874124,10.722257574345607,300.7934480882829,1.1907206951883553
1096,2.6101445362896722,11.881845511755692,314.9288531343894,0.8849659413095465
1097,1.5277218876768996,14.681072127379903,287.2764777963495,1.2154913097647582
1098,1.840023459016404,12.459560838370097,329.7934666975952,1.193217602554266
1099,1.7043263185394653,12.742249203995005,314.94112384916986,1.2496487225834434
1100,1.5815667777085318,10.938964728133671,258.4552241551426,0.8937381098542125
1101,2.0314977365811564,10.772698343827555,306.45093698528524,1.0225819244139023
1102,2.00048839709166,12.79582203703805,322.69252293738856,1.049848047718169
1103,1.4014452254626533,11.717648011105142,311.6080004387336,1.2363110279704324
1104,2.0059896742220036,13.173621481563673,297.99020368479125,1.2450234125702273
1105,1.602219322339324,12.143133237624518,303.96143974603586,1.1547367829428437
1106,2.003903147314542,15.556362785550132,308.0314391189073,1.1198748375462697
1107,2.4189338427580096,11.527680184686652,318.08300032859637,1.110889530203191
1108,2.1528124271550597,12.389131529189429,280.94338758189707,1.3274429038616895
1109,2.0585806411543395,11.20585433741253,294.7146879949787,1.3299744860041536
1110,1.8255073000568822,13.13208001065243,332.85582817714715,1.057209226558942
1111,2.0220663247787756,12.540512393874286,305.5601027957759,1.6704197387077797
1112,2.185873893341669,11.138810146585673,330.97433632692736,0.968124885073506
1113,2.153174893126775,11.782715105886572,355.75508164233224,1.3159861624643792
1114,1.9672578079415306,13.471834773500527,296.635408284263,0.9104645367898182
1115,2.071734186899842,13.351709105372455,284.6462205968686,1.257795241666091
1116,1.5655345993861136,10.685604360734354,300.48597791674115,1.3560321129782487
1117,1.7576688643233465,11.634030356267795,323.68287620002843,0.9340614917070065
1118,2.233494718340175,13.921396756296968,326.0612298201969,1.1076816728643972
1119,2.2778708739534888,11.932822199305278,343.6236172476664,1.5214194672797454
1120,2.0308875349769893,12.283422514549258,304.37430617162335,0.9377311906368884
1121,4.332870900248742,20.717085004889743,313.2969607643923,3.521653915484206
1122,2.167646407432251,10.767838293701578,292.8999159337727,1.1845220743704583
1123,1.9230679191051887,11.160302502570602,262.3812558605805,1.0952129070302041
1124,1.597481591496616,11.77630091678336,304.3259041399768,0.8542269853859692
1125,2.474781972509542,13.30462361985525,285.38617768642496,1.4054841181430937
1126,2.2542047608610103,13.119765348252297,315.9370724554144,1.1423876938492141
1127,2.593442769567071,12.819766367187098,273.01631355083424,1.5391172134064328
1128,2.7150596603162924,11.960840051329232,292.43134085780184,1.4633640180837875
1129,1.5753096987616888,13.229569737679693,309.5505464618878,1.2247181945382357
1130,1.5761698644380289,11.94735476916169,311.3301568460231,1.285880036489971
1131,1.0551440288522078,12.677968012372407,304.19353279290686,1.456000576963755
1132,2.3030595052198195,13.012038975394605,336.74486785482884,1.4685651849502666
1133,2.2166392868709077,13.796820067510646,331.680881808755,1.0540153314249792
1134,2.0322670700415295,12.043675415418173,293.36643261787935,1.0281332147071038
1135,1.5953760337556777,11.737389779053583,332.35996435236814,1.4599660069671454
1136,1.9706188825888253,13.395075362788367,334.9574246294331,1.1500036541387502
1137,2.060952813352543,13.471852578682512,302.89365964128024,1.055013445823258
1138,2.258299470070126,11.556625507609684,305.7718530884867,1.2241295607785356
1139,2.0900856817735445,10.994966268135736,304.1377335968478,1.2302283823628979
1140,2.219054427347085,13.319034466166112,294.0350104013248,1.1060826767782785
1141,1.959036812928364,10.458272626404625,295.723649446979,1.2855063662738928
1142,2.389889024995333,10.407198571458348,327.42848373074213,0.9401374661911671
1143,2.2084709255563357,11.83170488519129,312.4353944335559,1.1793072364284196
1144,1.608312086668728,12.102439715729155,295.57877769994826,1.3551739781301517
1145,2.4584427213265596,10.9400478337228,289.25806676995734,1.3546642528072905
1146,2.404438602495995,12.22186433837718,292.1121232235709,0.753203870042289
1147,2.1536066632274706,12.26647008863648,302.2144612254064,1.0893103932250483
1148,2.0926368426458635,11.51961210594572,320.5238880842234,0.8625131999564682
1149,2.5473418177298472,14.033464179167858,290.3786201197966,1.542895841437602
1150,1.4610067541302154,12.429761210007305,320.328943658322,1.2019837254384884
1151,2.4096040929396847,13.128489036521785,308.34826472146204,1.4389615885387839
1152,1.8428517894704641,10.543787011330677,307.4283130230436,0.8719024788945119
1153,2.361408557315427,10.535158187549454,322.43853451848065,1.2591105668995486
1154,2.039724029565784,12.460062610648926,319.3370982049764,1.1025664794964043
1155,4.622262948558963,19.632069199167038,281.1231958262835,4.073073489991321
1156,1.8361484626882218,10.990064221027618,286.57176802125656,1.3522308798188791
1157,2.3371705941447685,12.143376646501283,301.09821952251826,1.39326093991884
1158,1.9306313991644417,10.764903755303681,311.05153799153015,1.5085449901192627
1159,1.7949098131430252,11.281377400785347,328.1977861387965,1.1828319487950807
1160,1.7927032209276432,12.19311131880821,306.10614793966084,1.106741359650864
1161,2.2119416493371507,11.507388786637238,333.9628370783223,1.085145166941574
1162,2.5777095599461877,10.694476096830325,292.98651626393945,1.372487299639226
1163,1.2935084876900271,10.672082309385415,295.86116287724957,0.8554362356807853
1164,2.924225867623285,10.11399190053576,299.80339742304164,1.630065183259765
1165,2.0672362555621233,12.47658380321459,291.1071320642386,1.148161150145438
1166,2.1914739646486128,12.597581025431138,324.7098761931167,1.091560517588148
1167,1.856033623441356,12.592553436547385,257.91287450150867,0.8066688119753598
1168,1.998840008797247,11.090824202134758,296.4393281664784,1.07003351706999
1169,4.9073839825196846,20.26035971121825,324.5195237633744,3.5090564713167023
1170,1.6537983225287785,12.706778667510859,299.6905858218237,1.5290620208193546
1171,1.7341251253750154,12.007294406644998,323.23906999531255,1.0923574184596316
1172,2.390907288494114,11.843171256740751,342.3606304649345,0.7822004644453997
1173,1.487725541031457,11.35088453096403,306.3665389996079,1.221401384899138
1174,4.192174371246539,19.35856633908201,324.87188257291064,3.6283926717128034
1175,1.877729419908169,13.617247805317998,346.12533790275154,1.1444846735516743
1176,1.6829666406730601,13.137856615616514,311.83554202257795,0.9795450786072413
1177,2.6507375111499023,11.743789576370922,304.18292581439886,1.2268951342505077
1178,1.6850141547837254,12.53862146177436,320.34191039622607,1.1041445223176256
1179,1.6270663400876244,10.898569950478242,325.13168480732884,1.0982966135107977
1180,1.938299007838223,12.730067177405202,304.3401400041481,0.8504471194183524
1181,1.7463756507463066,11.169142857334638,296.7746578044671,1.1263621430012425
1182,2.002105616808201,12.690255561277674,334.19572041103766,0.8332559019392025
1183,2.0512817678949586,14.969072190474403,300.39955421872395,1.2914394574019004
1184,2.077437161659526,11.429987567672871,325.29338909819836,1.31793900846357
1185,1.959116020409624,14.92280330923803,309.46874364444824,0.9003988425213588
1186,3.765771311604208,19.425966260335905,336.0584076801945,3.2810484986107826
1187,4.346472472509545,16.653359362905142,290.5662193148576,3.536079075972671
1188,1.9631413870536325,11.204543833265586,290.5333331654457,1.0945387466931529
1189,1.836446287021857,14.36495560784839,319.52626883111003,1.167954435244363
1190,2.4883979207021825,12.492988684703098,285.7842317881858,1.3405007111149312
1191,1.959967053070821,11.43384714383416,306.98268386232303,1.188938007134207
1192,2.3603555784938752,11.796539388957097,331.32295696031787,1.491283919197494
1193,2.404856687546099,12.430775777708952,274.65785363812876,1.2136963543498003
1194,2.4249320356905115,11.991279324786968,311.8363677363457,0.9514553827919652
1195,2.2280820766766634,12.345899146274169,325.5996716185126,0.81041700192676
1196,1.9997909460309977,13.773610896654276,304.5595696940908,1.4271574020926212
1197,1.9788662420851615,10.872029335437324,289.2394218837812,1.2022080878386372
1198,1.9194403609005146,12.644630327763911,300.53566386240186,1.145314176673
1199,1.2849244288956685,11.927102395317869,290.74516362994103,1.5068287941171572
1200,2.2372062458967945,11.500954653941285,306.1756898252795,1.1669392028937293
1201,2.080673636907076,13.072174167789942,300.2960054740117,1.1906728867524479
1202,2.272423007848847,10.53857436531529,296.27457111812083,1.071495179315932
1203,1.961389488014252,9.633566641851733,312.92450571434875,1.3119635963416878
1204,2.219392303444663,12.22453301476215,331.84496557606354,1.0248694004247936
1205,1.5454226692557234,11.861820260127104,310.57295494035657,1.047459717103603
1206,1.614142348943682,10.647152749520043,327.84231469754394,0.8541404706901143
1207,1.182850172091944,10.289447503814966,331.8400232622677,1.466450039777885
1208,1.9556647653755634,13.930633377668805,295.0271148605908,1.3547191923586395
1209,1.7450665560330618,12.46301484795968,309.6725945678503,1.048824429231074
1210,1.7018839811937614,12.019645723071779,297.7758900494734,0.8793917846179502
1211,2.1104352847285517,14.19524490895944,279.8032147000064,1.164527108104089
1212,1.8595826259147825,13.022062493065567,311.04793476822056,0.9820110048911007
1213,1.5270799677547913,13.769276770540205,287.1134564931761,1.5483185005226885
1214,2.8397730350081924,10.820046071883478,313.2331556851809,1.7521551782853104
1215,1.987786495238935,10.782607409875315,278.55007258659924,0.8459135262381938
1216,1.6425561925312202,12.617075235116015,307.9068809911193,1.1444360197648438
1217,1.7789542978920936,12.41449921809579,278.2975389273602,0.9792396767872618
1218,3.5177170558176005,17.890685781759718,316.4557010283227,4.374255468283177
1219,1.9421688324551238,10.36921112468734,298.3125387489789,1.0908866568805926
1220,2.429714210105139,12.703597415971645,296.6735171718962,1.378132220229565
1221,1.9737881139813716,12.989268633420295,324.15058247112984,1.0840845214733739
1222,2.612218696716523,12.936172066811388,299.5333071403688,1.2291530238883333
1223,1.857300428476005,11.593305618792478,306.8844942352432,0.6713778607439236
1224,2.1407238932857644,12.518615171596077,301.62352448152836,0.9791149288225628
1225,2.337253464128184,11.224342908034647,313.6256711288334,1.2808796897106984
1226,2.3944002605548538,11.70705391815287,322.73006367846415,0.928053784298243
1227,2.4329178317515083,10.957063660702067,319.2058027671521,1.4727114899945262
1228,1.9102361255095557,11.241334270661248,297.06663431752935,0.9882687105920441
1229,1.9981885441092766,11.75903767162088,325.553798466299,1.1387459984468347
1230,1.181790553033987,11.509063252362129,289.4220268269563,1.4352415223491313
1231,1.935316687261815,11.24120855694436,292.3778074725739,0.8673306891026696
1232,2.360113878716894,10.700402947821779,302.8273874911943,1.2684620544492686
1233,2.295956038352441,13.96109578845901,322.7956076875494,1.0347032448647464
1234,1.9714592500666732,11.49943705677574,285.1074258694587,0.9338988033245467
1235,2.560716016166886,12.32996557353123,320.1552304503571,0.8196996649505388
1236,1.8732782561662136,10.241028043755648,304.0692993880944,1.3704935628840096
1237,1.7636738580734332,13.357649132909417,297.62653009903573,1.1358567777836912
1238,1.8455066273752982,12.167160650486846,323.6627082279148,1.3361121628656873
1239,1.6295865418040818,11.556125457074872,291.35459591230494,1.3091062820070465
1240,2.205390360462167,11.564858929336053,343.8564946137488,1.3474413077409346
1241,2.095198997830841,12.869409857766055,301.9970895947812,0.992790003435996
1242,2.2012932173031072,9.046904571255212,307.5473089719277,0.850630632405776
1243,1.8632575198627002,11.175806661290924,331.22938527333605,1.264131648724716
1244,1.9808359168180463,11.880916162398808,307.9908045358653,1.1262674512253505
1245,1.2811218212750606,11.869388918768735,325.21077093309543,1.3271339416409833
1246,2.1241544319326455,14.505311963678414,271.7963060530274,1.258099561788879
1247,2.0326176801696842,11.662406529551868,297.4758503170936,1.1622857451085424
1248,1.6368258717071567,12.990226992061654,311.74447423318406,1.3095628722529156
1249,3.845711738850783,21.408720498627332,323.38412805959797,2.7649286817354883
1250,1.914909730316845,12.67061408578843,318.08484149043545,1.3000123118759903
1251,2.5822229385524724,11.326183928718661,316.49254583485913,1.3092436659098996
1252,1.6498281005178246,10.715512414013054,323.03798332002697,1.392998657000085
1253,2.109370639026012,12.745420282714205,313.07533410793474,1.3010670648353462
1254,1.640046443616141,13.64502522365645,268.5658715445721,1.3175908674180787
1255,1.8159017634568109,12.545963095529121,329.5174552927327,1.0987878974045147
1256,2.091350254718436,13.23344815393615,290.7596950162588,1.247087663427294
1257,1.930250213015173,14.591947047738087,310.3316251251908,1.3251734310521148
1258,1.9980230174495264,12.83737428439062,308.0770809398424,1.2213489963218973
1259,2.10979829571655,10.899367134206082,305.80456952418746,1.1479939819116136
1260,1.837082441504476,12.051060765504454,286.1973083654544,1.2588258899995752
1261,2.2917683564890954,13.370215193521151,272.0422145148085,1.047638940701882
1262,1.8991916847315904,11.751220209051986,287.9595585878617,1.4090985461521086
1263,1.9678066976876514,13.505705594812959,319.04605343315376,0.7642770965221051
1264,2.1192327206139923,11.933063102011609,280.40742833640905,1.1156947379945985
1265,2.0749100663843953,12.334347420946836,290.03522350986395,1.0222875574700803
1266,2.2125952150991415,11.64925895965615,312.1067931145926,0.9998436311340541
1267,2.1045982524899527,12.159536340321075,287.5337805272491,1.1678224925758418
1268,2.1547801183135378,12.212447427769542,295.76818077429124,0.8897581475586981
1269,1.8926270703255033,10.391458073583284,306.39096577319157,1.5375343862401305
1270,1.6473055376317782,11.558406707418925,309.80492656521267,0.9067028102826105
1271,1.528879162091556,10.76679191314656,287.19715888096596,1.0473583985747448
1272,1.4486656512780411,11.59289139261164,307.39602958188,1.0793244022040398
1273,2.5816998168506613,11.2048362303348,311.78053079868295,1.3494919229782045
1274,1.2697847744049384,13.011821176235575,283.3555910914551,1.6335016721412907
1275,2.393928754662444,13.023399937085511,308.65233059294906,1.3014128966131766
1276,1.7291132262718338,12.560294154333477,292.81808509434063,1.4399642378269275
1277,2.3915255207995356,10.732350768785166,307.1065580716633,1.0295875756461077
1278,1.2731617907879014,11.901865222786457,317.29234305112146,1.559286437575194
1279,1.9224190123785168,10.652807688219875,302.0035966495053,1.0430243348152377
1280,2.4798280529983385,11.852706614048904,320.52806207164394,1.288360499676704
1281,2.235359155946942,12.64742116722927,318.44383773208597,1.35608045660114
1282,1.8887023979720388,12.992104322915104,320.4331116194114,0.7692259732015763
1283,1.358817490495601,12.472844779859043,311.85286897747267,1.7530930192069685
1284,1.5635787876901923,13.258471564014041,323.7130371374699,1.1890385545998035
1285,2.458418541864595,12.25975638693746,311.5466201600142,0.9089659854651466
1286,1.8850804035862705,11.766439727989702,276.65657377216405,0.9696185354738471
1287,1.976298045873565,12.873660509699413,291.53479883508436,1.1208093516434467
1288,2.0935665845518683,12.906476100176674,301.40862986778376,0.9668127080721862
1289,1.5700631586811065,11.475828301676286,303.5172081604909,0.8050257361629218
1290,2.134405759347259,12.378982258570069,311.0815589071797,1.1305600554108866
1291,1.861526891379228,11.705686625663372,291.2818181222795,0.9675384644165856
1292,2.0969219192399287,9.991405197799596,339.1480479773401,1.236052182663111
1293,1.8092431962227788,12.440106492113319,303.25820873886863,0.9088831859694565
1294,1.4808717001798182,10.705477818209484,304.86930746701677,1.7193923091423071
1295,1.8589670645020344,12.32822420933376,293.59726517871565,1.2150577948614742
1296,2.2114566136456406,10.464693697838793,287.9425950769411,1.1670815063473259
1297,2.1300398293954217,11.280332922979259,302.85284610032994,1.2351091047880518
1298,2.01020718622046,11.566401198264318,305.4683623112213,0.7357621285605632
1299,2.296383511493413,13.201724770311346,303.52263035957907,1.0550711539510627
1300,1.9328139758604053,11.466484940014073,333.1376510316367,1.4594028104837222
1301,2.018571183625022,10.925029046391293,302.85274102657684,1.0361872929649056
1302,1.8416769297010704,12.364345081993594,303.53920233455904,1.1029758771800453
1303,4.7881837376317815,16.03149740273098,318.86002313411814,3.013656817234319
1304,2.0962044207481823,12.79056056064934,302.09188090820356,1.3986398926801957
1305,1.816203823642787,10.988120050835466,314.16876416842473,1.072017381375149
1306,1.5086201836458244,12.210853882139778,283.25623944816283,0.9993344965830515
1307,2.364637220716448,14.469566796727186,283.3905431413115,1.6981984122040226
1308,1.7544585331090687,11.760721040965656,307.07499559574495,0.8623754914170769
1309,2.0237812363215504,12.186730409700628,301.06250104527857,1.0808745933721096
1310,2.7763578954377084,10.338959741962379,291.2465787134281,1.3053347200682663
1311,2.2644981487719917,11.147020712007846,307.0714794784247,1.0030545317163468
1312,2.5316793643129074,12.45972070204277,308.5547016009746,1.0632969374671006
1313,1.8224188118614209,11.670102257497781,292.93175308808424,1.0115533164122255
1314,2.353422210950668,12.61443296060078,296.18047098512756,1.3742491511266541
1315,2.008800767674124,12.424938685796592,308.68248134052914,0.7196507767304547
1316,2.120785583853632,10.68197056412224,287.6416663275663,1.3612067940163435
1317,2.666877765303055,13.015306282624817,294.7314412534914,1.5934097047310654
1318,1.908046878030597,10.7573150565776,314.07689738949733,1.2070541821183813
1319,2.006353969713257,11.235078094192573,304.5947874901301,1.125259126731349
1320,1.7019391650023723,12.229484915534213,296.88755165275006,1.2104088004075866
1321,4.391115435046669,19.726177676985635,289.6478215773051,4.088768627397539
1322,1.8149931235654102,10.99612364787251,287.77540701986925,0.7720641305875426
1323,2.33749443722023,12.147684453419552,302.76015681500206,1.3160774849628947
1324,1.4555286302241992,12.156020468830341,339.4388128950205,1.1345640342982022
1325,2.1810505637050905,12.657359977772439,314.61837292093423,1.2854726745343257
1326,1.7875812089991916,13.18403054967909,282.3413078707892,1.0052554115095929
1327,2.2410708209789694,11.59592473599806,317.02267484578226,1.2774053795800864
1328,1.9955254729581047,13.011849241262949,292.09892766574063,0.7903153462509946
1329,1.8233381580934638,13.33032171882638,304.9174245976873,0.7808351476673516
1330,1.8724353264309217,13.783959178871573,294.989369723776,1.0874765344038118
1331,1.7193718609806488,12.50192329972162,339.386831818858,1.435932339745443
1332,2.2764699592558832,12.157436910352633,285.72016550084646,1.2546469800240396
1333,1.6539496746896132,11.525415526385132,310.3314083543028,1.2800684056857201
1334,1.9118640492181769,10.541013267850392,293.34949532772873,1.2768548891103384
1335,2.1139290613018162,11.722046467341501,317.560077349402,1.0286522121041584
1336,2.5324531933980112,12.112337736226507,309.98871494106885,1.3979237420862278
1337,1.9969314617057012,11.890507697567093,326.32739498458443,0.9840712431883201
1338,1.9199715064423146,12.597717992814829,317.2080025091493,1.0411678428735065
1339,2.0902995054882894,10.545826725593473,293.2099242291503,1.0670855791299267
1340,1.3157568088274383,11.818025729710195,354.57544381806827,1.281171479779452
1341,1.6044469187720627,13.994769509130311,314.44224427206825,1.1837964798297975
1342,1.876129055370111,12.995598759502224,295.6387468699153,1.058601666926359
1343,1.7647201802582246,12.616190129212722,308.49418667838574,0.9927880917164422
1344,1.471725014549674,12.39068237502249,315.72417165507795,1.2449058234231014
1345,2.283066954885303,11.634568142601333,315.07750614189905,1.1807318961668487
1346,2.085719720753916,10.245929748243286,313.43247765948524,0.8845828218175336
1347,2.0462875316032276,12.457128590412,321.4301966166633,1.1848196541434195
1348,1.7709829201190568,9.551571683710332,319.7589071632447,1.0337822463851252
1349,2.0261996783390095,11.674444137387223,290.5913751739863,1.1400663372547721
1350,2.1697683216155497,11.996340810497669,340.83691976812304,0.9848097474746472
1351,4.055893048926876,15.659605727730629,338.4710928983536,3.363630046188985
1352,2.1467088389493205,14.17138306013523,318.6164032190778,1.3045677018278428
1353,1.737300040997712,13.824342785100061,305.6578441983605,0.9329092319883274
1354,2.0321701532866054,13.032811733676764,305.9500600060936,1.2056414836130311
1355,2.3770244333656128,11.074673233927623,299.49600528849106,1.4773857139890536
1356,2.406566502180093,13.921415326965455,301.69546817565464,1.0128479764025937
1357,2.4381043056333884,12.6189691388237,267.8246649467333,1.0452090653493797
1358,2.0942375770928625,11.058020340246989,331.01447869951954,1.252517937339388
1359,2.010432605103056,12.032716911296243,325.01671190769,0.8386317852627403
1360,1.8518996576673934,12.958574853538133,276.4963245286491,0.9580963125689788
1361,1.4035300303492524,11.401121159357691,320.12979455278054,1.1176483363800949
1362,1.5561831001878375,12.140532554672792,304.8688516660072,1.3716203921046675
1363,1.9445418592514645,12.316476377180159,301.6162156316336,0.9634209235762259
1364,1.964264811787618,10.899145798460001,313.3783056455893,1.0438710613141273
1365,2.4660335995061424,11.729907152242099,275.372617781269,1.0849912880945793
1366,2.4338837126939565,10.97453742495681,304.80876390280747,1.4464208473492504
1367,1.773459573309427,12.868668015706719,306.35118000557225,0.9599413585467786
1368,2.2700474859793762,11.091944574422785,306.36763239762513,0.863693888574083
1369,1.8425672746906094,12.29180370413139,281.7526802276713,0.8260082669224706
1370,2.225263393191254,10.609844181606402,312.59757139438636,1.27019295663043
1371,2.265985850275226,10.86656311685869,323.01685493305547,1.2970370782783502
1372,2.4098906280087533,10.818118790829319,311.92463488947226,1.453877314186555
1373,1.83742769292171,11.71042484611992,301.10380550996933,0.8641917847953786
1374,2.3347202167697048,12.180381619970461,350.71369024962894,1.1232208977606621
1375,1.3819713680799803,12.364755295191632,289.2822286449371,1.8222747032491147
1376,2.4277511749078244,10.227764868289706,318.1486721080028,1.1529787389359178
1377,1.9917444814698897,11.831360615970333,309.13565299657176,0.9873605286359971
1378,1.99876976066472,11.249427890289898,339.20932014444844,1.0957989942676563
1379,1.3276459531221505,12.534178492770257,311.57474687055003,1.4862673326086577
1380,1.8717402572083643,11.732363668920739,315.2196391649161,1.2128459924055477
1381,2.4473082018724717,11.919168994381513,313.5971886865924,1.1011662245523026
1382,1.8591883757380714,11.25505106149694,287.0085170094185,0.9952862485167443
1383,2.2354427111218187,13.7246477095905,290.2290322926442,1.0750766159030336
1384,2.011403192145656,10.716420576766797,300.3136460972784,0.9540632915763232
1385,2.3506808160679005,11.600266009611104,321.27550789714644,0.929293146284982
1386,2.0631953185173613,12.107598453272969,308.96264455775184,1.4640663656618522
1387,1.6925021947376262,11.74863953778477,301.48550692627185,1.0772391153043905
1388,2.018628724350151,11.236064017293128,328.3273966189607,1.0301665236346353
1389,2.5284015782214,10.188316463588592,271.29869406619423,1.209291780520933
1390,2.1642228757519466,11.308491049108241,282.97105778726234,1.1006188747420234
1391,1.9615727185930907,11.040615158498802,262.5578034839281,1.1878674805983782
1392,2.7443954603139913,13.679224592713036,325.54127858347107,1.3505188920966895
1393,2.382541181845203,14.264695928598053,303.3556555422582,1.4186001144769662
1394,2.269522192081492,11.949208322004397,321.42696023777745,1.2646013473030997
1395,2.1047230135306436,10.595243459700876,303.14260833844963,1.0686197618041788
1396,2.2409903654678653,12.738044105712373,322.3941223649583,1.002760416174682
1397,2.2517015841503376,11.018923508682102,302.84521062504086,1.3562645934263262
1398,1.2796709359677945,11.450828946405334,311.96849422666406,1.3892934179552272
1399,2.130328950233718,11.371150438816711,309.4797293437916,0.8619808437959923
1400,1.9469340664192327,11.49949433979604,310.74102392809544,1.3059588205091315
1401,1.83507382986493,11.64527974850925,333.6405327435333,0.971598708106519
1402,1.9355056975854015,10.686498050670735,277.3847832749086,1.2762790544939013
1403,1.4865699333486737,11.29798633834024,303.8374829501637,0.7605849346291996
1404,1.404478666987731,13.019944247863435,308.3657826410265,1.246147805756927
1405,2.411345797758004,11.966443059625846,305.8208792385154,1.436901046653774
1406,2.1525120805039455,12.12531384148877,298.2359512505924,1.115447305533028
1407,1.2037059980199478,9.767751869648704,295.9098231650264,1.6127592228334557
1408,1.8097931013374255,12.947783658523843,331.0102491419855,0.9420446245218235
1409,2.290582072020855,11.314480109836882,303.79774149463356,1.2218925685220623
1410,3.461078650682933,17.350347830666493,346.4450910762554,3.404627477934363
1411,2.410851634753459,12.154274804197696,313.9806747683724,1.2533222337970817
1412,2.3464180937612893,11.437946570954676,300.07585538181337,1.5822593881561646
1413,1.5522853009274644,10.32221040444882,314.39554028789877,1.4851959674458741
1414,1.9527030473798854,14.174845957428076,306.85185879744114,1.2597856100968878
1415,1.8521304898131277,12.803247273047385,327.81398753796964,1.2744803712476016
1416,1.541551362863807,12.863074399689005,285.14872057036183,1.0484774223990359
1417,1.5200894727977605,13.818827705452625,274.3798382819522,1.1485489334758692
1418,1.7340128897402298,12.22408701222886,311.13667717821664,0.8373481208893603
1419,1.7884946148608294,13.352400051381753,319.20683026703597,0.8738183348483513
1420,2.0934658264903097,11.52142474225317,309.86039264350484,0.9281094687157733
1421,2.3445904461607587,12.737578532833208,316.43207804247453,1.1677954803428965
1422,2.169502835418082,11.369903292575295,313.9324266662443,0.8728116114905977
1423,2.247622839292672,11.496141204515686,279.8331966793956,1.1301825464170023
1424,1.9120161189147789,12.097000575454276,309.7810749647108,1.0739936196398219
1425,2.1989900648822536,10.732601090040276,327.38527128071433,0.8977044110453235
1426,1.951036256075214,12.32942422237468,307.9200382317923,1.4066037908019506
1427,1.8543141135265817,11.68804179012573,282.73071068576814,0.8482539737324493
1428,2.6260433131355567,10.01243936721232,299.3244289923876,1.5664617053045924
1429,1.2309429343393254,11.542338114241076,314.4648644051249,1.0158429931746364
1430,1.381809581888571,11.654945296846607,335.5257148075669,1.3084921809730847
1431,2.1262909188640893,12.852836464838242,271.74211661998635,0.8703636590280813
1432,1.9125558249842916,12.285197952493778,311.1409460247365,0.973849876402392
1433,1.5257951644449155,13.447472367023147,289.15247153728797,1.6014504312668865
1434,1.6519783861159565,12.520109595624827,313.63136063775875,1.105700284700211
1435,1.694946087035612,11.446038929765713,314.99313140263524,0.9367861322715103
1436,2.2944710572532014,11.94164063952347,301.03649731730025,1.2512893596797388
1437,2.400095442251265,11.651951963088457,315.7371864389521,1.12809796179758
1438,2.541055646526104,12.487972856113169,324.37822718023165,1.311642185340388
1439,1.4756262966709186,12.059822147463228,302.20228100779957,1.0875891127930133
1440,1.5488492342711946,11.371440366041078,282.26827545819526,1.0531496619064222
1441,1.5262432634148275,12.008600471062515,329.23473795832155,1.081620015822493
1442,2.425322811904103,12.461180665554759,319.0878126036966,1.3718443149744768
1443,2.137684069958445,10.99357846169822,314.5838593379759,1.0663873294614592
1444,2.026465741435008,12.317008761644704,293.2535669649812,0.8907822212797136
1445,2.0757774689696578,10.421316903848176,321.7524098629999,1.135924073098661
1446,1.9812631685442146,13.105571343141609,339.72123593590345,1.1161135668225997
1447,1.6300231243558534,12.527180810771974,302.93772438577116,1.299587950485336
1448,2.1693470206290186,13.629283035621798,306.6063758964387,1.021420369680149
1449,1.9385742931342835,10.883403560224574,286.8917588871617,1.0868250306596328
1450,1.6038939005518333,13.13345172881646,292.76778597363483,1.2816137528770977
1451,2.189514196968159,12.93578006356813,286.7323204314896,0.9203970861634183
1452,1.859490080030046,11.81776795279211,307.22398300824136,1.2894852557303502
1453,4.041019262892946,15.255708765437486,299.2067578036774,2.9481953111129777
1454,1.9587568767716517,10.914853943509964,311.33760436326537,0.8808520544132804
1455,4.531191852825592,14.03052533579478,289.8376857640722,4.363545487149359
1456,2.072653781495551,11.24876568052697,302.1515386539812,1.0833930014311166
1457,1.7083789422972542,10.744224357597044,288.789884174284,1.0426813995225028
1458,2.1062610637677155,13.595722483590619,308.18871682086257,1.257922000869105
1459,2.1170472790761106,10.497948076731058,277.2504869009095,1.0511436581314808
1460,2.168739881432828,12.148895478106095,307.5768312301314,1.1782626642797205
1461,2.3418385040615313,12.435705126885106,300.26158526062943,1.0027249856896951
1462,1.7967256808915328,12.357499231947951,308.07638951168235,1.1210194830405753
1463,2.2204187701695757,12.445288610398979,276.9114665546154,1.3932295383494193
1464,1.4308103115125343,12.946400317449676,316.1301664569035,1.271240020501466
1465,1.960405010954859,11.55407783756333,299.92137082590926,0.9903791803720069
1466,1.909362238013478,12.087550645690213,308.6909161611516,0.9323324364129976
1467,2.4777889226594922,11.70643848703427,273.20873756168737,1.237780891885556
1468,1.9484093084377598,13.30252559125018,283.8735343040231,1.3835131452908795
1469,2.200636296796631,14.099865923474876,298.3673792611004,0.8522391667094014
1470,1.4186130544520563,10.806066239838625,328.38350235467243,1.2995831466204026
1471,1.883919871652768,9.968899157395676,313.9636129233116,0.7655798685226476
1472,1.7207012437469187,12.56913156901902,307.2078757036374,1.0662803909833167
1473,2.816918670687523,13.07037288423571,289.2867611788738,1.566314663793624
1474,1.779957070149952,13.956977313248455,286.19349585682147,0.813944696387146
1475,3.956791764940482,18.850623321200658,309.7031382464129,3.77259116162947
1476,2.041770014750806,13.395780958687206,316.91171806918624,1.1591856271487035
1477,1.4754721639909043,13.66006073287631,308.5525597249391,1.2968078777322853
1478,1.8264083145207723,13.464777771630867,334.06247253749143,1.186474778870077
1479,2.1335729491742543,12.881160510163149,293.39815070498474,0.9161425469724047
1480,2.0282883508296243,10.717790437056477,308.0492889931741,1.1585176838451088
1481,1.2408643792373808,11.991638144161643,276.21602969025065,1.3372962269325
1482,1.8128928233134818,12.300038619059167,308.58777385134294,1.2645115089828787
1483,2.3368711482774747,11.90019036680638,329.97934462704006,0.7082286778010974
1484,2.1941135660132685,11.961894042151188,287.2943489955983,1.0654397717580146
1485,2.4019510061023173,13.567228063687905,319.316236213355,1.2199454779766246
1486,1.674736378650314,11.243168316311637,329.4976756882135,1.43548019260423
1487,2.4227067466420893,12.799052362866654,293.2748828278648,1.2281416238124296
1488,1.98534600406457,12.31644162487923,312.93797479932624,1.1377902888860727
1489,2.52543342530985,11.14246761076167,331.8537396617464,1.3462678220449353
1490,2.001090463247645,10.923398501746421,308.91807775875225,1.3506181773579915
1491,1.3243330874042765,10.298684926519835,318.3741549576978,1.306667099166289
1492,2.2802540085313576,12.485577029948773,274.84286088989387,0.8680760328891604
1493,1.853640486268368,11.936755186598962,315.15132095513064,0.7943716312761566
1494,1.8758442282484002,11.174222570023225,313.7930415888343,1.2423961385507467
1495,1.520478177746976,10.123894875563945,282.45439487866656,1.2872049292195797
1496,2.535325834671994,12.43271090184889,288.60641288250633,1.2264072307243135
1497,1.8280366126450605,11.826272706399683,315.26803063736884,1.0011153797698324
1498,2.5197618057211315,11.28630652814932,299.85389762661146,1.3036609885131483
1499,1.8576897566743584,11.035960075349172,323.9029526124782,1.1545010126672313
1500,1.6938440832907382,11.761424836576735,310.28235781859263,1.2540794577184031
1501,2.4354446274298387,12.469996485739259,305.95974463121865,0.9958260685186519
1502,1.9757995328299243,11.670017015578651,302.1023664352088,0.7475019975437687
1503,1.9790212375727985,10.811473672703524,309.97559624288675,0.9175674915117367
1504,1.5770634397065704,11.941875044964512,318.6498503327746,0.9406769352345292
1505,1.8489842929502354,13.045547467252618,314.0754617813565,0.8335543742398427
1506,2.1414696217982296,12.040267591244211,297.8088527730473,1.4263557352897942
1507,1.5712706020595788,12.068423542294289,326.0704298931846,0.7605611212363516
1508,1.8221010609233006,11.674331043221825,316.1808020708523,1.2135627221262892
1509,1.861252675655539,11.110336189435396,311.54897615788326,1.2933351513082365
1510,2.0219254655556194,11.077102583646283,306.5588520160096,1.297790976962646
1511,2.488254683060627,10.338145933248084,313.50084259375393,1.3032498374907286
1512,1.9010154661156153,13.181225836387151,273.86145802467354,1.3700566606786964
1513,1.7721347814038544,12.46245417604785,309.102257664481,1.4888719320486754
1514,2.9063023085681414,12.082486839252898,332.883109802623,1.5488117923813676
1515,1.8570488333372681,12.29558276677739,308.73977367397595,1.2021640624074152
1516,1.9370828068141652,12.339529396224892,306.4191144180185,1.357613131853928
1517,1.8819106981669593,11.265453709745078,294.8699668069691,0.9362540942029028
1518,1.9086661966338228,11.674737670706698,313.37636376368835,1.056190374112961
1519,2.0256591047952672,11.525791322617383,301.6837350752515,0.9752438870326543
1520,2.303862837605781,14.511424016875004,327.25809630064003,1.2494418221857688
1521,2.133315948680224,13.020202041456084,290.31846524709266,0.7313994974800235
1522,2.355441535910919,12.167882284825392,297.31081611746043,1.4656553808722812
1523,2.344529462620453,13.365984275129685,294.7850730326046,1.28035365425053
1524,2.0688221948532393,13.239688244508416,336.18784450809414,1.2209248608927399
1525,2.124182950121046,10.619475692434996,301.7739837525892,0.6368984409399034
1526,2.3658831031686454,11.777146718925042,295.68268313118597,0.9749718572744037
1527,1.6333007237591808,11.983675603191415,269.45989272727104,1.4814642167417114
1528,2.8244096967386394,12.611527948982067,289.50667624588755,1.485902661723974
1529,1.8308469069258897,11.776007254707567,313.9740440376743,0.7729271341622861
1530,1.8841815758822378,11.901468884912124,313.90588760705276,1.152641054141912
1531,1.6000726783576573,11.53865117270866,293.92954504828947,1.3349955755869098
1532,1.6098902333750487,13.048935162585108,294.87384970623754,1.300653566631186
1533,2.3214312427336132,10.556659557271946,336.61780815709926,1.1339761442380416
1534,2.749163781621943,11.57264522843266,350.83845596343747,1.6750854691630124
1535,1.8128107634332453,10.156324005603897,324.54613403201455,0.9813222852035942
1536,2.114614454282081,10.970360556851745,331.50775808400977,1.2161624198066008
1537,2.0726549765850137,12.317177466371902,335.11422947301935,1.1302763509792007
1538,2.3300807055975303,12.336154289960646,342.6477163483802,1.1409337596788784
1539,2.7321757732907415,11.686808307959344,299.867226373075,1.3565710960878998
1540,2.5019212279339236,13.123985146137777,290.06944463341995,1.1874749711364332
1541,1.9212424372763532,13.35404288729929,336.16932631335004,1.1102963905321113
1542,2.1744933197841796,11.930772664720028,288.60700169499194,1.060333549891292
1543,2.207259088104935,12.25043285639421,287.51386639823903,1.273246906728758
1544,1.9933700917146855,11.547455557776601,287.9042103675548,0.9928301892752096
1545,1.6383410759460788,12.626887721451526,302.76626225799055,1.4947524494236213
1546,1.736403847874203,10.805939519975354,271.26561018532607,1.0269457137786766
1547,2.378890374806641,13.795834809379274,280.637139799481,1.3730220642038145
1548,2.4129316386212762,13.139985262728226,294.4202405048332,1.3983611468874
1549,1.9315027696030684,10.801073646058898,284.66926966497385,1.136081392822527
1550,2.0861482800398288,11.210981524499317,323.06100083841807,1.119953342262625
1551,2.3950970610387827,12.421248764044826,305.1130194258001,1.0509896431958818
1552,1.4375912722290116,11.661748896316379,314.80937265591393,1.1926939278566604
1553,1.8527036978231775,12.54459954872165,312.94801304799694,1.1574083636195982
1554,2.6658975558892726,11.640603652983893,301.48485747397143,1.3658930043288218
1555,2.098771546347095,13.524811758120059,321.7982359288534,1.3426654425861784
1556,1.6273586920478667,12.008306992701304,312.68651404811,1.0951761987734805
1557,2.038703156879326,14.420555131008747,299.5871953569235,1.0221158271084767
1558,2.337073745448531,12.60267529711283,276.3735323610623,0.837497478687057
1559,1.159644130681568,10.650595661751867,313.85119267083047,1.6665483247438533
1560,2.0581743196730606,14.086496583473247,283.5578425735597,1.2127420002998295
1561,1.8771031969844791,13.098678954870516,311.4648131350445,1.3047806261973336
1562,1.4581406182758072,12.38014762508098,306.34110549743923,1.488726439449306
1563,2.027035994193002,12.646633456198428,281.8737238713234,1.2582424937791923
1564,1.9549615235190523,10.810953235382811,309.3927496975919,1.26748083789913
1565,1.9920502167747791,10.195623889663736,308.25243042781807,1.22205293598515
1566,1.8850739953192281,11.958250292498644,308.31410752371653,1.2610076148657972
1567,1.6629586078551337,13.378770339149169,307.49894759390787,0.8020377355829775
1568,1.5199150649125786,12.395708843268606,293.9094008359066,1.0229404154853146
1569,1.772072319709374,13.709171497409145,315.0573552797061,0.8795708320886092
1570,2.283553197645101,13.32122078319219,293.3098514971268,1.4038841000453128
1571,2.076913196929826,12.020608706785453,286.7319544618596,0.9470757852359759
1572,4.119035374244242,18.855202591962467,316.4687729736344,1.8104426457971146
1573,1.6568765108064083,13.52259538585473,320.9193202151437,1.174326365196531
1574,1.8766080721581104,11.919818028917122,315.305367699112,0.8607039626468814
1575,2.24326199425788,11.786224439455179,301.4776873551385,1.21279832253534
1576,2.166578641620212,12.140450487333242,272.02908303341155,0.6911259946414394
1577,1.8425243729750038,9.588092172274685,330.1887329050786,0.8798771799414868
1578,1.1382372900156255,12.280431901575843,271.76334350659323,1.6001969179622375
1579,1.7773002820466781,12.720437983084814,314.963043688121,0.8824217553599997
1580,1.8407108091884896,12.1445110914155,340.8740264693651,1.3755539094392257
1581,1.7006550405580887,12.344674420361374,307.5409296150328,1.164812478667562
1582,1.8636519915638974,11.956523624400496,309.9509617581739,1.3379403097431115
1583,2.269461542304422,10.002978110045694,311.4484561434295,1.2166012342948873
1584,4.355510977267717,20.38345977980812,308.3688447742197,3.1170937574961437
1585,2.326599695808631,11.632171152598282,344.96042922698865,0.9668213330165554
1586,1.5022372117370164,11.382229872469827,290.6661975036141,1.4394452815550292
1587,1.8993288608748686,13.357982778451827,288.5316470075773,1.1945344323177645
1588,1.3601227034211498,12.978700468461215,299.43248186395476,1.7707842124108915
1589,1.85922941515384,12.273065855975778,334.59413707388563,1.2779662152701559
1590,3.113062614719727,22.039489435897515,295.19309764736437,2.531805790008763
1591,2.422813435031366,10.845011664309517,312.31507028044354,1.2687224590928876
1592,2.135204961928357,11.919105625980452,323.20714520122704,1.1957614321441687
1593,2.3348937335456945,13.29478410945725,318.2427215387269,1.4021270231631682
1594,1.8583152176599331,11.322858180869831,322.30725530657156,1.376820230150888
1595,1.6634930279515077,11.001666695006248,329.1057682771501,1.1378118445350087
1596,1.6529842118023153,12.07860395283669,310.2399390647628,0.9315561578054014
1597,2.087594962654383,12.102057011097795,297.2301687285305,0.7339894602234649
1598,2.59735329308383,12.64757209984002,307.5027211395284,1.0933253012462147
1599,2.136086156366761,10.621847562760356,299.2360911607996,0.9931267648574557
1600,4.092195667285807,14.989322484649655,347.86638368905415,3.553620379995831
1601,1.9377056178082273,12.92123192743887,295.9448368998282,1.406307063604218
1602,1.9896708905219067,10.917018026795251,313.2133970761539,1.2920981589426042
1603,2.6687920448587925,11.390009638818812,279.4852848146771,1.6233951103075666
1604,2.4070908267255113,9.816764518046044,307.25791268306403,1.0612696764199483
1605,2.085786471369621,13.022912682025558,300.1192344576683,0.8014996231651139
1606,2.036211549376015,12.350338224072532,316.48665155935527,0.8995072820388086
1607,2.098786618822059,12.310194544050947,316.92980160119924,0.6990867400373829
1608,2.163110970863415,12.303455084189537,329.0889740289865,0.8937041667188255
1609,1.8636446755180534,9.939837845968515,327.73867868052145,1.0103381249239545
1610,1.72145394736571,11.014834011592095,303.87281621056945,1.1814452366801091
1611,2.3406326859831057,11.548272889553804,288.9454355774594,1.1990304387882569
1612,2.0072543010887545,11.251257228863665,290.93919205641447,0.9621053019265179
1613,2.3130802188189397,11.728488450353796,310.1465455923737,1.2745615062012279
1614,2.543232387096226,12.246199702678796,307.68236392758064,1.14887494748106
1615,2.171802862252855,13.006438316255192,309.3847520432819,1.120308998684644
1616,2.118320998258123,10.5197959729593,295.9031247922798,0.8866834639272314
1617,3.0560801835706313,11.991164613201523,329.4330363323044,2.009222781969835
1618,2.06831664233234,12.711543678923777,279.96437502056193,1.107060566531302
1619,1.6401195534107051,11.07591683002818,294.962091911932,1.3160636434126112
1620,1.9071956733832442,11.80716722623212,286.6891791532753,0.8621011612600972
1621,2.5120559548760286,12.46655211548735,301.44745577549696,1.2974496408158978
1622,1.5729247744075847,12.011208859479515,326.1916289597653,1.3275505588929557
1623,1.7516883306295163,12.674197760566063,300.1081836464633,0.7294549223565066
1624,2.365120845969611,12.094698147049597,306.72511470815675,1.4162736042608401
1625,1.9103651879706987,11.688137460335755,316.292128559229,0.8550964108848199
1626,1.9636188902977567,10.827290245136126,299.2996219134657,1.1430006658801295
1627,2.3542130306431077,12.247168556413664,311.5046702924412,1.535330043683962
1628,1.7634490120341928,12.09997277749237,309.26284778114467,1.3256735518098481
1629,1.5153611909977198,11.0071679721944,285.7762416625769,0.9476347767176603
1630,1.541667629615363,12.582055824845265,297.1066382926238,1.1946354877641674
1631,4.096205857806294,21.956730849587622,311.0279554223046,4.047560465514405
1632,2.0855135909641622,11.33990693203599,326.79726443617386,0.941178792863208
1633,1.7714530506178212,11.272367855722042,326.78142496838905,1.0604089505822216
1634,1.6175987651336459,11.235851443078682,340.62327951736654,1.1130865594700408
1635,1.9107108687008738,10.32133844781274,313.2527716512258,1.2189507655047453
1636,2.368450704462656,14.004481686875096,297.9736525703657,0.876770385737649
1637,1.7241800752363456,11.551114619484231,303.9128103580685,1.2723895546674169
1638,1.7813142727556543,11.141545822585762,303.06599808895197,1.0050907015450021
1639,1.607127882775695,10.873224953010658,298.06603637499063,1.1934286693622518
1640,1.8787537465962834,11.612032533606019,311.5102408388567,1.064140148039778
1641,2.1115660669364713,11.304790633336683,312.3013044424405,1.227670500282235
1642,2.69800582182422,13.438073186760555,285.0461225519776,1.3978634880945735
1643,2.0718678992305795,10.751262183936195,323.49889081216867,1.391289185320609
1644,1.9822862252717837,10.461465768711662,273.77433871373455,1.2980803546882589
1645,2.2847690799750935,12.551784082287412,301.21780680029696,0.9912133864351943
1646,2.2297511321039805,11.892793503690692,324.53835964195525,1.40578661450832
1647,1.8093719312589946,11.777055163720885,315.32565425557146,1.1864114685928158
1648,2.7596798242319256,12.559636246304464,298.93144495839005,1.4917869991796098
1649,1.9919534937429955,12.136711637294534,338.4699997286667,1.2696819530984746
1650,2.0780038557174123,11.953182413139714,297.518750460795,0.8955427299232711
1651,2.1819450338044235,10.59435389807636,270.96683352617924,0.8446368227011416
1652,2.1141378813122746,10.33190485032817,312.6965747018554,1.113065316058586
1653,2.5033812307286145,11.299571618709452,274.76526955746226,1.1358430839296692
1654,1.80533011608711,10.91563505910107,290.865375016495,1.538239459810312
1655,2.2585161421213926,12.269205798523187,315.58675450606404,0.9885704065141807
1656,2.054307586977043,10.201285089290238,297.1654196797263,1.1098780442613136
1657,2.324298654386143,11.552839907064767,314.8703616318001,1.203598057278227
1658,1.9290548015104683,11.826925141668225,285.3123113570256,1.3493754290596467
1659,1.8843629324694702,11.960344720468381,319.5941604124552,0.90937839305107
1660,2.241584250850584,12.39896426270954,276.25390964854967,0.8137719493668973
1661,2.1181377748396937,11.673459806509042,327.41673733529484,1.3875400124172625
1662,1.7293028802326615,11.332507996039562,296.9189439713364,1.1615354738314743
1663,2.444052054516705,13.24448015044979,331.0296948751592,1.3842014853414237
1664,2.2417280937857917,11.679967311454165,290.71129108756537,1.307567579622628
1665,1.9755126171363024,13.4191303675543,337.72100978921344,1.3063734869432342
1666,1.8454837331287317,11.674872750555652,288.719761061538,1.0392299779022505
1667,2.120163195968283,11.983730336730202,274.50287243992034,0.9791652687985734
1668,2.2179601239288385,11.861252652498273,305.73275569402716,0.7302026944968321
1669,1.4739552255896262,12.231218608632325,325.9778136646323,1.0725880377429529
1670,2.1239747044325346,11.580151805104048,318.44340471468615,1.1219594493039367
1671,2.2153430517964665,12.09613497374575,324.77051157578535,0.9884717818334929
1672,1.2236919620106355,13.530814026595626,318.77884336398654,1.2454654128688631
1673,2.0647425873859455,13.048851789724562,291.05544588775365,1.1126831055360489
1674,2.229221014350541,13.055738343619533,318.0290872164496,1.4011646181926771
1675,2.1916898437073002,10.6580694281725,306.578177189992,1.111578729798792
1676,2.2648079570776725,10.819880058298887,292.934567556492,0.9169124993900069
1677,1.891903024633978,12.21775092275699,308.04901948646733,1.3617296155543883
1678,1.6568308765570996,12.770737925455936,304.04246134703556,1.0181908395443484
1679,1.406084370517419,11.480864447558549,329.07187276042083,1.6145705250447169
1680,2.3604336693874592,11.302415136243797,296.24708432320784,1.1279189871767419
1681,2.2320116129521335,13.393843002672964,295.4525003681837,1.1540002424137967
1682,2.385601347173395,12.68587666675364,293.1231431135246,1.504365422463763
1683,1.7607033515814323,13.057986680729506,337.24642398392257,0.8652035062939989
1684,2.26526601946637,11.558549941566776,294.0743307863486,0.9336059035175459
1685,1.5041152858542564,11.479979412684155,327.0462499515651,1.1871494305092054
1686,1.7130671256257624,12.948890604663157,287.4664124972545,1.1230513134568862
1687,2.041572481447586,11.737274139744102,313.61260497728773,1.6294854842426811
1688,2.218858517842719,11.389142970607962,309.46265977671794,0.9520851471169549
1689,2.554074107806018,11.086803563614785,325.9672637903405,1.0294893335723012
1690,1.9207788584185264,11.488704860360418,323.50244001803793,0.9167241335225598
1691,1.7143025918096089,12.875083551458676,306.3921307436352,1.197032874811761
1692,1.6973408703156285,10.490335143272047,295.86970919964085,1.2552007329509487
1693,1.7730108381419833,12.629052468343927,332.62434786473267,0.9905275110770033
1694,2.7329388428367896,11.291781241253851,294.1718933216073,1.4372708240461642
1695,2.2497682817743714,11.789699605213055,266.4486958271354,1.5277186684497726
1696,2.3671355106196117,11.853754419382645,273.40438723936273,1.1906025559300715
1697,1.921134756230635,11.779255128362689,277.5439570650694,1.1680542351889112
1698,1.9994559348084138,11.712872370084531,315.12682426839905,1.4777978262490217
1699,2.2307572869663126,11.555644066158802,342.64594922795686,0.9934091908328248
1700,1.83308641059229,11.428574826058597,270.3206685802161,0.9645915470085076
1701,1.903868397439597,13.319773546965472,291.6965669862026,1.0117931766372166
1702,1.7773475756329327,12.025049316069927,306.51343851139956,1.0251538397658366
1703,1.852327409080152,11.874051706775052,331.2736184163994,0.7493178378785832
1704,2.0161629421260967,11.355347277647914,291.6050621744114,1.1277607978320747
1705,1.7288356583658933,11.592056178869317,315.0435969822219,1.1889769225580442
1706,2.0943730631126973,11.358828791638633,300.7484827769727,1.0683501805591973
1707,2.0939119760318685,12.765344171914501,349.3217477595595,1.154962233296971
1708,1.9408479478574596,11.246400913529074,307.45718488976576,1.153791126479048
1709,4.361808652920722,13.536011394384643,311.04670914347054,3.2604311994168675
1710,2.034637806154114,12.058308037464887,306.4323683074993,1.1584718515447514
1711,1.8333814942259088,11.720609172429791,297.95032834920846,1.2289146861555096
1712,2.0153760751449914,11.414211783192698,321.147796951335,0.7807262897457401
1713,2.3623820642431337,12.911556119947697,285.2965315945666,1.4740420759745299
1714,1.5865297613556693,9.266480396951884,270.96663919301415,0.9588344751306808
1715,2.7172504911748137,13.57624406496989,302.4466913831,1.1913103019783355
1716,1.9760672147100455,13.054677760447492,318.86458325126216,1.1407461848633744
1717,2.135906960388954,11.371946736805182,295.12679278160476,1.2183915933236025
1718,1.7515924702201944,11.549215728316998,308.1703392534938,1.2937921674469555
1719,2.376929811348744,12.504386951462688,284.2481625362556,1.300285638305404
1720,1.9585432650812789,12.531215989840998,323.06527627500066,0.9971249668680764
1721,1.8699409577662727,11.366118142428439,316.0824637542745,1.1321997784665907
1722,1.8100800429790607,10.38322324613574,305.3353814250096,1.0590290711771158
1723,1.9113976314895658,14.113692721202003,307.8684063941567,1.139719042802439
1724,2.13805461657446,12.956124049935552,281.3092205239841,1.125507959758867
1725,2.05702752790809,12.15685302829435,282.0688134957638,1.0010346042271503
1726,5.142320748272641,16.118104127807456,302.9261457958533,3.187849089181258
1727,1.7652309320765593,12.621317028496522,313.73349178233224,0.7637313743966868
1728,1.746172753604758,12.74106328604501,314.5944374060016,1.3059715319599223
1729,1.8479114867486888,9.913633322512032,298.83014114006227,1.1738526692327733
1730,2.151890985013036,11.649128020634674,317.67143205695425,0.6529679103469777
1731,2.218545759004233,11.545170043795675,329.1534559660307,1.2882446479896754
1732,2.263024584976346,11.838565341498018,303.49265391670804,1.1322872363159318
1733,1.9995159251321932,12.770793943141813,310.2642864124002,0.9126357220113797
1734,2.126575440502882,10.20991980254269,301.46647978431986,0.9048481962528083
1735,1.9444112673886391,10.650857614436623,302.8527927475353,0.9642714327103391
1736,1.4250416629936384,11.318254963464373,307.8825934902916,1.1186527285660943
1737,1.9287441594519987,12.154345126466561,333.9554929139157,0.9437103846961116
1738,1.876142213631942,12.832125613340374,320.5596984131744,1.4496381090425685
1739,1.6571150825384129,13.631323419561157,319.02813537395707,1.2471186401825751
1740,1.8127599220015747,11.713645800115652,297.2863712737318,1.5289385485961855
1741,2.0445801667160226,12.830480909624985,289.73102247054095,1.146379905707986
1742,1.6260285607239249,12.710162478265751,311.62210249625275,1.3025630192011823
1743,1.765440794432783,12.54166915107013,326.14367033757105,0.9579701343545778
1744,2.510807665132397,11.975719060161799,334.29787477505783,1.2281674953808261
1745,1.4711069124594989,11.600468061559496,263.30516778248307,1.2570952625621838
1746,1.9395498873296555,10.934600669397387,346.5886009740881,1.2262841030675014
1747,1.615117909297852,10.868407133878277,312.08877812021063,1.1819465025703817
1748,1.7519598567173837,12.347081823498005,320.4518161907845,1.2084103242078121
1749,1.9347467142260224,11.945577489718087,275.42095014027547,1.1657455300204786
1750,1.6740998795325062,11.584492622159814,300.9726007750009,1.1052792163788057
1751,2.189397103070921,12.664808626296809,318.9884145872525,1.041101969959144
1752,2.4458797045248963,11.799510832911226,285.0292881017861,1.0894627738234814
1753,2.2777537849139016,11.08682084621477,255.89870671055175,1.364291980126822
1754,2.3381223288478865,11.733501930969817,310.7035909891552,1.110396237480939
1755,1.5446872259204913,12.820629847207993,304.1536947262321,1.294311528680921
1756,1.9197865627996857,10.976486747824081,329.50273049390626,1.0726781742835756
1757,2.1542489522266326,12.209276817537543,302.28138590996156,1.3272749769185332
1758,2.287493001657797,11.944574255606115,303.5257805175976,0.7536268481169066
1759,2.578606487561242,11.239190108630545,316.86051759582614,1.3681609589370851
1760,2.352783065237552,11.706647812960508,322.5698474051402,0.9261805525518394
1761,2.295841245812382,10.428316991221346,292.95127664478946,1.2324039663823718
1762,2.869086541577989,12.109640194157333,321.0564789128093,1.5389837681153922
1763,2.0317819969304076,10.63526701660264,296.13052494219653,0.8049540374090085
1764,1.9046107153802823,13.07243721722279,305.28086726335187,1.1731694090479021
1765,2.0585281082079483,11.90802757696581,316.4030856277251,1.1469601983909286
1766,1.6980325906233558,11.428186343430726,319.367317845926,1.110290044638547
1767,2.0223191493033763,13.160559328056454,310.4113534088803,1.0793957340442921
1768,1.430138776053431,10.968151155775232,286.6305594404356,1.333642141525514
1769,1.8252587179326243,11.252317094164662,273.2056699430007,1.3545754403464223
1770,1.9619398189183548,10.170753337968355,301.8047482001843,1.0380327442715127
1771,2.313379645981504,13.309506304332777,321.511842598066,1.3634946088389115
1772,2.366659879647499,13.872865696593196,312.6448565037616,1.1758624156356967
1773,1.6820063686321431,10.32640602180794,309.1145611254606,1.4218412936497327
1774,2.6850910332079856,11.184227559383334,304.8805485400698,1.343968495052738
1775,2.0489632478850357,12.069813581508052,310.2547313390187,0.9682215444838835
1776,2.079214838790154,11.484305862991347,288.10044999178336,0.884355193308595
1777,1.466161149953852,11.968684993857101,318.26343092580976,1.2699269315377109
1778,1.795381061260381,11.882402058289692,319.3872097931765,0.9673241094638075
1779,2.3464418578057176,12.407551860178305,298.96048635816425,1.4553112839313167
1780,2.0560268926953227,11.039034506046054,312.42912972107786,0.9277036795251622
1781,2.0355788596634485,12.192659650244243,275.8186591057099,0.9627801563644316
1782,2.074966816289909,10.883872577090802,308.06081457151265,1.219701036402423
1783,1.523742579321604,11.588142083968426,302.73687056399166,1.4777874914675206
1784,1.9681191773775089,10.26324867248998,326.4069594167982,1.246839234479494
1785,2.464749017248215,11.59545180854843,301.62307312785396,1.4456517576899837
1786,2.358613515281613,11.427262417092026,319.7672967274761,1.1636910450850024
1787,4.182102571851654,18.52566043858146,298.3500673098975,4.219189545552694
1788,2.5160106625393133,11.940739927680399,266.1362878522233,1.6674371158413615
1789,1.58449749276643,12.122503233103817,301.16588254622604,1.5450919895556516
1790,1.6793397705974342,11.977547971502817,308.34487333692846,1.3065907215745725
1791,2.6149953844619116,9.870891155594117,307.56423756270465,1.5558172877385925
1792,2.1907311290418128,10.003053739828331,307.82115858964914,1.2942611162916497
1793,1.9046671771062362,11.681322366619195,296.3902785597854,0.8644398839888354
1794,1.9817448732083685,12.278559988173805,299.4966312123346,1.0922761927931866
1795,1.7338117326680291,11.765134807279887,285.8521546421309,1.4432856978753648
1796,2.091275558596457,11.13594102506655,271.0577036863444,1.249233196775921
1797,2.0651381872827854,11.759686880634296,303.19019694254183,1.089912717620816
1798,2.0065619542546878,11.672914465955605,292.33154759753205,1.4017782567772206
1799,1.6172804489803383,12.779003248882374,323.3572048429946,1.2646744195200135
1800,2.0873695166527404,12.723019981865805,267.9062773321034,1.2558486557710118
1801,1.8252612273007294,11.446585472356363,309.947319585453,1.1938371451387615
1802,1.6746275040385679,11.95007574615079,341.0652835028571,1.2738701548751676
1803,2.4180250222073294,12.276199286192409,301.8916106642024,1.3308756832789843
1804,5.077836616287959,18.27141260219053,304.9532824584053,5.682514708364474
1805,2.64106464251048,13.652598090790443,312.24789508951534,1.6407889074528224
1806,2.214540512041554,11.971852368658384,313.5768307724974,1.0383189076072457
1807,1.9123569239038671,13.168744804206518,298.055375278469,1.175864628637993
1808,1.976782657740475,10.839916922356398,287.8589644291813,1.3545359915980626
1809,2.1338487469425504,11.36232617544929,316.09625355835897,1.084795721573445
1810,1.8613182416878076,9.864175582988638,272.56295641391137,0.8501449974125844
1811,2.4352073198403907,12.151306540009735,319.14788144085696,1.035701716410831
1812,1.3282099268715823,12.647523954858833,298.3394250908408,1.2118913716955573
1813,1.902410567184147,9.444614890253568,305.05244761948154,1.0142688916499791
1814,2.2643535923822156,12.188286367590841,296.06466618877766,0.9940816877231019
1815,1.721097316397659,12.604210347231845,329.3250045998676,1.3540489749351714
1816,1.920750865911315,12.547237596338439,309.2331820262181,1.0485290469292836
1817,2.195902327360257,10.804138879965352,299.5304542275935,1.3760145300866888
1818,2.5010288053224725,12.773119973092248,299.0516507740903,1.029579845818382
1819,1.5730003668851393,12.009304497385399,302.4813287106462,1.1423792302240492
1820,1.5485354190408962,12.591037618916516,345.74798300107426,1.2472240368478673
1821,1.6878100380128525,11.874142109152972,282.6094979313462,1.3225591149257516
1822,1.4926131693323073,12.381037367055463,323.4089970764176,1.4883390185209262
1823,1.5160951097142148,13.109235800040778,314.65778988052926,1.137518186180089
1824,1.6790218047607488,11.795977945897585,331.1767997910053,1.3625604428095308
1825,2.407052870921177,12.284104808896709,315.69413551825585,0.8663504998302982
1826,1.89701465003731,13.24976869525679,305.0571710062359,1.2808419458324913
1827,2.0103537850316804,11.866769835190242,322.34046968654644,0.8318534580418129
1828,1.6846967952711212,10.874603834582151,308.906070013938,1.2509667768681791
1829,2.2090672347713123,12.676043124155994,317.8342525203073,1.3529369530151771
1830,2.619002129184815,13.434877610609373,329.2797308849269,1.515007522161654
1831,1.707082138266991,13.288783512817561,306.5728395549822,0.8253609595979585
1832,2.5691669624546623,12.714987766328873,297.78545531192253,1.2114031569096915
1833,2.120260046445389,9.655842415908248,294.0551983077653,1.2523533610852644
1834,2.0055649547652745,11.36416727300369,312.659186929145,1.2376781834338275
1835,2.1320408646673297,11.415399512341198,290.0711370479177,1.1659958081798092
1836,2.1288737446591153,12.04486839182812,299.0533156072288,0.6699757836315487
1837,2.6128444582908705,13.688264834440671,288.5513310510606,1.5724683368466426
1838,2.1716728415011692,10.919458366442804,313.6417650131207,1.3935244479612507
1839,2.1785653664765205,14.24220208859643,292.2133519001585,1.1525170360239012
1840,3.538029017906025,18.37219028251341,283.12554048952546,4.3025050625281605
1841,2.2768954550332534,11.233098686526555,286.11681781037936,1.2481481537350634
1842,1.6842404987044146,12.845204712311789,295.29149786428695,1.4539050795331803
1843,2.035971316561266,12.924304266824127,296.83488607875483,1.1509130768087121
1844,2.9514835734076734,12.649946911023735,309.2746949744095,1.6230640850256048
1845,1.1736173265167238,11.230544533193996,302.25240409221664,1.5997071829772636
1846,2.076938508790699,12.502028127739072,311.29528349388096,1.1014481355682784
1847,2.089635563890036,10.966442256099342,312.6604129172093,1.105031306413806
1848,1.924730615979223,11.202754136019792,317.5884916942851,0.7503407234892963
1849,1.9325086438477477,11.905129835895742,272.56698219428733,1.2073904707593581
1850,2.0301652251432896,11.180036400098897,285.8372026870501,1.334855173055447
1851,1.9168389190967046,13.052748247878633,314.43307429022457,1.3083623272876164
1852,2.0732533105109314,11.421832468090402,308.5940098133749,1.293525243310265
1853,4.499204798531304,16.9084790708564,321.60786021042685,3.1111514088897616
1854,2.667389630186536,11.119801718325984,278.7517003151874,1.4052887680931239
1855,1.916835464711874,13.037609811421666,296.92237225909435,1.3425686701927224
1856,2.1879717645161563,11.333873025650307,299.9615410806157,1.2953775568706525
1857,3.7826250209797716,20.83862401659172,307.83158439580626,3.537672370836595
1858,2.3079372000323786,13.068543585282251,305.60991536710236,1.024248408765324
1859,2.2420443698259405,11.554059049054752,312.9743222942938,1.0005318035677218
1860,2.138355878055616,12.029667808261015,303.0508826600559,1.0453545914011384
1861,1.6609793324478885,11.526291023432048,328.3297166062296,0.9826531770490899
1862,1.7517069966140382,12.545721995256978,333.7505577289268,0.8739316160186053
1863,2.5564370852962397,11.8055286886711,285.9957551922111,1.3856932277458416
1864,1.7480536764554757,11.582519336227236,305.7668905744801,1.2194657878596296
1865,2.2114977161701264,12.046179163240046,318.5659026802208,1.1769785744929682
1866,1.6882584610401703,10.417784236474123,314.9505756890581,1.2310023766068536
1867,2.3327664677485838,11.924151755194922,298.06665838629334,0.875912444586711
1868,3.519949375344809,19.974968232298547,309.33270304919535,3.9695446871017115
1869,1.6821479971117999,12.138054380261169,278.0812086516107,1.1039448465815183
1870,1.7649269826900225,12.951656565724866,304.67458806638257,1.1439619891505597
1871,1.8172451431018624,11.622701912139224,280.1748370234658,0.8287549857989125
1872,2.1335422071249925,11.540709287673746,313.6356423885494,0.9254985462071518
1873,2.0228966230254684,10.882680996023835,286.0287148823156,1.0130293478973147
1874,1.6385984936287659,11.594255096451274,307.771563971056,1.3926359306140699
1875,1.9907774854463893,13.96589262496437,310.4263250371666,1.152426791658429
1876,1.6226445355939383,12.275543365186453,306.2896861145881,1.392599470035909
1877,2.2123739304503234,11.414463784201779,294.25680133015993,1.1034774381565042
1878,2.2728779566278945,10.993858061932933,301.4237397461984,1.1463644537873254
1879,1.9920973782787106,10.401469274234078,325.07821835956526,1.1998539033780695
1880,2.0896456229876113,11.169606430592681,297.78165720235313,1.0695403659845688
1881,4.348541149225183,17.72214073710753,305.3643118180754,4.393470884385607
1882,1.9479910125106008,11.572968226758038,295.53459032419977,0.8037199749001305
1883,1.6883948764832064,11.041828251857428,322.34726069214713,1.0406171719337718
1884,2.191134427859471,11.15181621596576,306.3231231777243,1.2898875204246396
1885,1.6262242572974361,12.649480799939932,292.01244185611813,1.4387539781554102
1886,1.930512242119929,11.918736924618372,305.1211293950398,0.9483623197555575
1887,1.8023332847924394,11.372795585789891,300.9024580148148,0.7774772241069268
1888,1.7683994550410729,11.69161163044543,328.6738958852413,1.3185782383955638
1889,1.9174710934373114,14.205883125547427,304.2403123893974,1.1180825661892055
1890,2.2969641376506473,13.219623074205645,281.493268897526,0.8852670091202717
1891,2.3648707001469815,13.468625329669848,313.47676501964196,0.5603831059670261
1892,2.3056479348199215,10.247896054370285,335.36348636720993,0.9652386810281557
1893,2.1109968494123765,11.84889772216306,325.3478251222863,1.015049412954466
1894,1.9149535347420734,11.355210900849118,286.2501278006507,0.8741542150027477
1895,1.221917751518014,12.543840195833846,300.43162154647325,1.6137367042347477
1896,2.1213281277815006,13.0598068784522,304.47838598479865,0.9466131538873471
1897,1.2478205308295673,12.32642621292004,304.68466940446825,1.4532602403455077
1898,1.3652887987639057,11.127529957340542,311.47635157204024,1.8244700093148265
1899,1.9466496735903074,11.338986662002764,299.15028286990014,1.1252569394338463
1900,2.087310490728064,12.620570866132855,289.43439488012604,1.0816226594023317
1901,1.851141981736344,12.720073173209427,321.18060572065184,1.0951528559701635
1902,2.5067252790360093,12.140952372437404,285.8993766014084,1.3930006097843524
1903,2.1524935469811073,12.12979091938957,291.3640188023042,1.2234346632107789
1904,1.917695390757565,12.05012253576855,285.7937226756208,0.9034890146221527
1905,2.4574822819099924,12.26909655774723,315.407611402687,1.147529238375142
1906,2.51648740469615,12.715960975171813,306.81001226005213,1.131924939251447
1907,2.169144368846641,12.630165707236529,320.01956153497906,1.0612094589526397
1908,1.744164972280026,12.023585433883417,291.6517119236462,1.5059041683539323
1909,1.8184107577628283,11.950950582672665,283.6987770104053,1.2439337890348707
1910,1.5225762247121988,11.912701690930243,297.45368375700616,1.2253662243145593
1911,1.9860024296658307,11.219669355800235,301.89754612507016,1.349027913957555
1912,1.6534863243233042,11.206971850668252,308.5546372320911,1.2121387252907643
1913,1.891405326165149,12.543956274803111,276.3993422341087,0.7797014651697667
1914,2.085998100008203,11.287131113605437,313.1384246758225,1.437378257009307
1915,1.3453761481387,12.813933867913024,289.7979414490782,1.3344102922839591
1916,1.5829653813879918,11.948657288964373,293.9939339480025,0.7566237325448033
1917,1.8327401419043425,12.819595258435163,324.9530620294041,0.7974197908132015
1918,1.982665968321353,12.636958803554807,267.8856536272956,1.3257233748154535
1919,1.8370160360864243,12.842929924772077,310.4825344618382,0.7997896273608303
1920,1.9107290826424956,11.523634243498128,310.4183867111472,1.3747858734023002
1921,1.766958225278566,12.408899450479042,291.08065539353714,1.1498807684066361
1922,1.5216980522031534,12.737887989548364,297.40092654442765,1.3846179380247072
1923,1.8235322434607395,10.448673300600568,325.7577956365718,1.0679460557192428
1924,1.9296543867729994,13.70169344754886,338.36970024750747,1.2077410444706347
1925,1.897571265809938,14.265953046114074,323.10033973703577,1.1698182608197454
1926,2.0368926532028295,12.947288294497813,337.059818351928,1.0931378333132735
1927,2.1382352082568152,12.805880762129991,293.24735728065167,0.8987598166907894
1928,2.2249696548759013,12.588758597459519,278.1385708701883,1.2030847094232044
1929,1.790928224281241,11.676566658313273,304.10543435595974,0.7636960050796222
1930,1.4799870547064709,11.889829788731483,318.6825968137964,1.4539566115683045
1931,2.4196268006904402,12.964404895360529,273.4692481960125,1.2485727317610862
1932,2.127197152151659,11.026782805133578,289.25023356145005,1.2028703532368226
1933,1.6849614241126003,10.939283086870875,291.13828341878116,0.6381532539852075
1934,2.091642668642499,11.602670811257502,311.0615805605794,0.8800602539610852
1935,2.352438261978481,12.65625317489551,308.86953258374297,1.0758586530701097
1936,2.5706282533289992,11.1340638417258,291.82226685042616,1.436617941654447
1937,2.0827013911320513,11.774583933082642,308.0567903607435,0.9156783150850464
1938,4.111808372422949,19.464010543604445,285.5383118590233,3.915855542963905
1939,1.600831316136141,10.988130761365543,297.75077818553405,1.1461255704665696
1940,1.9881520919730968,9.56023208321428,283.49858270425784,0.8968879302200639
1941,1.8894458257454145,10.973487460581195,302.44595692748817,1.0702078055908595
1942,2.113048051062389,12.260886517316692,291.39168259942494,0.917734022331732
1943,2.531693998693953,12.486143468277474,316.73637534116574,1.038404777934671
1944,2.0824635001121554,12.494362983861405,304.5548197976875,1.3064120673603445
1945,1.6905620560419305,12.609572394843138,301.1453732196976,1.262014263789961
1946,1.583065268638319,11.373605099462553,335.0581142729083,1.311006319174599
1947,2.5431074207088,11.159390875012813,311.51589900931685,1.5382293335827062
1948,3.8546983198759373,18.150804373575035,298.74138057825724,4.086638072560545
1949,2.1478668445017686,11.78824992976306,295.0764990995366,0.90007464027651
1950,1.8865686417758036,12.907078622546102,284.92006569916873,1.2497060540697285
1951,2.0883943889403884,12.381373564337549,303.8799739472686,0.8795206674897965
1952,3.2477916968037,20.61621810937367,310.22943022040283,4.654370677244235
1953,2.127775457382205,11.534463695674404,272.4556081274842,1.1009788489200012
1954,1.6122928549305708,13.067534250107846,281.8122800413667,1.1637603934416696
1955,1.8814348131408394,14.034675897138317,296.2262525824633,0.7504791460482019
1956,1.787845260942396,12.053742561607626,286.3309278298096,0.9343850633815727
1957,2.923441139296598,16.993555363768802,305.735377262441,3.611798382732913
1958,1.8855663532439757,11.069471711301512,308.09658472941703,0.9859815948088066
1959,1.7033740799272334,12.894056525882338,302.92077474513906,1.3798034702797923
1960,1.9305713383160414,13.129058169524301,314.3529634635307,1.3624857635084335
1961,2.0005685241590117,11.50554681593339,295.05649128134536,0.8759230038354207
1962,2.583417541183923,12.586159571074838,304.21961737217083,1.3229840863798807
1963,2.100553969061978,12.280472738844605,287.9436690577991,1.4228123793306633
1964,4.355048424506019,19.062179464736957,309.8385350239728,3.3902369289717913
1965,2.163552565622351,12.812019740765273,306.2904386432676,1.0351887588034814
1966,2.2876968090395717,12.518899508999482,284.6249051964319,1.323361253493606
1967,2.149912219771991,11.861012173827158,302.3639906215192,1.0590933180111228
1968,2.0929652980599593,12.833296355430138,304.3570281544605,1.3595324155508022
1969,2.2347114831258375,13.111856089524613,309.77720235474203,1.0152061721123922
1970,1.1992106411257355,11.445805565980002,310.4080146117096,1.4026658434890806
1971,2.6893870224820127,11.998200872953424,292.7398390379575,1.5526890628144412
1972,2.5246108487554215,10.231307194779099,317.9819591848561,1.290743001128164
1973,2.0716547981135656,12.583598047531213,313.8919465402674,1.1248645456813844
1974,1.5337078713651071,13.22311757626427,292.68214696650693,0.8529392810031544
1975,2.399415642722672,11.742704772510738,285.5741502347557,1.1282277049926748
1976,4.153684795273658,18.851507667366764,293.9814220299979,3.858669850663374
1977,2.1761675354697285,11.77980426505606,279.981984890279,0.9624997039163522
1978,1.576641151410796,11.616103776124136,308.5361107052611,1.3512578962288029
1979,2.7347142766611303,12.232171286846595,325.12051869228895,1.4882771067608926
1980,1.5240684685041552,11.215757460972217,329.16628298474114,1.2004936885537154
1981,2.0227654032044455,11.764723063556568,286.48119589950414,1.371872256008632
1982,1.2996782192112073,11.09544907189412,318.3756724264644,1.33611056477194
1983,1.9863965907752137,12.589076585849677,306.4365149238781,1.0460853257917289
1984,1.859655882304369,12.239238120267702,264.2690141162989,1.0699845353806101
1985,2.3752705199889688,11.568762082615075,299.3492484729115,1.2034183187668168
1986,1.8596247875746843,12.037078745622395,297.457387925714,1.265608737906296
1987,2.3757457823392887,11.77927474422365,325.58390423156993,0.8930235947651661
1988,1.6620402126957385,13.143895170572634,290.19377334735606,1.3444234807117985
1989,1.9069526709952345,11.558987684656572,314.5720939022685,1.118987452910417
1990,1.913569007686233,12.635044965431884,303.17949830522116,1.2154385121483195
1991,2.1635441243588627,11.294792714691706,280.42124694413866,1.594953025298202
1992,2.121563560714329,12.8142384003799,295.6128497545133,1.0068300933311678
1993,2.238334301124709,13.037305600003608,331.037734820947,0.890283893986313
1994,2.088054099085614,13.084506292594542,302.0527006720821,1.1435669908051391
1995,2.218233892782328,13.471016891138698,320.39974001122084,1.1999615070922314
1996,1.7037049035312644,12.292445000079026,319.46792289132804,1.3287521520771306
1997,2.1283035600708073,13.237946701663242,297.37951452929,1.0025309693901978
1998,2.530707956057075,13.624179952320425,283.18181790528024,1.1086022052552984
1999,1.445602386762093,10.877947636115497,285.4190884060316,0.9839669917851537
2000,2.1613726251397463,11.396761858236797,329.6783397229094,0.8426467911940032
2001,2.223337326719579,10.504299290482878,307.57953600260964,1.0477328838742308
2002,2.4821915045656553,13.061144124724771,275.5250407733472,1.2208383740028568
2003,2.239595487985769,10.491467732611657,319.17732897226966,1.5486185519545144
2004,2.0331042609123737,10.220157659519304,274.6235284494764,0.7621627899525087
2005,2.1419241545183128,10.902607319104838,290.95588785914066,1.1795685941307645
2006,1.7574375145947576,10.261687989475568,306.3820043337502,0.9912914961215172
2007,1.8719705361219439,12.272158029825432,347.84712435833956,1.154736101770732
2008,3.720195255191482,19.452090433116123,318.8720183320101,3.4926556173556147
2009,2.490719739733594,10.309717087996214,296.79937451151693,1.456376552446956
2010,2.1485519152537793,11.958126679894828,305.4813430321739,1.319520035206968
2011,1.6976828880928774,12.017112028447047,320.6350566822386,1.134045087176204
2012,2.089547797678653,10.1302169025139,329.17167594416094,1.392794050440233
2013,5.25590220369213,18.498795927252708,300.79012855509797,3.152626683321549
2014,2.327621467399947,11.925361248027,301.28351212777824,1.4450600047665318
2015,1.6938792576550876,11.643176726530113,290.88917540498375,1.1494727009165628
2016,0.9658331907597493,11.670516772947263,316.3076975703975,1.9534503630241298
2017,2.1304774080158055,13.179286978736112,322.4415238769527,0.9569024820843676
2018,1.707333021493383,14.146544792323574,272.0423564087942,0.9791736485027022
2019,2.2053680769735653,11.686701514018198,298.25429776426745,1.5621142771976038
2020,2.31358922815096,10.678118467420246,284.37141762989194,0.9437953088109219
2021,2.367498926683916,11.765416901386185,307.5654182677423,1.0965132593524962
2022,2.5757643603729155,12.194293103419522,283.954914184307,0.9259314853957972
2023,2.40799778296551,11.946721455230158,282.5576021406031,1.0340339340706497
2024,2.577351113498727,12.610691118224395,324.09982777208614,1.1078201582922833
2025,2.4550899132676594,14.211909250196214,302.1848996989958,1.0943480928722047
2026,2.483851799427315,10.28687914291968,303.9815952442988,1.3051265454403338
2027,1.986513514031735,11.492920332966197,312.33864715874506,1.208319845341925
2028,1.5745222776933154,13.541143177361507,321.5039223538123,1.0108774960979958
2029,2.8191491839791962,11.477954439734166,297.8839218462219,1.3580900296213962
2030,2.0207744686212865,12.789493505574423,298.26265173765745,1.3169696245865825
2031,2.4054736611114973,12.63090069734766,298.33486903804004,1.5429921254654986
2032,1.8184093057620068,13.236879856813802,323.38565122059515,1.3716279834610543
2033,2.318094406040061,13.91333974415953,303.84170279684315,0.8334678878326348
2034,1.1931621027368113,12.333072707100524,300.0513286975752,1.7414936118032553
2035,1.8645536809696852,10.254170214580096,311.6452393417594,1.4821121086129616
2036,1.9675243424805449,11.29959282373588,336.1313213962384,0.7614640368836889
2037,2.1526608935407117,14.186052866593615,306.26281345245235,1.3309894273857428
2038,2.3537681432783657,10.585802190615027,300.41939718046234,1.222637500517055
2039,1.638932835861996,12.496806569190573,338.03097480583506,1.1154015462320037
2040,2.2177895023436673,9.485490775931812,327.6066279182711,1.1506445752951227
2041,2.4048001022901246,10.64877281811049,325.1420251104663,1.290247250065523
2042,2.774150822308905,12.886937281399913,296.4883251783026,1.703088897789332
2043,2.2331872346663864,12.035960920329757,294.80292767040254,1.3549162034659583
2044,1.8483630261111967,11.623558174611722,273.8193742927643,0.81287067476646
2045,1.580317663154274,11.185643975645087,321.4035870935222,1.079468173158443
2046,2.6036367582955258,10.003457460364908,306.30895155631725,1.3446270524802726
2047,2.2433228387456707,12.693405886226637,274.384906090464,1.4511514697751502
2048,1.992748041578521,11.716852630342428,325.4314092353392,0.554534301972973
2049,1.4654599629068,10.478134825486347,299.26503377798406,1.1549874105337126
2050,1.6927092962036425,12.030189139510284,301.36063250804114,0.8529669627991685
2051,3.8340306046581256,16.676913500050063,279.2795219509818,4.4227232608500575
2052,3.820716474522399,18.569840585060263,313.3673734903092,3.733650854793991
2053,1.3577105855410703,12.115992683312422,313.5300904382062,1.249395010405526
2054,2.2087621436456035,12.038126815487441,304.18421159804814,0.6602810172864018
2055,1.4824159720874133,11.293205191371824,297.88995512394956,1.23440599004258
2056,2.446822992638746,12.054259613299832,349.6499498545638,1.6309553854775385
2057,2.068823451918636,12.735216931323942,284.54274848858853,0.7415984945063174
2058,1.847070921912731,13.034643673325583,292.73557113265593,1.2210876029075597
2059,2.3267509319065223,12.790729338589344,317.0403645433377,1.4797357886938542
2060,2.116654765187109,11.324901968764086,287.75452107672675,1.098552631293859
2061,2.437226110806656,12.636212551569784,286.50048241860225,1.6041234005685152
2062,2.026556952418557,12.465466427336546,324.23581698929866,0.9684751046751958
2063,2.0458103909138856,11.290291207554805,315.28825932399513,1.39048913464367
2064,3.135641586323869,17.848925824990086,313.23034561060274,4.498688781110862
2065,2.0867791571131638,12.67969310264754,308.09102243363867,1.0981624499565714
2066,2.560323790330454,13.376908152806443,293.2333922614233,0.9972160739238808
2067,1.8340878238798555,10.1883281020195,300.70459123564694,0.9167206621292777
2068,2.2138251992791096,13.640061238369295,303.6557281405318,0.6595097362815486
2069,3.032263391727881,20.10906577874922,319.3856780036416,3.9307734574329882
2070,1.3179784011661118,12.199118500166033,312.23957521497135,1.4832552478261556
2071,2.068461384322136,11.759283376642001,289.22666108579216,1.118749406299592
2072,2.1222337897449095,12.390433449219143,318.42221787190084,1.0847207122881233
2073,4.540727966006832,18.778965048414506,276.4653971511022,4.211993072134051
2074,1.506324959645162,11.82230498005333,299.55282856811647,1.3106629617795844
2075,2.100419354631735,10.524973048561021,285.58517758957794,0.9953230775655734
2076,2.087883499266017,10.25847704293164,290.42924144399774,1.1342342275974997
2077,1.7067023917394508,14.332306634705883,337.7519667266726,1.5628355839667711
2078,1.5533477814139034,12.063075218408288,279.99853951083634,1.3481222646764066
2079,1.9167119838570308,12.203689021002367,291.07370104811935,1.026317231179309
2080,2.2154666514366634,11.969267206889127,313.67683011240956,1.1198895555922928
2081,2.137496061491357,11.172225980519109,297.0099530816073,1.2043969503190304
2082,1.7093237907147543,11.692937890236733,307.6444814230556,1.068168241113649
2083,2.0451852780572626,12.09118869396835,329.3023437556497,0.9993569528411217
2084,2.292751713806937,11.803361722448034,316.1286735802782,1.1508718167868675
2085,1.6130203159419512,11.24779727230552,297.0324000490258,1.4966650540780637
2086,2.020841271454254,12.479488793224045,302.72676885018655,1.258464604962188
2087,2.442081523456388,12.188364691868143,314.02030216635865,1.1392645932043615
2088,1.5792723887530136,12.392907771743694,315.7948260247264,1.3835498536329387
2089,2.381323676046338,12.705044812019835,305.35279657762874,1.1918674848344362
2090,2.534331859266387,11.829476087701732,311.13035300097596,1.3459342017440106
2091,1.9266721766936075,11.831112059718523,311.14690148645343,1.1540584854863973
2092,1.8868071557246273,13.482452562252055,303.43214858191277,0.685892429302791
2093,2.340921158276455,11.05598479109088,294.710960691261,0.5625736874706606
2094,1.9385769762402587,10.126368251775633,317.62412516636834,1.1476634126273146
2095,1.2234681887706196,12.555538702057481,309.9605228468653,1.303288771820336
2096,1.9673977837524388,11.370649905125731,269.6233448317867,0.7728064828377625
2097,2.1552333095042058,10.922649042706551,290.9607961653232,0.9505385114018775
2098,2.2442276716822143,12.88523801709242,296.828582625469,1.3219097422204147
2099,4.4503071515663,16.193774110968256,301.5807669352985,4.425906552892621
2100,4.499790061624694,16.913223078008556,325.4670636354071,3.8091155989810135
2101,2.3223793971702587,13.934946119009554,359.43954036370815,1.2550547664861056
2102,1.9802004549335985,10.3893137356026,263.2000433769832,0.9164766565509033
2103,1.4955164619928984,11.9133216076639,310.17490811375814,1.4131012252627262
2104,2.408420543174724,10.11072322515281,306.1829640445341,1.3205684839183673
2105,1.929343362615509,12.270658233852227,301.9316735925649,1.079598600665284
2106,4.997562860335849,16.933448576789566,314.2299722711565,3.654342679497206
2107,1.5394992903640388,12.81927481532937,307.5464085898512,1.3899709315535433
2108,1.9600743732956019,11.98261361369329,298.8556224141406,0.9510984513716737
2109,2.1682128878134876,13.350607779006829,305.4971252856134,1.335119849884878
2110,3.91120140017763,20.78222127089719,314.46163330046215,3.4191623806077254
2111,1.6096079532340724,10.395455643854083,312.8450114967481,1.1949432684515358
2112,1.21235490874164,12.237516053026866,308.20674922953464,1.790885850577928
2113,2.502677492736109,11.747442519540805,295.08139032820213,0.9977981765927433
2114,2.081852606627437,10.180740118622545,352.9254290148262,1.0121169520375783
2115,2.3850443474210756,10.94461972391429,311.11172629020024,1.0554705128911863
2116,2.306460802788948,11.262867554523512,317.96187486471433,1.2298475079420819
2117,2.196959452619461,13.555383390400733,296.36735830136206,1.3605342891253869
2118,1.8939586728014677,12.707445799569978,308.2227528007688,0.9103673653005099
2119,2.1616230854609126,11.652264837207266,308.0873373056092,1.7772952669349533
2120,2.472737192302339,12.47086972987224,272.4968535969473,1.1060066215135658
2121,2.0273936063303397,9.960540120139955,292.81676707411384,1.1726019485423482
2122,2.627561344651733,11.435093888851998,292.5025630004374,1.344713870108527
2123,1.5051907774659374,12.400995379008362,294.79223497259613,1.261029726066889
2124,1.4697201582833925,12.165376306395467,286.8127347022615,1.1158596636452076
2125,4.469748861687389,17.864617777653642,305.74555261711606,4.618848048352376
2126,1.72981483094811,11.961691867869,328.75509643627294,0.9744757649275767
2127,2.674301183741497,12.338108504712018,307.218307895479,1.0281170767519474
2128,2.441322652506871,11.990643339831513,284.9184022535774,0.9963552373962445
2129,2.5238985972301538,12.861003956923472,287.47463364561816,1.5592343627719123
2130,4.181625967914907,16.19793166587359,298.59013046343864,3.5265980406038917
2131,1.6958774041888027,12.51124047042968,280.93468925244656,0.7558970064448429
2132,1.4524172719553867,13.713554788230084,310.1757704273346,1.4486509629768396
2133,2.4934472408323773,12.827506332965067,328.0026807860352,0.8545773265594466
2134,1.505142492016021,13.740958446380972,295.20962838354683,1.2463824806930055
2135,2.523012276950082,11.32808563377982,306.2942764152424,1.0280456300151153
2136,2.2209728708756873,10.40758612715445,297.7076683095895,1.3084302932254113
2137,1.9748366242393665,11.859719209289093,294.296326528294,1.211324761861245
2138,4.214914939262128,17.991398148901055,308.2227931546821,3.302611848850286
2139,2.153546008698203,13.459414152389355,293.72380654910376,1.0555693913904078
2140,1.9332045717662636,10.869955567343162,291.2571923076704,1.0645004221960408
2141,2.4704767875233737,11.921121039540058,277.4720465071998,0.9373868549154343
2142,2.459162283997846,12.405179366042887,306.09799987155696,1.0246176821092883
2143,2.0513675696009104,12.100102503984358,323.13915971419596,1.2913426358381552
2144,1.8020018523888994,11.828470352761304,317.02424940521973,1.1977590179644544
2145,2.430964834653416,12.358568453206345,330.36388662272634,1.2360200260443113
2146,1.3325550745541896,13.079097630911976,293.53323726959724,1.628622043705113
2147,2.1464845603137364,13.535745471222661,319.463759585347,0.8532753532751256
2148,2.244059785708944,12.032807207456084,286.25524548529364,1.2809599907379348
2149,1.7266438945232558,11.184154246405436,317.0573969773742,0.9104972836432842
2150,2.3213492108544234,13.534534094093365,332.95118374283743,1.4595992696122626
2151,1.9912926657655132,10.92236655326451,313.47248555290594,1.208941841509786
2152,1.819918959756791,13.790578843115133,333.2507974880436,1.3130063643938474
2153,2.317863702089012,13.34413536491873,294.82155603270826,1.0223137937703477
2154,1.6417241385297427,13.48939879142887,302.7180718862726,1.6160038326598418
2155,2.2868338010660803,12.685390855973086,289.43337718204606,1.5507212284627991
2156,1.3458257494396455,9.887509959862186,305.5914274237423,1.4514010531610468
2157,2.0942824674212948,10.960879168924455,309.5844549474475,1.3405636364899598
2158,2.014468505550453,12.30688822069306,305.4425960647507,1.0397524309332027
2159,1.821900396934299,11.324353001449067,296.9396378957994,0.8659698240876506
2160,2.1285762064033737,11.684720121662114,296.65783206799176,1.269407844841801
2161,1.97374185730863,12.612808180825926,310.86790006371734,0.9165654662357196
2162,2.3480495570108304,11.830025714971363,302.29212218404723,1.4371498952008193
2163,2.1848498263051335,10.78097939567566,285.41934891212924,1.330756691814098
2164,2.1493890968485365,12.885658713138564,272.7461372184572,1.1608811335070413
2165,2.0963141971748676,12.514902775153727,294.8766957221751,1.141610559778685
2166,1.8441850693394761,11.751004057020436,281.50143147582014,1.3129102381323057
2167,3.8102166500602026,20.77542313876851,290.7953101950002,3.907774268854646
2168,4.1167917926790505,17.35333211979119,297.80381073310303,3.6162952724169126
2169,1.942791369254645,13.331361192415246,302.51631406086096,0.7991277082090379
2170,3.6316858227663658,20.247334015668958,293.67790085745764,3.4526980559124487
2171,2.0308385625494383,13.32392766658068,342.2504188387455,1.1738774305777764
2172,2.1240689805822934,10.126347218624787,283.5612484288346,1.6606757447922624
2173,1.5371143018144648,12.459219023211828,325.55661178498684,1.213660933842783
2174,2.3112659897799244,11.60213820331916,302.23634383522227,1.2204768507808872
2175,1.8082127140874666,11.140949011656495,293.82205134720994,1.187905776519184
2176,1.6559243178420844,13.158500579405125,314.9887921766516,1.3035518781355107
2177,2.5432413830071487,12.88908743187632,297.3010816284382,1.0895931588522094
2178,2.230215102402755,9.993523310907529,291.2816003305296,1.1174163253364104
2179,2.3224415872342856,12.715495635316465,335.42676833822634,1.3299924016261415
2180,2.149983740359415,12.594148046405934,267.69417921343944,1.0473942901868794
2181,1.9692602373517754,11.276928493342341,300.83714496662924,1.258623607222
2182,1.907730677341433,11.164696053036835,308.2312175484001,1.1246216428951492
2183,2.257106361200701,10.409424775401593,328.93638306401897,1.2213584957123023
2184,2.373731283938637,11.662468102763036,298.22667473662676,1.4168258277251038
2185,1.9774993631844708,11.822512461693433,350.23725915369505,1.0548427737571118
2186,2.6839391453512644,12.796996780358512,317.9050240429202,1.0996488656665175
2187,1.934884878595433,12.269380364500558,264.756022217174,1.0493608009298345
2188,1.539977213186309,10.940091884695669,280.28739360755145,1.066093961702936
2189,1.4318974954719876,12.238874324944845,309.0278780134601,0.8749518721993794
2190,1.4430341285998223,11.745954580596086,285.5542736249322,1.2709944833463127
2191,1.8634421084510766,11.065173786335555,314.31316515890904,1.1513679276113535
2192,1.9234340530327816,10.410492756227622,297.2865936844983,1.3077869219874216
2193,2.225257880434364,12.624803335025508,284.66755113406225,0.9035973986214274
2194,1.9905593483662554,12.446397149479468,288.60198064294326,1.1177604629643965
2195,2.278312441429281,12.556769028280907,319.48253128635474,1.3736421117437678
2196,2.014814634765533,11.271755566508237,270.6097897535673,0.9852066328340456
2197,2.004462070621866,12.171079862101765,322.7696720278146,1.2072566961020903
2198,1.8094200915772125,10.624635852932752,323.26712683773394,1.4420624365971422
2199,2.4694541919312782,11.01341718814812,299.36608433549253,0.8641572324429828
2200,1.4946101821292617,12.033732199748334,281.1244750717096,1.3128905623708824
2201,2.099432395935581,12.262353030322178,314.4496915546841,1.338707792449908
2202,1.940055347622753,10.371182104060638,296.73189160800393,1.0320853159327
2203,2.2579790171764853,10.942455285697362,279.24299942746984,1.4186149616923316
2204,1.9931262976185697,11.634607163916764,337.45538387508304,1.2268736505854632
2205,2.0028524228532465,12.958518732910292,289.964973969324,1.4538764775385742
2206,1.9120089246377954,11.18689724713378,279.97343492558866,1.2212932711699502
2207,2.4597746133635594,12.140575282795078,309.84586393672873,1.6015712114193619
2208,2.0007939420698957,12.24539264063408,303.8465935831777,1.160000396539671
2209,2.649984899832446,11.750308174276526,330.2652022771374,1.088378702598687
2210,2.0898415369370866,12.268020038159435,298.53115532359976,0.9788042550466601
2211,2.007180747463118,10.655083195436253,298.71074261607134,1.3037046621746626
2212,1.9520421032480355,11.34421280143805,310.6988799473348,1.3011639025746735
2213,2.186201476896109,13.434359857468895,308.3918046607635,1.0593757238565862
2214,1.805830186940622,13.504764901997609,308.910641153368,1.4842353511200614
2215,2.0480949916828823,12.842920745276903,309.62317545128496,1.0306406119219995
2216,2.00268521465558,13.100392189953649,307.7984770132239,1.192399868806927
2217,2.1073317407575125,10.174089143960238,297.91978958442905,1.1939991136236408
2218,2.115510007666379,11.05130411470643,319.1555191450713,0.8421783497209708
2219,2.132658310460691,11.688898430321888,298.8817441525776,1.088812516374131
2220,2.031318566237186,14.41564192641404,318.6739550592418,1.5766740438198639
2221,2.5177513524752935,11.686916025493556,328.5919555007354,1.0817478291700713
2222,2.1394477093402196,12.744904299623174,293.48180525527204,1.237087826913776
2223,2.859975475158578,12.378372028254846,345.87621811737483,1.3276493345564564
2224,2.016450964826738,12.356123460731208,292.8855806120151,0.9136299582033686
2225,2.3164413865102076,11.97646937646279,293.0084009629196,0.8792262462586655
2226,1.7604037612363554,10.799967169773877,314.17984413539483,1.323806136496396
2227,2.46226045425273,9.298836086514484,312.5065608747106,1.058207009365064
2228,1.767586300864425,13.281842482035726,306.2208588336702,1.3869888282114666
2229,2.150439745925511,11.383502213742462,318.9102684956122,1.007767886747549
2230,1.9127390234838384,10.132886805028942,309.29471072255603,1.1303208285644983
2231,2.1491625730485713,12.437961021002929,340.11761395750256,1.1960708387768293
2232,1.9225172418324084,12.418789409069037,304.0951678961581,0.7803469536572667
2233,1.7395465450059988,12.767892311481367,290.4736084330341,1.1827881714273685
2234,1.910374544366731,13.115715701798372,295.620941953351,1.1749598446618092
2235,2.5087214409667435,11.081013630720381,313.0125144894019,1.4884578502506072
2236,2.154201168606699,11.125018293331658,313.2611786731423,0.9228416823678286
2237,1.5746794901398866,11.681296731602528,308.5100925426021,1.0487521028934577
2238,2.36147629140922,12.821640184055163,290.5584392747954,1.312921960225589
2239,1.7058003204919978,9.897361006187614,323.84701803904886,1.4361415349253028
2240,2.24530856505919,12.128206336091257,337.9288411637007,1.0188087998978408
2241,2.182544498706649,12.932121824480669,305.4968304722199,0.8736192151144152
2242,2.203382453862947,12.89085644701814,335.7802840334502,1.062300315477402
2243,4.315453698136516,17.46821606627414,319.72635193951425,3.7928166886143018
2244,1.7265484947823349,13.063000520245541,342.71768196899336,1.2259171698082223
2245,2.2015622760426536,9.252817293484302,313.03494953966526,0.9092220023744924
2246,2.4156642421026877,13.613468689572274,307.32225228813894,1.4017025347415926
2247,1.7876972384637924,12.330404953573375,319.32082096065375,1.1704682654476088
2248,1.7539013184300518,13.334651271678004,297.62905501123237,1.338370016185567
2249,1.9052281122050967,10.825365523086626,311.92099559361384,0.6209069369444911
2250,2.107161901821282,10.24617315541135,327.6221795925384,0.7554897352914547
2251,1.534542829592886,13.78637768500564,318.9316777472203,1.4928577589358494
2252,2.181962656983244,11.073478165380484,304.4737198127812,0.9766242570835275
2253,1.53523237522391,11.68915109536691,308.4070650996699,0.9406489955468249
2254,2.4267991725164575,12.527454640462489,317.88050528213034,1.172397989559145
2255,2.1695430532697406,12.772886660288515,317.31559236642784,1.1662909545116005
2256,2.6313361578047494,13.078416294864285,317.751094513185,1.3155200094892538
2257,2.2206986410010683,12.223386167390803,310.77044779213355,1.2238017211851877
2258,1.8994290511300727,10.945690776940962,290.98274112955613,1.1727710369790871
2259,1.736436545378171,12.70663263250422,293.6924013152967,1.199098999345424
2260,2.0788340491656947,12.722556056400133,312.8398350011497,1.3735273781664425
2261,1.9900173058023014,10.184965108813781,319.1348101316541,1.097225720271241
2262,2.3914258815095013,13.418684841653352,316.9329158082523,1.186276766338678
2263,1.6935557906028997,9.512924387439712,293.5213158220318,1.3187852910469267
2264,2.666897660152123,13.034415636593849,302.4301547272953,1.4862784847934443
2265,2.420676390765948,11.365890031942175,285.0372627054336,1.0291488994439173
2266,1.9328372020151425,12.705509481283539,281.3457124467179,1.0843739722714703
2267,2.5932808962204144,12.510194205299202,306.3851481055494,1.4058747971976997
2268,1.7415677286311,11.962877451094267,328.0886581999388,1.0240424600615667
2269,2.0678446306720253,12.45108663938032,306.69666801198184,0.9950187030259332
2270,1.5787645529820142,11.913551344585978,337.4383022908528,0.93172066742139
2271,4.982927291633459,18.147148231321744,302.21023249006134,3.1572449127430384
2272,1.4563623516832773,14.18527176211538,305.53069253849725,1.2084202451107355
2273,1.524654240233488,10.658761009365126,288.15288285267445,1.2655483861841401
2274,1.7905446746698028,8.81185367206182,299.0968522832695,0.9081175132247246
2275,2.4363668126431333,11.584325733054085,284.77105002847003,1.4936323459995426
2276,2.315098812406032,11.515974100085971,278.7292661671703,0.9522180673001337
2277,2.040276707315605,11.622431824602026,285.0601681738999,1.283511883611574
2278,2.3362456496852073,11.073561046072388,306.4496765294228,1.2538319125744593
2279,1.9619134708453208,12.872434169201592,292.47599323599457,1.5361664403073685
2280,2.1394014971584387,10.618670544118313,296.5021621048436,1.2200161865456263
2281,2.5450696049665185,12.45077510572166,311.9677996853193,0.9949473292172941
2282,1.9186157718426096,12.638465617857044,278.67042766713496,1.3149798245575104
2283,1.747097035145337,12.316465907040612,306.37761299879145,1.4791715109649592
2284,2.1552226657279068,12.487143275825924,319.4172824116438,0.7604958732107658
2285,2.2442905214722115,12.949267255727463,320.8875113483527,1.2648260540628025
2286,2.036447753257942,12.053565282256898,313.78163984580675,1.272886601621089
2287,2.3311158335229907,11.653503386274346,304.1129014067261,1.1254097350205412
2288,1.933584485042941,12.486370438624864,294.3964387598902,0.6183439004813022
2289,2.042090183162552,12.600366237611992,303.59990119491226,1.0419068036838823
2290,4.2158563057317275,17.1948956446422,333.1088748746964,3.2228560537017175
2291,2.094829142552357,10.287607240109521,309.6421254432977,1.4115305637045863
2292,2.5323796376653203,11.816468479315443,303.1830082044875,1.258007150128768
2293,2.1219535625001096,10.934631712575976,314.58277705255347,1.0267588229253446
2294,1.8997122954759542,12.560964826612025,305.84531223057417,0.9889332328879006
2295,2.1742339614920336,12.726709171337763,308.8384801615424,1.1839711568273819
2296,2.3329207772891416,11.725587318842917,300.80580836956625,1.1800921097491264
2297,2.2554976957012025,11.270732018041567,297.94605818073,0.9824840394614183
2298,2.237206498483783,12.596963534926095,321.93200442334154,1.1876896170833453
2299,3.589207032892321,18.3522305716627,271.844055263324,3.3047175892906715
2300,1.177470836442692,13.426466662123303,313.13622952472036,1.001011662698382
2301,2.420837297744806,13.77295305414949,296.89519922947846,1.3434090799872107
2302,4.851402025878625,16.712464831228104,272.61138811487746,3.0040315473971124
2303,1.9928794525169609,12.232657406048103,288.43163981830895,1.1399792605972487
2304,2.2291232991674512,13.825574886182645,304.3872164819362,1.0440548969389352
2305,2.6360122787697513,12.2407202905798,306.72514689589667,1.3363851706096286
2306,2.4664652847293156,11.520806109584393,317.58007574372857,1.3987622438320564
2307,2.317532789024646,11.32465956356393,318.73630998726406,1.0361504523856346
2308,1.7073805411652276,11.296498437548882,278.7058456251373,1.3250173744968228
2309,1.750259035019941,11.993630252664941,311.41756096797366,0.8437002124427327
2310,1.2124864551486567,12.463086816162269,317.3852475481871,1.518142622450512
2311,2.2090594463820237,10.584843060514082,308.72168455584506,1.132249118323041
2312,2.3658469751621847,11.551074072432336,313.5415052485143,1.3835202832799829
2313,2.392758755243199,12.212851013947397,272.1471462899579,1.0118549668083305
2314,2.222892055521336,12.643626269160881,288.16634517993134,0.9688401087973052
2315,1.9491579367849865,11.974077247920178,328.222799040496,0.8227037829310264
2316,1.8137884375696525,12.24450813382834,300.2449585235956,1.0081514512741077
2317,1.7276296172900476,10.761477593009454,342.7927665505092,1.197078682030948
2318,1.9460697997754843,11.088213262322475,283.26681900311166,0.7422345605728368
2319,1.677317336214172,11.939138162715926,331.58412809925267,1.075974440988364
2320,2.579464841452834,12.510551115189994,294.618004579261,1.4303413621309482
2321,1.5702173874883516,12.231303292181861,319.6614117101221,1.1939462401527356
2322,1.9349724186265564,11.15117561343795,299.97849893663926,1.117662829341448
2323,1.3610479235678117,11.763438006451805,306.9665285143897,1.0519012124738103
2324,2.0978631042283613,13.511838342876809,315.12423622611027,1.0859287380182048
2325,4.3188706242727015,17.288428549316492,294.5729945555222,3.6802423686210206
2326,1.882259183298952,11.837466956643594,318.6188087128715,1.0758489968993483
2327,1.6921815222100822,10.974163238280353,300.4801463057342,1.1893067322502144
2328,2.0008124057439134,11.286628882859922,308.0268488731327,1.0381753187252623
2329,4.544677135528622,21.13816002081129,260.0320862848507,4.025627835082464
2330,1.9548335965089991,12.275947098600007,299.26530033479867,0.8933106301759507
2331,2.6459519006329377,12.565563445101558,326.4802138019779,1.553589714707092
2332,2.056818481244548,12.387985584388815,316.8095121810179,0.8566699014669484
2333,2.175846178631431,11.629763637731315,320.0712754438433,1.1507609647498345
2334,1.8467266240254367,11.48889510060742,305.90640052364415,1.4772049061595578
2335,1.7411362818073286,14.046988882289668,333.49666654914824,1.3618334689679112
2336,1.9924239545619462,11.443532678072115,309.90345818166907,1.201908533346732
2337,2.826295581601234,10.708296304702102,293.7782986024576,1.5732623537809312
2338,1.9051488606849931,10.361282521947563,319.53739487682935,1.080023728298967
2339,2.1192744751103914,11.646811112870289,320.684172111303,0.9285504640526965
2340,1.7266284900201216,12.93998382066683,315.7030508210467,1.0955675545389076
2341,1.0907602273274222,11.424052310658807,298.1501239131232,1.7275396466760948
2342,1.7393556604625535,13.477514541943261,309.7850269251884,1.2200629820373796
2343,2.7856341440267416,11.992718454861443,328.6865226369954,1.6404215237823006
2344,5.127883204102949,19.23787559839027,313.11834990643604,3.4815329792630423
2345,2.541504986347639,11.242278867472436,279.8780368762328,1.2501097085727493
2346,1.885251662472448,11.257783272080209,294.3110168880183,1.146533949264942
2347,3.2093967406169503,18.85295511012365,293.52048921559316,3.5495318847904014
2348,1.634126028857393,12.482554666344896,292.1765019980273,1.6342350879180838
2349,2.1310181711445755,11.821042757434046,269.1081668618341,1.0278729898862977
2350,2.078412574109029,12.292465450680785,337.13981797233583,1.234150595105025
2351,1.9965601471291845,12.588485953450233,290.10311057883786,1.0171018884190972
2352,3.7037419697084015,15.957058065841062,291.3328787377688,3.279177319274419
2353,2.3101061766450703,11.65906255081086,271.99095626397184,1.1122224382990804
2354,1.8345555975796826,11.481317470940244,319.729292739792,0.8679468131616866
2355,2.101579567153691,11.52987784237913,303.455297500882,0.6103548838805586
2356,2.064458294460759,12.40687772851835,299.03446871359074,1.3345140343913062
2357,3.995911836524119,17.47881450291634,299.93397700839733,3.53936446577491
2358,1.7091723031569441,9.994922363788165,314.99267466853826,0.9692690928925832
2359,1.8589810713814228,11.763481348165675,296.8396343185235,1.2027116208049369
2360,2.6182951882902565,10.935593968741687,271.1886819343679,1.5018059421127834
2361,2.367107794877839,12.496331981182546,283.04388900333953,1.0449521859526314
2362,2.3367282813230528,12.80569699185372,282.1609848954934,1.2526688712984357
2363,1.740466976764311,9.825171139976632,309.68040330398,1.3431222390103212
2364,1.5255625399209265,11.225767929959677,320.8103236890635,0.9518858935229464
2365,2.361843091200345,12.353373023419207,329.91869570779255,1.2878590987687233
2366,2.2985731959484816,10.591124864798436,277.2067949064454,1.2281479249131222
2367,2.045292162305242,12.782660877180211,315.544591568294,1.4773619894925494
2368,1.877721837097458,13.049316534862221,294.54378973252483,1.220677259204747
2369,1.5168982641024396,11.837984366106763,354.69878732286423,1.162523928194237
2370,2.2862421466449057,11.226088400481576,328.52042022107105,1.0917616333694273
2371,2.3914245879387503,9.689432374524687,333.93222200628634,1.5996709254943868
2372,1.7758994985979057,12.8140252947611,318.64147694419285,1.0601669398481814
2373,1.7483421317559245,14.002536978676355,311.4920993400783,1.2564948702132113
2374,2.409550435252905,13.795651198335154,298.15608949803334,1.1563174563635417
2375,1.788184727245151,11.805026482509495,294.8115462159721,1.344069141982963
2376,2.5870898685926065,10.907324182282101,291.39821352172,1.539832211135241
2377,1.9640129199043157,12.837624226328133,315.498786187054,1.0962693894919107
2378,1.8724346367340057,11.873131223847974,331.52684758586673,1.028736974999581
2379,2.0148856404004207,12.478131723643418,298.9342667077081,1.0140157700358532
2380,1.8724115276598736,12.302751703296945,292.72007023028965,0.7646408310817183
2381,2.371650087494735,12.093003464179807,279.7804421125778,1.2057485347633985
2382,2.292317346059878,13.028513803482532,309.1597583626898,1.1690578982525794
2383,2.3590750766077746,13.065668069030618,325.89754717728084,1.0167132553645986
2384,2.0608915144290405,11.477312315288437,326.74856448623694,0.7353365960473124
2385,1.8494030155582402,11.076887528613574,328.4334585843672,1.1553183592641971
2386,1.9970088775488481,9.50088416044981,312.06191242091666,1.1665301485671236
2387,1.8595200587818095,11.653838639900206,306.5332068346084,1.191164508610929
2388,2.483976849350377,10.906674841488666,326.7982884542508,1.047237134200989
2389,2.3307503288535383,12.41919691899709,286.1289585434058,1.2471800007089637
2390,1.9697973879371207,11.66413306515457,297.50563624889895,1.0648490604721956
2391,1.6942632642654807,11.772571349702705,334.08441736624377,1.330852050637336
2392,2.5084770971072596,12.811966095751881,286.7317061074447,1.065336158757092
2393,2.045105764729619,12.397254680033745,304.41421174243783,1.3313020510256095
2394,1.9570447381350777,11.883309940063343,315.7326202970313,1.4031412722282055
2395,2.511385397507256,13.68642567593526,306.405875440522,1.285355055469248
2396,1.8317168915852375,12.738148916333035,324.54009761253525,1.1982927088425561
2397,1.8947541225612534,11.584139146255858,330.9365288703122,1.2636460652348873
2398,1.9238495470359978,11.62874673404787,313.15429344474586,0.8984549022628112
2399,1.5655321733581924,12.788379693504035,328.6310663378763,1.1197796847216204
2400,2.104192670590563,12.202845698379488,289.2125171041151,1.143575694245624
2401,1.7484262342561112,10.878840289666023,302.32183300977204,1.5446183062317322
2402,1.8116618283373296,12.89471283977807,345.88825005875947,0.8827709261581964
2403,1.7675362917974509,13.257232200196878,338.02981715991376,1.4610493238897666
2404,1.8062668329096985,13.181388868005845,283.2920333055163,1.0846248982992204
2405,1.7231582268747812,13.542749001514464,304.78303905535046,1.1406302514823847
2406,2.0815806786145905,14.069198129556991,307.31326865089767,1.347735222852876
2407,1.9486542794797141,13.729959035322901,312.08093698076254,1.5059244538180585
2408,2.0158426856086784,12.340661781759723,326.6587252490559,1.184724772554274
2409,2.776750065232563,11.791572124709026,336.26570440994215,1.707020608856603
2410,1.9486648102372648,10.170398302997862,305.63607498511624,0.9175723581258475
2411,2.199632715338001,12.010867845440044,324.07375854271686,1.0188153380500198
2412,2.237187367780873,12.519136058911952,316.01933341280517,0.8643903356987908
2413,1.9792573139597895,12.043552905427354,304.6407767738085,0.9971491436778235
2414,2.0903537134098626,10.111779001327584,276.1313110357998,1.2181085104071145
2415,2.0068304027866004,11.713378651252926,322.31405154066385,1.1424580176393366
2416,2.066844270584788,12.645332048856682,315.2882931077176,1.4481907982818163
2417,1.8064494595151148,10.974084965036088,311.62301691192687,1.534168530383835
2418,4.002976156869188,16.68861263112122,288.3184796147516,3.342569287246039
2419,2.0055843435834153,12.431627000879251,338.30533364563496,0.9640824526096148
2420,1.349271797529172,13.117967641025745,307.59202200163065,1.5945444398436286
2421,2.493704020622557,13.712605392794023,285.59661521679106,1.5039657971386269
2422,2.713083145939713,11.622173937389334,282.8605535433252,1.503511921631615
2423,2.056215585775156,12.183757381790702,316.51703080788633,1.2430715315218406
2424,2.2196048284928316,12.215069172557522,317.0232455755847,1.2397308330065977
2425,2.3567490311166637,12.649374859388367,297.12882733700695,0.9811559822131267
2426,3.5249931931427168,18.394515051485705,312.864627742615,2.426851301303577
2427,2.30633172194386,13.425005560299772,316.3493078231405,1.1479998770199271
2428,1.8592748678367057,9.668703269779162,307.3787287569476,1.072095119907344
2429,2.755938995839559,12.418021078222992,293.0772009439457,1.5096838959363221
2430,1.9378743419004307,12.487411009024234,321.343051135844,1.0761479849152604
2431,2.299700133646648,11.764770767470035,319.2397322783503,0.8150355652906701
2432,1.9411237329811561,9.735990257504415,314.65056068083913,0.6797105270374603
2433,2.7249086095890473,11.939003889226367,290.82655809477444,1.5732914284727268
2434,1.8309244283771613,11.289439237310026,282.3724476104269,0.9851655666594592
2435,2.3844792998180386,13.677955409923724,306.30090647689815,1.1452262047670503
2436,2.206803701209142,12.375291369827874,320.80270915244574,1.0149210879693964
2437,2.133422287349173,11.20451517250574,322.68633897635226,0.9284271137390857
2438,2.075572442344775,9.947354995204854,314.934491179699,0.9155705705533446
2439,1.7798858691600352,12.590617682218376,297.34227897207126,1.334006417662877
2440,1.1466014175567545,12.696149193743647,291.3284742000989,1.503709203417577
2441,2.3545493957923327,11.78422314884646,304.7132638900558,1.304890129101687
2442,1.8386830935863863,12.603675482155609,304.8744721480412,1.2699513305929717
2443,2.3859680474150697,11.651729471536685,323.82401998437757,1.2556750560492018
2444,2.1160602634121695,13.067215275168161,296.8448552625409,1.2687600857561163
2445,2.39608473773664,12.99268483577053,298.25696229738645,1.2001293713940098
2446,2.264624531636126,10.361074628597077,339.93484870463703,1.4161792861988836
2447,1.1866505904418636,10.604808156058889,331.37077801857697,1.67483638305288
2448,2.202915553361839,14.031281723043529,289.9927325002105,1.316816966026758
2449,1.8865870897472201,12.93219635002709,329.9687822820995,0.9202712083352692
2450,2.384453691798498,10.737618994971438,285.9280103083285,1.244287634886232
2451,2.1950984733951437,10.429619961577094,297.6210018312369,0.7565946908385865
2452,2.1989797825286503,12.207772065610122,299.5558605370626,1.4047522193668236
2453,1.9101598774162774,10.857684608126725,303.6809424132844,0.9803388109207152
2454,1.6988399566044288,11.683292612075151,315.53585773235966,1.0592919711041724
2455,1.8571473035397266,11.952720810399242,306.8100464108607,0.8391796607364086
2456,1.406035553694787,11.909561611135285,315.4503650245513,1.3114778024555134
2457,1.8051865675996068,13.126538281782492,298.16870533647574,1.0698799670823997
2458,1.5168274971519873,13.834756239125504,311.3617846069842,1.6092820471225822
2459,1.5255455347599225,11.52108214716784,306.34243625412995,1.4114134419367343
2460,2.038438019584649,10.86934083619676,281.398388734592,0.9979858158269539
2461,2.176236150036307,12.388846154983575,313.21117354774816,0.7860101015368595
2462,1.9895081515421789,13.63148011444272,306.63294126426683,0.6433341464593183
2463,1.8353991358783275,11.596784843660355,292.8635371196622,0.9115472795814461
2464,1.6873553064611544,12.850358892014214,297.77768381669983,0.8943596472026221
2465,4.037514047540224,18.77161334339924,298.194547338838,4.5310014307229665
2466,1.7286663963948439,12.021271368100123,300.8363859347779,1.1166561879639678
2467,1.9792658550999673,10.838057717699844,334.9022880507452,1.1037317961638893
2468,1.4978945145539613,12.010832060479247,340.5343254627007,1.0665237677829145
2469,4.1237293590484,17.113902360656997,258.6573423831388,3.62441969165549
2470,1.8128797297150216,12.608122899162076,313.2989647460058,0.8376273810738883
2471,2.1241647770931715,13.778061608689523,321.23417326465625,1.0918984911513807
2472,2.2927832585582935,11.611104579090657,301.32669477378806,1.3191970952172254
2473,2.1081973910372303,10.000270852654307,320.7775314412907,1.0341715823671527
2474,3.713817875678682,16.431888377033516,333.12085070811673,3.4943827175640325
2475,1.3180090432581566,12.29931762348843,281.67868616687053,0.9929962766340372
2476,1.8373573009777175,12.201900088256737,307.27395206582486,0.7049836820954622
2477,2.3640153000403976,11.842577189714744,338.26470201092195,1.2476061730906538
2478,2.1680457476443533,13.487714940796351,283.9579898830301,1.326912220099241
2479,2.6099928776319827,12.136214539867815,303.0410502009337,1.283049817973058
2480,2.5624455583891157,11.895203734880534,297.3772463064004,1.7251755882659328
2481,2.09886540436871,11.22229387316903,322.8821765813544,0.817380506123121
2482,3.906576580217701,16.546905775670467,325.25118110233694,3.5118562571183563
2483,1.6837152246878935,12.329231936317937,307.75956508844035,1.1900406962486025
2484,1.8429831733733684,12.245417899867356,305.5475580474731,1.2081606254169446
2485,3.5429490446001735,16.128585293864173,275.7744866261378,2.784501730768155
2486,3.6387072174415813,20.031660259301837,329.19104285945826,3.0976291753370386
2487,1.6969485432454547,11.856148566472886,298.9961726389328,1.2809934880205311
2488,2.1325202738822746,11.375499475590825,302.580474006242,1.1375363374479062
2489,2.5598910937869372,11.206689286850766,321.51719664453253,1.2254321784375537
2490,2.3079747335159855,12.405081671104856,308.3591944831989,1.258568942296489
2491,1.8936013807707934,11.77418829844965,322.0653131569954,1.0797492430501594
2492,2.3346295197082343,11.40900640857224,315.2579723114131,1.1414772509459958
2493,2.114394786056831,11.138327974263097,308.4643800342075,1.0727980373573944
2494,3.8951530404335477,18.404912172301593,310.277526383994,4.241358562423354
2495,1.9659695005363567,12.92448356886977,285.912863308201,0.9161693100381161
2496,1.9340197544638729,12.206640074213484,302.4673377985109,0.9975586396099525
2497,2.214851820503299,11.762877978025363,323.42879984881586,1.13503420356046
2498,2.046091127151219,12.30849042456842,289.72311910933615,0.7270624218094746
2499,1.7596204767995933,13.3643850146676,292.8403066621319,1.3247739757147814
2500,1.743638803996884,12.490414035180132,290.0463871145558,1.1444353104415708
2501,2.1009483138229506,12.260200981572858,307.6074701474029,0.8933002342286518
2502,2.141454901175481,12.638529504259884,328.8429904971081,1.4357249176483433
2503,1.8966662273754613,11.841986263477663,314.3017199044271,1.11497874430257
2504,1.6264381444937395,12.184067820769522,267.99163614238483,0.9194902793472444
2505,2.4128184886380937,11.511044576120655,316.02662500239506,1.5200040275987852
2506,2.342739521143943,10.449446678664469,297.4844690720266,1.443805267823275
2507,1.3441657546787456,12.342835852387344,313.6594999920928,1.1849173037669916
2508,2.4420623646934647,12.346680084435537,302.4584970193048,1.1565638396334306
2509,1.9310379868801053,11.712287041729745,290.3722385439415,1.011431187484538
2510,2.062695736408957,13.035821068601766,303.78498294208106,0.7245433197050613
2511,2.375613609817367,11.278396679138368,297.49500829362705,1.2524105631844331
2512,2.5453377995875877,10.228615588135312,310.23115411977506,1.4534129367916693
2513,2.330945544065025,11.302884154144804,289.93791420135994,1.2992832335656028
2514,2.0795400646536844,10.459060697448013,285.8789124739871,1.1104732656116856
2515,1.5460385735200104,12.338036355490676,317.4453914071057,1.4162020176312051
2516,1.3313434980850363,11.247922130294379,323.8502715232293,1.1501337726129623
2517,2.289792449878086,12.984689192495777,314.86098247958023,1.5157237100665362
2518,2.442870014095677,12.96379880255946,293.97086181056045,1.0671865652924288
2519,1.7311671959234443,11.07502590676187,292.4188111047199,1.0126065376248663
2520,1.9109726116362191,11.191893136744685,293.3976830359784,0.9898708905632999
2521,1.8161022568327998,12.534439652683652,320.1367138057573,0.9913380525927472
2522,1.8073129757486288,12.97983978144799,290.97416941159423,1.0844747280807487
2523,2.3547371906843484,9.987379388376873,320.0286886637003,1.131730890750753
2524,2.072063133808702,12.281670870029558,315.82735367677697,1.1291477159848682
2525,1.924371157239429,9.802409407156736,326.04135868607375,0.9398067996832798
2526,2.876981606768423,11.451483890101239,323.0736023427974,1.6101608491423105
2527,1.5266411033275051,13.093656807896231,314.22514489878125,1.0208371011590276
2528,2.1808106568936094,15.009770133419362,280.03241988276466,1.2667642900578773
2529,1.6538371658931756,11.761176165851033,315.3721823895674,1.3183078153252017
2530,1.9480458322419003,10.752884121629954,306.9630476645501,1.100516143951538
2531,2.0490506668726822,11.486507825584933,298.6546864408489,0.9715522758402636
2532,2.2787165874795803,12.066069688040304,328.15781221148666,1.2103900829346848
2533,1.9138099745968626,11.329758760461123,302.42729361833466,0.9270763741781747
2534,4.394027704697144,14.71293705989522,295.9993684118544,2.668810487311446
2535,1.9079019177215424,11.573149993527656,324.10895485475845,1.074895818679924
2536,1.6436156135206121,12.395577266225242,298.11342426527733,1.7047277819071522
2537,2.2086622346902565,11.830591060943654,295.1486152494142,0.8815842522783249
2538,2.0928403423580297,11.118397199906967,285.83838026202505,0.571881992739331
2539,2.1436056615339667,11.329937500314205,291.0570076359902,0.9852699147141087
2540,1.9770508091640833,11.586141450329567,292.5153812100947,0.7572202086944966
2541,1.9363502732362692,11.000573602415782,315.5578078793627,0.9571728261948139
2542,2.387948111616181,11.292855003612235,287.6757708090164,0.933791489602234
2543,2.3371895351518153,12.64363600060374,273.4167391096689,0.9895918727150019
2544,2.466884193440848,11.769679038774509,310.1549066095453,1.0221661952504961
2545,2.122956135993637,10.246513040915982,294.222828033207,1.3019635876741191
2546,2.4463791512362882,13.024948699064975,304.7234623961041,1.213831799459215
2547,1.8626927288922634,12.416719819785072,326.80107158802593,1.3267795983817918
2548,1.9337189105733608,10.616867036252803,306.2162606846973,1.1108200701797402
2549,2.394383248715047,11.634620993886104,330.6635589621883,1.3821516356504053
2550,4.077133858840467,16.889324795553936,303.8415031924559,4.012112710807426
2551,1.9041513657180842,12.676905709079632,322.11826018306067,1.4246063217385645
2552,1.6547347821134955,11.628347773952346,295.6937370545185,1.2681026395795199
2553,1.932691811692484,11.927226666114038,306.8307410565547,0.9468446189789003
2554,1.7739934143785785,11.810805580157743,289.13954395545227,1.2554988859631704
2555,2.5690861492212624,10.519865470274608,291.1586151767263,1.306212287227702
2556,2.2508134123615178,13.405396167957155,301.1806706964177,1.098501031622843
2557,1.7472455494623673,12.66233005718352,282.41492107241845,1.158812840374904
2558,1.6551529829805458,11.252616398950131,307.7091195195607,1.323980015214339
2559,1.7431566196510966,12.191861920995343,299.8530803026927,0.7173979669251258
2560,1.8155876713061097,12.974117914847389,308.9878588289881,1.0508968127786176
2561,1.9449888700469258,12.055741012757592,282.6757532630663,1.2384104020591156
2562,2.367800341990693,13.55675418666809,316.92944928106857,1.2335172497770626
2563,1.6810494258535087,14.917850841917806,333.85943231301366,0.9377960727437361
2564,2.7555472907993614,11.873878264088617,330.2710626873508,0.9803755852514617
2565,1.688710921846544,11.417470256959135,337.3664110020932,1.5002638852692938
2566,1.5350142487387823,11.010590747979276,305.72132690791335,1.196634874427836
2567,2.5571405923567454,9.786425376904713,299.0104264932778,1.595261398333816
2568,2.4360143479461955,13.248145051449644,313.2889201777906,1.3768598271658095
2569,1.939824896740426,11.646506189936717,300.95026392423586,0.9435223353810542
2570,2.1258396639910937,12.875355747470067,275.41256846515876,0.6095313272239703
2571,2.1341678093036647,13.07645217088882,318.928091733285,1.018730735814184
2572,2.0451151014853743,10.91902977006898,301.01516804721405,1.0938134575764185
2573,1.5721617523047438,11.06918580525481,280.05500281233753,1.303620255353908
2574,1.1809508297201368,13.744686889450433,296.3592014906548,1.2937460355392272
2575,1.7212403598332724,11.929934850206399,301.40177740749385,1.1837796175417856
2576,2.5993309557524125,11.339712462881296,305.20115281003297,1.3582308901202866
2577,2.6122864558997967,10.954826705095783,305.40536495371794,1.5296253497808927
2578,1.913593801717538,11.858544219598889,328.2733356666069,1.04326753656348
2579,3.992216619140238,20.69347740996082,283.0948116847492,4.014848198827274
2580,2.0917800025106956,12.685437981763126,302.41354906069813,1.1629100025224215
2581,2.1448637945041185,12.181762346310794,290.0576146761898,1.2881283563775638
2582,2.198237441367039,13.588520943591048,326.354860271137,0.9603827261554676
2583,1.1660805346635927,13.395775164970507,295.45528019110435,0.9169902406757952
2584,3.0420595406623034,12.334122210722525,299.15489276225526,1.7258780113923164
2585,2.373716640454399,14.776119657536135,322.8448212111434,1.1403985171352107
2586,1.93470497776591,11.75257684440649,327.5211719815458,0.8711395599792762
2587,1.7629023820469185,13.098028497159193,330.0346001439676,0.8332413319446332
2588,2.3258108790462697,11.607003394957873,277.06707737380714,1.0508745008893547
2589,2.1634802229613985,12.902848436419422,313.20953974569676,1.0935945380633794
2590,2.0304086710513887,11.751612816435223,309.5919880594188,1.11965888357414
2591,4.725832296063623,20.155167358994635,304.12915552570587,3.6895294944935353
2592,1.9628025306058772,14.390135909882552,306.1316578886834,0.750149867711142
2593,2.1326145476867095,12.951851801381274,326.85815696229224,1.3368148074395019
2594,2.239699740814656,12.47684111268985,322.6560168597585,1.0977010700570606
2595,2.1132945684470688,11.225297207821608,320.247524853152,1.1074713817138522
2596,2.096004226446233,12.188228704503226,308.51754137420176,0.8390630971941544
2597,2.45964384395969,10.991997498425484,343.6000432330787,1.2301081937066205
2598,1.4729546505919093,12.886976348237033,298.1894116522044,1.197087420007825
2599,1.736698848075718,12.86187763968984,277.5286559122848,1.019276617672293
2600,2.0087650263737373,11.82036455408641,300.4908517474888,0.8076807978590534
2601,1.7591436976333505,13.663531986883708,305.98154166254636,0.9622698639352865
2602,1.8693092623794993,13.522896069369992,327.15412966120357,1.5049931363223252
2603,2.4249547883537144,12.149646598445953,296.3133729202257,1.1420695581224742
2604,1.9508395785939507,12.565511121654472,313.35091125849425,1.2594223069731438
2605,1.3963603608543886,11.411542782058898,279.8868473355558,1.286636544890197
2606,1.860297229319688,11.727819472703413,323.3841043498218,1.0496772503344889
2607,2.019177347464178,10.921992286036428,306.1614300457505,0.9730274909270216
2608,2.013097545710588,11.521663010279003,300.23054678437194,1.3692327571902525
2609,2.183492355644317,11.895611135744192,341.23809120952933,1.19548943488576
2610,2.156548229669306,10.339632753344953,323.1884203533718,0.9572727348478801
2611,1.9541873874864246,12.576813974996123,287.32268806477146,1.022479249902955
2612,1.606296879779007,13.022128270526274,303.14033983084755,1.41128273331629
2613,1.8544240469596045,11.992082265090676,351.5174321800734,0.5454315795329224
2614,4.343155874297263,14.62433872862329,338.6398853712009,2.9528915466910597
2615,1.9059157451135356,11.747007235584903,320.69037321483137,1.2130084402487602
2616,2.2280856166351026,10.60661378763252,273.60018167178407,0.9823050049649471
2617,2.1333539073560384,11.390380967463248,327.646554623661,1.1419444854699081
2618,2.2719218855347565,13.451936300628525,294.20185223293936,1.246305710329227
2619,1.873252542811078,9.565526917130466,327.49980488106024,0.863730950188559
2620,2.497759053533962,11.183637475112642,292.7146357455664,1.4220007673507717
2621,2.2220367091569178,12.829569611854893,313.3101022859049,1.1900342101405
2622,2.037037445007846,11.298073880451339,294.11519535089985,1.0702557640630581
2623,2.19910437284473,11.221569822828075,298.8242347546593,1.1455640595016954
2624,4.096826568795729,21.391892070238455,315.57734281383523,3.3504172429977936
2625,1.304111108733061,12.378387393410524,282.57872680325653,1.863465328719112
2626,1.7997901982069733,12.934302411031975,345.3311065793527,1.2468413386694723
2627,2.2466607958899156,12.494669717874219,287.5372350573953,1.2998382576643361
2628,2.026471293097358,12.161697391598778,286.58644615705276,1.1391398183347539
2629,1.9548446240163018,13.264024909972123,315.6272740547866,1.4815944441142368
2630,1.7202127766433497,13.905346604467287,326.9629993225837,0.8553354553444056
2631,1.3545774774475432,10.316483075389355,299.4970529681018,1.0107931829295123
2632,2.470199054868881,11.964682643812953,286.78502330384123,1.2676805796742634
2633,1.9313947352021696,11.956801251601572,289.31955855230774,1.2349465800333417
2634,1.858252465973927,11.570722764687751,287.4896672930172,0.597534145007144
2635,1.7783567318596822,12.981060629473438,310.23905371337753,1.1297708321829059
2636,2.4139924176167877,12.256887682519057,303.8102359585859,1.1701636758157385
2637,2.290845768085197,13.92547286444278,312.23915435139037,1.3012782194061001
2638,1.6808109768103852,13.100266409296102,311.2027802693261,1.2489137204294447
2639,2.3842991784643663,13.364702437788823,319.013308901559,0.8299208613389991
2640,1.9521267617559819,10.800835780013767,298.03095166221993,0.8854094967916324
2641,1.798521077964215,11.193914075982947,292.4505194391348,0.963810194327917
2642,1.9031079123568084,11.276308545130227,307.6569991622485,1.2536096347087484
2643,1.741511907330084,13.32311880225045,304.06516984020203,1.216355224715363
2644,1.5641105560928992,11.032823713868192,309.3001842441125,1.093654820127659
2645,2.2561232186178346,11.062065650789238,292.9008800025541,1.1695808911250576
2646,1.9271673965196157,10.878644582599444,315.9176939206919,0.8916875300871125
2647,2.2036791461029392,14.753027218878753,284.9676542593667,1.5356485607482822
2648,3.6798344528658125,14.78646473974185,297.5134607902805,3.1450316364342
2649,2.181018566746569,12.529888016559065,324.1937026655279,1.2775513826228808
2650,1.3248243542156612,10.859382682004798,285.767645696612,1.6579967415264656
2651,1.7139691177121843,12.959258399919978,322.85413177620825,1.3539731113294682
2652,2.1878903692826097,10.226333374757512,281.04531065710256,1.1281929926031868
2653,1.5793058709351306,11.020997254799557,278.0511601369142,1.172736808095408
2654,2.1231114776580364,11.268626100528,279.6043415795565,1.3670538733130426
2655,1.5410674885938702,12.218871538508274,306.9857048431741,1.235890867473231
2656,2.0054265145532493,11.206917685912806,317.4031277575298,0.9502147002752528
2657,2.5312968299988987,13.523998101095668,326.97409976611425,1.6683378145518906
2658,2.255618038059436,12.503223204426424,325.61880287132533,0.9533255835591776
2659,1.3892554873445575,11.310396573915718,319.66587594367843,0.984324478027343
2660,2.279962563424341,12.997617077068501,290.8596813184171,1.3471502746772226
2661,2.6013386148207625,11.606715428726941,290.7114399226816,1.1779477622696874
2662,2.923015283353374,11.409563362759888,318.3924694658321,1.715232809081092
2663,2.1567749933646674,12.895815647495294,329.16224347956484,1.4786807743353525
2664,1.549741425117833,9.547175424111803,287.4706050415243,0.9507250351970757
2665,2.1434437327480618,12.73481706672871,326.99798876961484,1.10457411002986
2666,2.5266910874526833,11.286905205786342,272.3542630390826,1.5686720155996676
2667,1.9382609006823999,11.285392696347628,311.6287265969005,1.2387405488380363
2668,2.344225944551244,13.958136934922722,303.23527644781,1.1375005558701659
2669,1.722931010370363,11.468787228230191,301.5287743377714,1.6254715882404414
2670,2.122876573531861,12.955914632762392,305.53160922189477,1.0902976759731453
2671,1.178438759993858,12.279244729165024,290.4865868168957,1.5978518857755728
2672,1.686389323993883,12.382991025349574,312.5833277264417,1.490848925967138
2673,1.9979801863969875,11.749457742172918,306.0313641734768,1.2961752436584555
2674,1.8800922789097763,11.697284497657101,320.9002951997229,1.3732581942222668
2675,1.5707962268890037,13.527988390161893,332.03663674325617,1.034305945525431
2676,1.8351134546319645,12.930460069788232,307.15758751603823,1.3624912516004333
2677,2.108786165994439,11.500319041398951,291.0817877773462,1.1412557647400912
2678,1.9715448962536277,10.954123859310572,285.65571483554777,0.9513462267274255
2679,2.0201093980573868,11.415526266619334,333.870280908717,1.144639569179869
2680,2.241549705018294,12.981495270050786,331.6963408407869,1.1742239388279232
2681,1.8867563087580286,13.178691774666408,320.08531737821346,1.4815686633404277
2682,2.448528701407132,12.554943602015932,306.0175163361518,1.3009894986369406
2683,1.673540548186534,10.383229068791582,318.857814525074,1.0099160208037536
2684,2.6362408425096415,12.753779080528714,327.1759114780141,1.1486919716265356
2685,2.3673027480631066,13.303578203602903,294.49473138896894,1.1741655212572637
2686,1.8825207324309667,12.173556545678037,305.50652013817006,0.8392837083993911
2687,1.9045248276037434,13.979803055601668,286.1939958722901,0.9625804310002184
2688,2.0682227452318727,10.67902934409111,302.80595236433464,1.0540474223733063
2689,2.1975614068577523,12.684807520446975,331.2526502905417,1.0398218450944858
2690,2.361200930827041,10.979778641537,323.33531240321497,1.3262705101807841
2691,1.5576048881550224,13.058541908463749,307.2951156239692,1.073776806209174
2692,2.1443560652802116,12.612860855741028,259.2150370167578,0.6189237286941844
2693,1.3015502966873038,13.80135581676273,293.8515251975665,1.065301250729402
2694,1.9414908396742905,12.499708590708224,306.7409014027238,1.0985588324418138
2695,2.4797911262498613,11.59599398193959,301.32947186540906,1.1253630513920772
2696,3.305482278898227,18.092420315292806,305.5571338819013,2.5572867144158895
2697,1.4722515306095514,11.74982275898724,309.12402866113223,1.664371702923128
2698,2.072862382850832,11.489275958774147,295.92742709541903,1.2690415589147859
2699,2.457851624176959,13.347108970847286,304.8719738532096,1.2182839960234664
2700,2.107380498858156,13.275638276761722,302.45946241816364,1.153808402851557
2701,1.371476094029088,10.50343255505765,293.04555464992933,1.291898024032301
2702,1.4445676236947296,12.038360143082647,336.38774025434014,1.040510128342785
2703,2.0322563228667083,12.062491516800145,296.90020454917135,1.30678914890439
2704,1.6108500016323968,11.218704718199353,266.6784433839013,1.36415740338408
2705,2.0451064769888667,12.438249992073844,335.31551962146176,0.705794691830733
2706,2.06467838737809,13.460850837828003,290.61330826337354,1.1478801425753258
2707,1.8383800214829555,12.891808983953267,320.29844193544864,1.1835614759381394
2708,2.5988689170031085,13.347068388942004,293.42493070687834,1.2580130216753467
2709,2.1948541776283164,11.28153215246434,314.6777283050782,1.5429933210605953
2710,2.3998249900020783,12.036507772766669,304.1814948800815,1.5968621472825895
2711,2.303791980229635,11.234352320733855,322.0056242343325,1.0817179386466353
2712,1.9504757245565436,12.239430070580566,301.36702794882103,1.0569568032932646
2713,1.935832407058015,12.329450909107248,293.8595615712813,1.0344987513082213
2714,4.023800905088357,18.88234308881928,309.36933748223566,3.4289215696221147
2715,2.2247637433250804,13.313491853846957,298.49764056506064,0.9471695164822824
2716,1.785379491467285,12.688977163945761,272.20406149221975,1.2299298392017466
2717,2.5692608708714073,11.13983013715912,294.7744875960602,1.6932042095903816
2718,1.7538631297881102,10.647827285675781,353.76907259243256,1.4475780604832398
2719,2.0707767738580194,12.52002003070533,274.03666082681224,1.2609411970463988
2720,1.924403332024837,13.500521108861212,309.0978469913558,0.6221208272558191
2721,1.8512382062524462,11.975208122931758,300.87076751946825,0.7408107475145147
2722,2.716874461312992,10.47260643786698,336.21913821808107,1.6314562371343793
2723,1.8551120673338872,14.084755956708015,286.11234865816414,1.4368900476657653
2724,1.8994420102724991,12.489404550161444,306.72215841676365,1.217016308569338
2725,1.7808359125095563,12.171141516049127,316.6653606256222,1.0686643332821701
2726,2.0135434031773447,10.832028848993623,301.9519906160384,1.3705739246163655
2727,1.966568898776911,12.016216222895453,291.9515980746961,1.251411690263755
2728,1.6306464668675795,12.686884162195554,304.6226651624676,1.4120707162578616
2729,1.8599579447652734,12.503020720553547,299.7385638543404,0.7408454804329949
2730,2.2011965591187073,11.320112871847567,299.6908574896262,1.193765616755092
2731,2.338905660309245,11.942934717042501,320.8221098914266,1.5261255983122521
2732,2.0079202022786085,11.383993297963235,311.8501429156402,1.2055285784478362
2733,2.019468280915559,13.664161582896392,314.3800369143431,1.2898839349808522
2734,1.8808716263174587,12.894873978636113,310.6150351081597,1.1160733551391393
2735,1.8341942383538985,11.475665131400358,321.31796679289505,1.1382597858275587
2736,1.69654090013884,10.831530341144964,327.1724149097575,1.4375997121536623
2737,1.486305680101146,12.277815082231262,300.1258750016617,1.1296490799623526
2738,1.768192597544843,11.507182610282722,318.93097139986025,0.9797876728845074
2739,2.2983374462223694,11.581693336297395,282.96479897525154,1.0595404387731828
2740,1.8599424089099315,10.864785866439558,266.69804855020993,1.1168512803635333
2741,1.885813834380966,10.988591275478258,336.04888557707164,0.7860660755926938
2742,1.8793898840941665,12.162670152560525,299.33290651603073,1.2552308021124026
2743,2.4107535297248024,11.733121552157977,309.29203827937135,1.1717560693380196
2744,1.6936337517246587,14.496514386020694,284.1713314697622,1.328931224433213
2745,2.091427601668698,12.594253432667813,283.38715686883256,0.6813685986296136
2746,1.977406175921846,10.848304818587987,292.879953843388,1.271821103446604
2747,2.0224158522812736,10.464363756982888,315.92926140696983,1.3676905204593932
2748,2.0806356343484285,12.398171388658099,296.21877238958797,1.1917408722269454
2749,2.0188644302884633,11.603132905272982,299.2915623516766,1.106224435006249
2750,2.2616972225948033,13.331474949504656,292.3433116615302,1.3155016303819473
2751,1.9903450817722335,12.28186383845994,324.8183975182757,1.3543434465646937
2752,2.57564420983048,10.017479690305667,319.7650101544291,1.410032392481725
2753,2.0146783798590593,10.980575701582469,296.7694797880469,1.2196618181937424
2754,1.4378559287419108,11.324717943992871,316.62997651163624,1.6273120680806428
2755,2.2106424181874313,12.442036938368238,300.83097096465673,1.279740938700062
2756,2.129391945735728,10.947247570151253,299.261662828607,0.9503283843410922
2757,2.010739860481435,12.152817593958577,304.154916830123,1.3533998940354781
2758,3.7512920090150943,18.192745051063802,315.9349774028815,2.987569871602295
2759,1.3021757080682708,12.006185418978454,289.83260824680207,1.4085710220147682
2760,1.3575414594523272,12.370025984448214,313.5407084983612,1.3772829308047654
2761,2.543681342764169,13.46151031735796,347.4629565432705,1.4770390030624814
2762,1.8067841409772023,12.245575423605166,308.1130600660385,1.4729166498015562
2763,2.318654741092229,11.183265075749217,305.60720756303357,1.1678396117152812
2764,1.4709990198306477,13.493005086958158,303.56914959990456,1.619754484974981
2765,1.6545367625284724,11.8168219637922,313.12959824837174,1.2069114685895874
2766,2.223951512470966,12.773566768101446,277.6231342965952,1.4115292423061758
2767,1.966174658219451,11.387104228829855,333.91843320570916,1.140395989629698
2768,2.177430166756495,12.090778259892414,321.6801782231683,1.0210337764351727
2769,1.9955012532431635,11.198732065422055,294.0432301845508,1.4844323615612276
2770,1.9314682518778192,12.322259955349208,305.5363029120519,0.9853349325543438
2771,1.7755855367022861,12.803828095163617,295.52508060285993,1.000262532195302
2772,1.6059791235430998,11.505200724475447,310.0869954061642,0.9450484605631311
2773,2.4628914256117245,11.448992080613326,306.04296467930214,1.486299956421482
2774,2.517212005022861,12.356818218463962,308.88677045174364,1.5665445799333213
2775,1.6572280249344193,11.17498403002021,287.518533641131,1.247471396942708
2776,1.6356538963377072,10.482056312664515,296.8137603979049,0.9855291844098073
2777,1.8852348630007096,12.353196418401236,324.48298451930305,1.106810285588704
2778,4.260165872523174,18.23390905602281,295.92554689704133,4.272630924720234
2779,1.9399999913742991,11.871140608559422,260.06059290756457,0.8961382812249522
2780,2.164841621531748,12.52107041458124,302.4392834519061,1.0190687986800961
2781,1.9837478472882493,12.660750352430412,345.9953488778523,1.2013108923894225
2782,1.962171723321753,11.8389981084128,319.43092026728743,0.9798534412434919
2783,2.7963159831340567,10.877330594710047,295.0695212989556,1.5515006465269687
2784,1.8266829269735487,11.361413196828854,304.13976978922204,0.7633596208892559
2785,2.541182474632101,12.584963930465388,316.5576092898804,1.6174208634856995
2786,2.477464812334685,12.136402663444981,275.14371977552764,1.1630607254456047
2787,2.166350857172934,11.45024063424252,290.44699708617895,1.2912067935577478
2788,1.3643764939716565,11.215613514164875,311.77189688060565,1.3882276939651021
2789,2.0102489718197774,12.617822810255927,332.1062717547852,1.1805647491931854
2790,1.8301507300594695,11.778347594437944,297.53150591154053,0.8914893614942322
2791,2.0066299281753563,12.752716778772136,331.63929533415865,0.9479154558501766
2792,1.6492209585119988,12.87933579743856,292.17649887932873,1.0287177974789252
2793,2.2495651231865175,11.687160249714815,247.4462847502382,1.1436847906490384
2794,2.325045058946652,12.949647484836099,317.64478428424866,1.4307367761151646
2795,2.3861080196820907,12.138409754461934,314.18678203118293,1.2790801977492259
2796,1.8738810235931038,12.26775823758404,317.51513281895456,0.9297936432270109
2797,1.6503897163245647,9.811250904888043,316.8507828252467,1.193247752332284
2798,2.116054867435359,11.029078701676545,308.25975092527756,1.0922238470263408
2799,2.5795045263090843,11.08330563612256,300.60014188622426,1.2380387873481347
2800,2.022898579422466,11.68134527759643,301.2482975853862,1.09724178869859
2801,3.817252351062939,17.970682794142952,297.1731761715937,3.8599772740828433
2802,1.9224752628589408,12.155250325040974,298.1933570186818,0.9597409689221625
2803,1.8338548320543981,12.285746946791253,274.21240912659545,1.0479364137024352
2804,2.2172310597394844,11.31505540873383,284.3567649021442,1.3256815472341974
2805,1.9649979667781743,12.691362963774838,302.2218379318593,1.1945521429155903
2806,4.310926347964052,20.38892689882708,266.9052613284797,3.7422126237825517
2807,2.167477262901419,11.646675112550874,270.866723008671,1.404560096344478
2808,2.1146805569158396,11.336331832566351,299.31720305115056,0.8360457866456638
2809,2.184092255397954,11.314668176089127,302.81837442281477,1.1786713317905337
2810,1.7185081081891698,12.085467826530492,299.67295904947036,1.0475360392858781
2811,1.6983703124055456,11.474236890386996,264.54157536699756,0.9166640768280283
2812,1.9859348698196053,10.26967158691679,331.39071879565677,0.9422839764701696
2813,1.9938747643137882,10.543248127548328,280.5840786460739,1.0398695916330052
2814,3.961136567552988,19.127849481398485,291.09126180192226,3.03347659258925
2815,2.079530097816843,13.281794040123375,283.5499442584081,0.9825437849582235
2816,2.299711752175233,13.599889587957975,327.08352467184164,1.1529645442993137
2817,2.3918789184706504,12.226304438779376,312.1641420746884,1.6845420733577325
2818,2.4660464179735615,11.009094492046188,296.954866940475,0.8896198244950615
2819,1.5661154511911288,11.561983850842818,295.75784976910944,1.4441539805151598
2820,1.6162104706762195,10.508612365020152,308.0530849793223,1.1876476670785954
2821,1.9044170201642567,10.470108010458025,283.80857687918854,1.0180886163098049
2822,2.026494558532434,12.255262710562727,311.4725698364864,0.696793200993824
2823,1.9213220587271937,12.539011549407018,295.6730377641716,1.2563905979494518
2824,1.8176290210397585,13.958373555726244,313.83386609309446,0.8324271883942924
2825,1.8995419807348672,11.916906423814003,313.2572826952731,1.271835705337752
2826,2.159493561402726,10.6421651891944,294.9086024878886,1.4640378553986846
2827,1.5612245925586294,11.878079616244968,270.1039041737898,0.9628040393500734
2828,2.773307866953744,11.7175408008866,300.8039709464714,1.704435252388861
2829,2.0069278693168187,11.508768323201553,280.35895816038436,1.105117630080855
2830,2.3467796400954795,12.343749567474875,306.3367896601873,0.7557178672782874
2831,1.8085983846617124,10.785527470893973,300.6382782630402,0.8817500675900372
2832,2.1895353655331737,12.130721432825961,295.00408704204204,1.1579179944961406
2833,2.03303005403343,12.651563265719478,282.97544123133923,1.1809130594976522
2834,2.2827467699831367,13.419737770231963,325.1754160435479,0.8334281051604555
2835,1.934446517118162,12.310375849035939,297.2874009862207,1.10900531938385
2836,2.512015977139594,13.043120450519277,345.00696468429135,1.4272506157942768
2837,1.5076215703292755,11.556103959693905,305.59380336076066,1.4500257450469667
2838,2.313293363965348,11.695709725920775,310.9770191486417,1.0782875003277743
2839,2.039177519325906,13.347847041215642,305.6666073044662,1.1886453800840449
2840,1.6639521895369287,10.628415575036184,310.806719407453,1.3845025184614141
2841,2.644181737115546,11.596859697754407,323.57568466204515,1.52777266431232
2842,2.610070249767301,13.128446306725966,323.7718476226725,1.5090425830495295
2843,1.3156226542082599,11.78888828524749,274.96766889334765,1.4130921810151778
2844,2.058338847824122,11.714397968128745,319.54345579343277,1.0832065737140597
2845,2.232868643061143,11.734667883433488,313.4513701160243,1.1880439538020888
2846,2.145762586744879,12.117151774847246,305.6101673873155,0.960419229850253
2847,2.500124770731883,13.08608384191924,334.1133656990872,1.4774963661210383
2848,2.431518793479823,12.924231518323214,334.7970359121019,0.909368339504677
2849,2.0875118275846702,12.011457241498961,320.37813658811524,1.0038860959958555
2850,4.403666438627647,19.40905715998504,295.75992220861383,4.833876547867613
2851,2.3091593524935004,12.341792963329736,284.72778677369814,1.2531951930325085
2852,1.8840332165912856,12.859120167820832,317.82480224683565,1.2398436458100213
2853,1.817725293706644,10.971630525907003,328.112070495363,1.4183961539628598
2854,4.533916378057071,20.22449994428824,270.51281805370826,3.3363537571608513
2855,1.7383251052449542,12.220213054145429,323.46701041679773,0.9988565553720147
2856,1.8647863677787024,9.251690652682186,300.6672858650158,1.082327944026689
2857,1.9209412758199,13.659527173469357,274.24695181495474,1.0399956635167655
2858,2.11736561978113,12.005054931210662,312.97973463890946,1.2125269996719859
2859,1.936158740222678,11.604506038848607,320.4595731090556,0.8891271384774453
2860,1.5653996041615543,11.394316934812801,299.0270728230536,1.1820181082941585
2861,2.383486313536952,12.439501868534368,287.02497126274665,1.5157106903605038
2862,1.866548445900912,11.11161108106271,334.10554575720266,1.1470122029076408
2863,2.6665786387038324,11.423093537329267,293.6331712326637,1.164896231425796
2864,2.100316702395747,11.447121896188312,324.7110293961122,1.0382824098747823
2865,2.4181784698527125,11.707752956297762,279.2781444718149,0.761824748734828
2866,2.2081842996796617,11.484791750268139,312.07208581011383,1.11509921896598
2867,2.4339685695806867,12.852814131654862,311.5876216801944,1.5463000782060754
2868,2.1882118687672625,12.271062304797699,319.8480721106514,0.8846421052001341
2869,2.077605715217296,12.393036738344284,330.3807176849793,0.8125246669385106
2870,2.3607672503126507,12.610602213517287,291.16829490219817,1.0500428621667541
2871,2.8203707978153774,11.9069057298343,313.8531711220469,1.7015283805290105
2872,1.910967010260391,10.979690670876177,281.7683544582555,1.4458421782617963
2873,2.262325905949255,13.805172479376882,281.5754458419654,1.2323076563004784
2874,1.9982691755716508,12.927534654629412,295.1683121134664,0.8428199131448615
2875,2.1669994767627014,13.612827013935584,311.95856363430534,1.112846097122848
2876,2.0139123240002563,13.03453842096145,333.50675294246605,1.4580050991287141
2877,1.287944847715567,11.539628596134518,336.60207502717645,1.3521738343577514
2878,1.9339383831464017,9.652022061671135,298.966847405715,1.1308002661123007
2879,2.3298531740268165,10.770903574472253,310.1940857960781,1.2155698529774628
2880,1.7474818143213717,12.636522046708237,321.03109290993837,0.8303619773076263
2881,2.3039123262136094,11.8982520806635,318.01150570408566,1.356854217779277
2882,2.0605910242488137,11.580150141084255,302.1192353592622,1.2730285386753946
2883,1.936808124818111,9.504446498348653,306.29378564523876,0.7037677125445962
2884,2.2989190771435113,11.986872735755718,303.1269243311767,0.8892682974280239
2885,2.2247404093762064,10.918221449747698,301.4576429150113,0.9373750909689667
2886,2.1387805334953516,11.275617419234077,299.19602274395663,1.2616110718676727
2887,2.3352470669175367,12.850104096897137,302.9658056698012,1.0194597554091462
2888,2.0670224454642314,10.97085804591599,298.1011606132274,1.1830552649326436
2889,1.4572602091136222,11.066310694626807,285.6978997731772,1.2462762189122525
2890,1.8752201118663345,12.18558032741012,319.6638648118107,1.1238877632958713
2891,2.913022198717777,18.97289905993143,313.7763814764995,2.6219427303787946
2892,2.216930392648849,11.597294104593203,336.9020936338667,1.1836432773381753
2893,2.2957459469666794,13.467215405022907,311.2818063445781,1.1504343372778423
2894,2.3107617399039038,10.72133082207484,297.911677471999,1.2252912584328006
2895,2.1614012507458353,10.54594439939159,294.3505985395402,1.1595456409579155
2896,2.3194152926984684,10.460714001714743,305.80522314494203,1.1213228058510232
2897,1.4797208983717378,10.347816235589569,314.3988777773851,1.1815809320052335
2898,1.964502915807885,12.336548965160116,300.839919728767,1.4768697902571342
2899,1.533077723693289,11.022210680610828,280.00562303486566,1.146629197136571
2900,1.8817512277740567,10.58980763615078,292.43682468651207,1.3820683175944992
2901,2.53336307285781,12.379796695135605,305.30642526880206,1.1393493945091089
2902,2.360768270177049,12.823949247190717,317.5848222169304,1.342730224750182
2903,2.218554184136559,13.050858396915398,279.7409960509013,1.4863665234659589
2904,1.9400653245617878,12.875284464669773,309.5064186605684,1.0347258451228258
2905,1.672113721132958,11.08189653395741,308.7590320143807,1.0331774042102468
2906,3.5279167784468193,18.11305721802121,297.3231995800022,2.9638750066583146
2907,2.3665230245013613,12.496871577392424,295.0223222727312,1.1794167321129967
2908,2.1352575914555474,11.525116754910908,292.4824963965748,1.1757169296337997
2909,1.4767220395690945,12.164752103904714,307.39370715721066,1.261768852875015
2910,2.0345215960482257,10.748381770038318,324.15591726671227,1.0167419672478242
2911,1.3686016966181052,11.372399823905798,325.36233632134645,1.7380799384203862
2912,2.2653806649249826,12.371787305588082,285.8923340972859,1.1035769112454374
2913,1.771307443137984,13.507542654347194,301.8213709286286,1.0084059016218292
2914,4.355822225451648,19.32585240744322,267.71033336059486,4.062207143020739
2915,2.269917118701627,12.660858477734319,306.8561332873599,1.3144574154990005
2916,2.1845946862707155,12.079700038774776,315.1600146422294,1.403624498265188
2917,2.0766916575966894,11.924769487024681,331.7063401544178,1.4892193502237219
2918,2.723263622559847,10.552400046112348,274.63022441548367,1.4935827700331168
2919,2.2095499459644654,11.164493466110494,286.5029813263294,1.0695740824006519
2920,1.787164213123969,11.197145145406308,307.4503256318857,0.7476380113407506
2921,2.1713372762700307,12.57475931554065,277.4873977699314,0.9306307229189614
2922,1.905594476679174,12.944947771485827,307.92760656447217,1.1472380434233365
2923,2.4180304112260105,12.736573419526461,315.5910432661979,0.972156274006237
2924,2.0927224782540415,13.182666438069798,283.218108692798,0.7883060730053233
2925,2.125374684644148,12.07225755152648,307.25395129082403,1.122911242151072
2926,1.5240184246355528,11.017069817406114,284.3924141047441,1.3958180890687037
2927,2.0202460344359743,11.950067103650744,328.38223977195116,1.0509585300066002
2928,1.9814322680924645,11.27516290956752,308.51298357182327,1.279571272159668
2929,3.833186291422507,18.94328663687367,294.1189115075604,4.108852235794157
2930,1.9269045094916812,11.640912596902607,283.9515965349002,1.3331592920739759
2931,2.1437983063827457,11.901468382765547,311.6155447900142,1.5475080224886169
2932,1.9985646322164756,12.693622229671083,328.0849035357411,1.622806605507837
2933,1.534007101777269,11.258905710408435,291.8844335435684,1.380966839641168
2934,1.9098384450450088,12.96397658582225,297.5260406767775,1.0130700077332253
2935,1.8455518196168414,10.652403648040387,292.2136080879608,1.1271568063669881
2936,2.0638594626002904,12.306550967938826,331.4433737078865,1.4171792962228844
2937,2.0282257454251593,11.909101002677392,272.55311202755115,0.9218489584184657
2938,1.8641676895030905,12.82734179642398,326.85508478760386,1.400971477604982
2939,1.851281063670294,10.625626038136016,298.58763249639884,1.0797279276707141
2940,2.022183454034885,10.46920887720879,303.78254296227385,1.145730295788243
2941,2.3177823291455657,12.750044385861138,299.209210954808,1.001073565052598
2942,2.0919513724937016,11.609077858450812,309.0732149851965,0.840497093521861
2943,2.4696128773459356,11.909197896231795,292.59342116602386,1.180965276320604
2944,2.373953023017824,11.340250839090862,322.99251332199054,1.4473036741900944
2945,2.49390522374902,12.912810379827237,323.68294972749976,1.1108521573718613
2946,4.772131400859676,18.19107346397398,288.2820463237953,3.659592056952901
2947,2.5157733405244382,12.240664088057043,316.34693841407864,1.1503590498003229
2948,1.6194628725444928,10.83037953182514,298.939604376037,0.97613584205447
2949,2.2136506717104547,12.501505553204403,305.87776933104425,1.1790283076200585
2950,2.402045782445086,11.00778708124252,330.927565254966,1.3360317004915838
2951,2.4616790162126843,11.341446972318725,293.5414191448787,1.2697690419909913
2952,1.7456627917053957,10.634652335214849,320.751340477103,1.1702968767427133
2953,2.2169355732273743,11.843458525415588,312.77112804218916,1.4497698888057915
2954,2.024817011433638,13.06447326006731,301.70152162933505,1.1193647576134538
2955,2.6095298768925117,12.22669498916318,311.24586064799,1.236265178829471
2956,1.5421937639498313,11.558179093503497,309.22300269638714,1.0033497522052532
2957,1.7461344381304544,12.109146318101189,285.3079936942203,1.3946847264581386
2958,1.4024908377624261,12.103613972134218,294.6856946584653,1.2362150587350298
2959,3.928297278176469,16.871264968823,287.23070945569566,3.442460346019122
2960,2.747067288858985,12.177334430259823,300.2974808846922,1.6564037921454324
2961,1.9853672658840136,10.960005646054974,327.8656000331597,1.5109623114382422
2962,2.033340996433004,12.10653836003021,314.8774726276496,1.1509555884329126
2963,4.237865867310914,17.57432125372992,280.6459856824954,3.157898636425424
2964,1.961624139947594,12.575623608403978,300.35274931965154,1.0997825830789316
2965,2.1207885863175466,10.89725080808962,308.9716226356282,1.0179380702551204
2966,2.1294298508781786,13.177597830158916,317.6495041652056,1.0392168203713092
2967,1.7209663048091361,9.554763736338195,293.9369603553937,1.078175231752885
2968,4.912252075184542,21.860932063926462,283.9636589960081,4.0427793171590505
2969,2.2448378657417813,10.360779323222085,304.0421706358349,1.1195321413971357
2970,2.3064301184658214,10.800065370862868,314.673504407534,1.4300801213737142
2971,2.4285055465441108,12.299057037941001,308.99239027276434,1.1905871101209327
2972,2.110693902038322,12.61871498442458,289.9604828307933,1.034191116579531
2973,2.1174092847106656,11.71661457348395,334.8285196591653,1.3641216637057951
2974,2.247561005520826,12.892606052257872,303.32013582181014,1.142307603827046
2975,1.8037258295214684,11.20344574724394,308.29307464783426,1.0985977475789148
2976,1.7901929128435765,11.600308053217958,293.7465541707232,1.1340039171322482
2977,1.9588167069740485,11.697922057517628,323.81063597219725,1.3943814620828339
2978,1.5792441591471458,11.46160414182175,314.72139717336825,1.270977542476789
2979,2.13427725466097,10.065821425608776,310.3492782957297,1.3610756340786614
2980,2.346197071935527,11.975332933491506,285.42186800369626,1.127383615390585
2981,1.7656855972033432,11.88499284629727,323.5985138525105,1.3519207898476677
2982,2.1435992326621394,13.078182763710338,317.8673505406082,1.1603218258497061
2983,1.7923867531891422,10.714055584296105,322.2538677581664,1.3032391537519332
2984,1.6645300843416744,11.36059267593031,305.6294990807326,1.3631040872093114
2985,2.67833514444069,13.203491225523546,303.7273602144372,1.196962006465709
2986,1.66926306511431,12.293288861284353,301.9044210102988,1.182211411737313
2987,1.577824625031011,12.549379686156373,343.7429650532846,1.4019434597928329
2988,2.070856081028253,12.453433623339532,295.7784134453225,1.3264098361630208
2989,2.0886120878920527,12.457871647434555,284.83383766180197,1.355555198673284
2990,2.2201866065926805,13.821049994847682,298.65464517949835,1.1510044728886346
2991,5.204216958126224,18.440886667009824,295.93684107689035,3.5998479535375196
2992,1.743547160985772,10.988656723157261,326.417396220034,1.0093348824327333
2993,1.8091158434686128,12.638797486227892,281.94812922352133,0.8236377580149088
2994,2.5309058141112626,11.433448325772892,295.4580555834438,1.219231630972973
2995,4.833208355771106,16.19182758879325,308.2388937920607,2.942382386641671
2996,2.2640268414613716,12.37018100175572,326.5609785287916,0.9259788730424655
2997,1.8053433304825848,11.178645684781145,317.12324921215145,0.8295209531967689
2998,2.371543112736043,11.489705252180231,332.52329496046434,0.8414856588898079
2999,2.265050330659742,12.475848571070411,310.878479313393,1.290744897063689
3000,2.0625472984793904,11.451355028790928,301.53846883867345,0.8129045969629964
3001,1.8069738226229475,12.973385315990358,319.5444609789273,1.2329067103981315
3002,2.035209532948187,11.013842402137369,281.75826414713595,1.0351513042224307
3003,2.5440006731994798,11.010475623588432,275.93195458784703,1.1293611373841472
3004,1.6389906416407856,13.906055865755322,321.5964811078826,0.9810587441454248
3005,1.7360663075390548,10.469773558407047,308.57963604155606,1.184447984425352
3006,1.7928251964266804,11.97328347100171,321.38806479455644,0.9757797046765939
3007,1.8644290185167842,13.8514838475629,290.50966855375395,1.1104007224938002
3008,1.9948068934480612,11.971408552100728,326.8413246698321,1.180297997735152
3009,2.316328439306629,13.346770669063998,316.3961009126193,1.284571729371632
3010,2.152266657757763,12.652474864405015,304.470953514234,1.3012388661013947
3011,2.0200775466661316,11.992798115765199,308.5249145854653,1.1331955959431057
3012,2.091407846776514,11.869354738537126,310.8977741969238,0.8951623340985176
3013,2.205917016919849,9.880682585857256,290.43555311289356,1.2194345940554998
3014,1.4450370377442336,11.680888340114638,298.4547526264581,1.4221907399286517
3015,2.353622783279018,12.232218505831193,310.629079906568,1.1412185790570641
3016,1.7272837288474872,12.231662909692576,297.77272342660194,1.0885313563389183
3017,1.853641577511429,14.465858757153896,280.0198791331319,1.6083163655294774
3018,2.1123436561621833,12.280958066149505,310.0131089971613,0.8492148465288339
3019,1.9751160767587073,12.630145320793845,319.21258095676393,1.1991187843628222
3020,2.160687045560802,13.164963167409901,323.1650886917045,1.3252148917754867
3021,4.908633606929396,19.69788841048143,314.0492795801547,3.2151611792901393
3022,1.9045203452696648,11.91395093326331,318.91122326456275,1.0719487955896376
3023,2.504490195894173,11.918812649460596,321.78765418829886,1.1775030956612367
3024,2.2336616255633444,11.649345517763718,306.3541488955438,1.1338950708345772
3025,2.0996987172947543,12.44421102913658,268.97841640035796,1.2860612097601787
3026,2.228531547483591,11.829679279020121,324.7162806834758,1.092738943500699
3027,1.7672412674065265,12.624936390531605,289.81358903867454,1.7557079369236903
3028,4.769488873446639,18.429380227602564,285.7750930035452,3.583661103792453
3029,1.6410797236425643,12.146848458408645,286.24207329362486,1.4553737672970406
3030,2.0373456572368225,13.55206732140737,347.23782484546143,1.2096496853055034
3031,1.9054793280561457,11.775376502655186,312.4893106678533,1.127233801832
3032,1.892943256109074,13.843001626966778,287.2925210593638,1.4012581296472866
3033,1.8500952704161293,12.163671447328928,293.3819206483771,0.7939170361986405
3034,1.7453356996704945,11.943491807854,304.98767541153035,1.2252451133279534
3035,2.3921529275866793,12.116618502303867,314.2208642210078,1.052070041875547
3036,1.6024480777876482,11.688576755836214,309.74796974484656,1.1107918821089013
3037,2.3245760865656604,10.019443928893587,289.21369050252656,1.0687163158943718
3038,2.214017452457924,12.880174858223151,310.39149124253044,0.9356332927485981
3039,1.8743059265458157,14.192713163947113,294.609807236387,0.7792793434582643
3040,2.1757604036519713,12.480429270032669,322.7975553521408,1.196909713190053
3041,1.9478933241601304,12.54132096135646,305.95704223884104,1.0885093888310418
3042,4.326562478183849,16.8553975919353,292.0913203370258,3.065092572834623
3043,1.6401568939586009,13.157789098830643,316.712220146369,1.3321169154145764
3044,4.735532736737209,20.342074537431266,311.5151644863454,3.6708433392605126
3045,2.1991782068160575,12.267220098196896,296.92728310845735,1.0712293230879637
3046,3.9124776141876048,16.276336456389885,317.41156492177123,4.508122350072449
3047,1.8707995420176329,11.47065812975555,315.6949908753375,1.3139472533473517
3048,1.937157593901763,12.367353148181238,325.43097737296165,1.591408625784462
3049,1.8925674581358713,12.90721173458399,317.072355046655,1.0241649008105245
3050,1.4235084353916339,12.934939742129504,301.362903033162,1.3559921891260907
3051,2.0202135725845722,10.42081908468225,276.26099267358205,0.8525994724461787
3052,2.1724101041991353,10.52222022475192,308.172992112394,1.0523339883454814
3053,2.022310903596808,12.584137101055214,310.8106718266945,0.9835167664533597
3054,2.583819226766337,11.253191611995167,305.87034801153027,1.9104248808474344
3055,1.6684944922061065,12.894592606041776,253.81513516166052,1.029639999511412
3056,1.7818357734250723,10.369831790917981,316.5401092920188,1.0827025270876782
3057,2.0438962685756112,11.901590056266553,289.4951456135092,0.810460605712336
3058,2.0804430473635023,11.965763182756884,316.65728779625226,1.2107567455506318
3059,1.37260115374133,12.480467097003245,333.91164032770666,1.1640050915997264
3060,2.198890339958949,10.968840003853646,300.7024411237267,1.3082347135492387
3061,2.0819445570533475,10.033235938674583,312.45422855219596,0.7464983229574502
3062,1.3006003285350798,12.171272761545682,305.55722236701513,1.378954480256309
3063,1.9614859412679757,12.526430272545479,313.93492085750785,0.7317596862023052
3064,1.7331812977602397,13.007454962633037,306.7585667791346,1.0460365849658977
3065,1.8504033227764491,11.64144834661585,296.2113347101416,1.056432512681765
3066,2.1384352741582973,20.57178291201182,289.6159822971094,3.7892561288614424
3067,2.137342263962279,12.485773774888429,332.0379172426813,1.0116517432734502
3068,2.5813862055881747,13.322405077714336,312.45540074029293,1.503799804301364
3069,2.0874577794761935,11.944612083955782,319.118753616375,1.5396331588869105
3070,1.2874032464179965,10.27010069720592,311.78406934797965,1.4826938029055894
3071,2.0942466923198237,11.932340326380753,321.5880579388411,0.9334983939847994
3072,1.9357691985743184,12.088450748462712,289.7685562015667,1.1153733572906503
3073,1.636665863531146,12.518194242398494,306.41408455598383,1.110993417513566
3074,2.116695864359039,10.467317633659384,313.59326394863075,1.28632168626985
3075,2.2903223602820275,11.687955185192125,326.9753831283835,1.2098302305533828
3076,1.7793971509752646,12.868103571564614,350.4422936915097,0.8146136929162661
3077,1.457568172432076,11.895914547278867,311.9278165747211,1.5020111158312586
3078,1.3361481609508532,11.694265617867915,293.7612874174117,1.5666016517197197
3079,1.7803239191168436,13.9063263977835,284.6740675260807,1.428925440631128
3080,1.948683855144263,10.929995813168448,289.6181495284707,0.9983444948020066
3081,1.8297181639996318,13.233154709984314,291.83996944623124,1.1781722156594494
3082,1.774516909421414,13.02124973587419,255.68159865058,0.8945670919395763
3083,2.1874068439522913,11.774833538383037,293.5138647949829,1.111526259991999
3084,2.152732595228155,11.967109446917673,317.1845919227484,1.193859959819788
3085,2.0658658229108635,11.963541267047836,306.28179556619824,0.9754785958368178
3086,2.269440968833555,12.181947756343536,300.60338179483387,1.213479026411738
3087,1.783418573577545,11.405458642562213,277.4268049374416,1.1626826776745016
3088,3.5467461904199293,17.12062040284727,322.85696965295006,2.7936593028836016
3089,1.8276298875049672,11.644775469102187,313.7008259456467,1.397915383736808
3090,1.8048700853450157,11.676702299401118,304.7801620417413,1.0767183700076322
3091,3.0659340663177965,21.219299542878368,267.55717338953224,3.9962209841677008
3092,1.8199623489494996,9.759175210963928,296.6568674384942,0.8267157547469588
3093,2.3646006832101345,12.097649087929451,312.3732125454138,1.2862570824898851
3094,2.2642816321038945,11.472532219846068,304.51435458588634,1.047925022579944
3095,2.1733106727955063,10.1331889133853,308.26294715889577,1.310064879264037
3096,2.043433954268203,11.649948985089063,316.6525847466595,0.8389403880911186
3097,4.7236080162302745,19.43760315462007,307.6305625810332,3.7786361501666503
3098,1.6501445946935729,13.27524452708247,316.04447556086507,0.7394760205033104
3099,3.942488136226364,17.111313652129027,290.6596654651494,4.095149820570901
3100,2.3710174403172157,12.667790179873496,284.21288014114856,1.1503849152777716
3101,2.009109615956774,13.382812003385716,313.11513159864603,1.1799221525932835
3102,1.778511158675421,11.37193129097841,316.60094384614877,1.0103830263092315
3103,2.182135126829635,11.952502790138244,313.82255452906935,0.9307075669991802
3104,1.855305902642965,13.728691774909702,307.23696503826824,1.0260799337842401
3105,1.7236165864939976,12.228976155149246,299.4913040534339,1.1857628290290052
3106,1.7144339017538601,12.373749842068927,308.58676212271604,1.2658738909420315
3107,2.1061112891385854,11.592746076031672,311.4480989573136,1.1677496808792143
3108,2.0679191138881188,12.68705083043224,312.46805660958,0.9155079040388977
3109,2.500526432996464,11.960357386314415,349.3213724626874,1.6228624438653334
3110,1.9042705486215041,10.167897062120138,289.346335646464,1.1722445738578617
3111,1.898640681896689,11.644767466017182,359.8418831105147,0.9818967993322278
3112,2.4750790650738823,10.816821209780217,283.6340414389191,1.3247781142376107
3113,2.3252634417816047,12.112240964272544,311.55636834898024,1.216791165867996
3114,2.047816440241704,11.08316090294112,284.68767612422346,1.0663509281859953
3115,1.4848658015481675,12.47812846569248,310.2061442157546,1.2059674803907694
3116,1.7320879218465333,12.044763420933796,321.6960880225138,1.3414759123526836
3117,1.652148716862047,10.751990996421135,305.5539055573314,1.5205898457046034
3118,2.012029086376792,11.507461884386316,321.5423672924086,0.6928889598985907
3119,1.8322474322012905,12.620562701631084,297.7974024061614,1.363554488078508
3120,2.528958614637959,13.147993035813967,270.1523096031912,1.2774601786011428
3121,1.481425719454577,11.097578768726066,315.6540552531673,1.314068065120311
3122,1.6167578934188047,10.902559505058953,305.5208515167579,1.4613906636159109
3123,2.0807274990103513,13.950984940301055,296.8465626480399,0.573078717594793
3124,2.172073896422176,11.990232053504993,298.0204539484876,1.281315725865419
3125,1.146245043804372,12.091468935321974,311.9118894980365,1.8084158779886153
3126,1.4273146474754697,11.260608944898351,291.1529407479749,1.1656171299275804
3127,1.9130107812635972,12.215220228540387,311.3791617625499,0.8259010103786324
3128,2.4474943983900395,13.715095676540177,325.2068293222682,1.552141529922153
3129,2.6229610921216002,12.254365268856933,340.0211924584219,0.9893315766640136
3130,1.8632158282462015,13.064963249139344,328.8769511419585,1.1953301030542356
3131,1.9436864974512627,12.028983856536327,307.74967236043227,1.3065878198312495
3132,1.7238343000960679,10.974196809376057,309.3803066983811,1.2266056472080464
3133,2.20895811196242,11.316763330707007,298.1957750385326,1.2399978833827283
3134,2.5044147628829974,10.88219782469517,297.0840608975287,1.2047453159539385
3135,2.4144868433354163,12.217786583586685,319.82454057382773,1.299059731221342
3136,1.9904297978237127,13.223888793650001,299.77232900848736,0.9583630658664813
3137,1.7232845373053758,12.161010942150824,311.22369389852474,1.0316854066035472
3138,2.0027050114222407,11.692218181369732,288.63733837410115,1.1071136894282068
3139,2.4556596124630805,11.210360247712627,328.29531503819385,0.9207591500763928
3140,1.867829357545616,12.355445862845174,299.5182367179456,1.2262388514629896
3141,1.4009084203152415,10.761867947206376,323.49564590130433,0.8263769721005527
3142,1.8811969464052356,10.865898921736946,293.0350059863347,1.1813138757115893
3143,1.9079215013488482,12.900163267640583,292.1359216253116,1.1966310291213134
3144,1.3989716067810658,11.722264937659402,327.5765402830838,1.1650617049727476
3145,2.076572319559445,11.702545806983316,294.3578722503461,0.8568420306778954
3146,2.1669815388742815,11.83093398368725,278.3456957436812,1.035653412874091
3147,2.6137645628900423,12.725871066745938,287.3210108753964,1.4614937557186685
3148,1.5603156042417727,12.165502673024367,319.5640475769706,1.2889996911594686
3149,2.241072072325292,11.256918558334087,317.93054923528155,0.9137251395362294
3150,2.319055929888039,11.292907783051499,292.0374815895726,1.1842501643615584
3151,2.171474907208652,11.804889189152966,294.2607820796176,1.170621616799555
3152,1.667755461161439,12.30221974269364,316.44126904697475,1.2123536048572978
3153,1.648574195354971,11.964490056502076,327.37064926827657,0.9792517962417449
3154,2.032074928253659,11.875509813826914,303.8304078289799,1.1317784026817619
3155,2.0297586277492763,12.046283559060141,314.422053062426,1.284098059452211
3156,1.8153868378725269,11.963775594905817,319.8483621313158,1.2285231960060496
3157,2.4262402144659743,11.21961709743606,341.6010549413911,1.294938029646848
3158,1.8677519777776201,13.107050912338774,285.3528283195921,1.4393800279574542
3159,1.3750787544407177,11.517688544808165,293.63170205951536,1.3756846949616028
3160,4.5124927749828085,18.67927373965907,296.38995332004896,2.9441703051256347
3161,2.158490204921083,9.93966475396163,319.06791052815066,0.9478255008420953
3162,2.112847180180145,11.784825711941686,300.7173987251302,1.1431008167547376
3163,2.1102934537561824,10.90041083658697,310.30817925831474,0.8200334063748396
3164,2.493016374737704,11.02097823030071,307.071330203971,1.1885038158249515
3165,1.632119111338299,14.422185946966783,305.0295311401416,1.2767432662363414
3166,1.8601762450442774,12.249525900630859,306.8257417645682,1.346350423672562
3167,2.509867832543433,13.226022178048868,322.50831215378895,0.9523756786773225
3168,1.350774537301786,12.855303583320786,288.500043968036,1.3811416186714955
3169,1.982280832423086,12.983242881998065,302.4762447541746,1.0865474380340283
3170,2.4055439680282213,11.800928338406901,284.3402783214083,1.209470004419032
3171,2.4006253628082397,13.60640201191153,308.851467778238,1.2278235235388788
3172,2.2178384030392966,12.846687298576493,301.6760093674125,1.123087813878166
3173,2.2261949695813588,12.041334951802304,323.17713325365423,1.4101635719500378
3174,1.6564623693918052,12.26328962445761,304.91800525066026,1.4219705675449696
3175,2.453148437696631,11.863267583537501,297.4547347321489,1.655970811797961
3176,1.6039796352756879,12.052239184866377,300.8059291827637,1.1951214802651091
3177,1.6236637036067862,11.956399264913257,334.298211631322,1.1056720930518755
3178,2.127998463284036,12.38153363123649,278.3086296140418,0.916605434455982
3179,1.8373052164133241,13.739973801410464,294.33222628953496,1.0125235024855936
3180,2.0682099106831204,10.794785883041264,305.61213674800115,1.2457988335385393
3181,4.52884319092225,18.557477785217316,294.18075040813886,3.745618641774822
3182,2.586776213993931,11.631765516288732,313.3415884369873,1.4485728706185614
3183,2.143129113236915,13.269663148264806,304.0397475521144,0.9798077482522141
3184,3.4160864265843673,15.363185424724376,309.3517433447159,4.274912085914947
3185,2.223241026201425,12.412753676540254,307.0030782997308,1.522191473405375
3186,1.725521113972903,11.841155751204637,303.2482283207456,0.9803113716138828
3187,2.3013413230440936,10.269407876621742,283.0559965012007,1.4396050209688251
3188,2.0213272134578544,13.738976876293986,307.99357129629186,1.1811972166660554
3189,2.132179459331793,11.057246386478033,275.0220497898008,0.9643124860501704
3190,1.4123841875521554,12.083882861156315,293.5766633122927,1.0771841406688525
3191,1.257253953590109,10.947578213824926,313.31648986238514,1.3042525643951783
3192,1.5045300033035671,10.662998348512547,325.2246881070433,1.335730443735308
3193,2.5761043823804943,11.795060160310868,344.94007412979124,1.1238500820186073
3194,1.6211089084604602,11.40648873792973,297.71968236713104,1.499888317076448
3195,2.2416622346563475,10.831184978693573,290.29288128625814,1.0946363003884862
3196,1.7881704263594673,11.964567385272815,313.8788203646232,1.2679097880086678
3197,1.9207900672576508,10.518093276902169,336.78946985208705,1.2278322306635534
3198,1.9852423158271444,12.125473798414522,331.0566614769354,1.4245151854565157
3199,2.542446881177794,11.87267318100252,287.40365351088803,1.194840073954855
3200,2.19288682516117,9.519593965498721,302.6113438131409,1.1442837563946202
3201,2.127060936305716,11.476890096950155,319.4562438134722,0.8297306798468294
3202,2.427910482596695,12.468410010226753,320.63508959141814,1.2341562199699716
3203,1.791045034958678,10.93645411504348,315.06165270537707,1.3550728626134132
3204,2.352553182393973,12.51179219443581,297.37127407184494,1.2209564611807058
3205,2.297429856402381,12.432679209913578,314.9104087044246,1.6173819099988929
3206,2.293666789870366,10.982278573047795,320.7989636829089,1.2574108968273048
3207,1.9488444880392024,11.987717696694014,289.1556587139409,0.9935399889001978
3208,1.8556860843934486,12.824991083347657,327.6140102848794,1.204065383468605
3209,1.7129581970940928,11.123577769539484,321.8633117373994,0.8584046973691145
3210,1.7336298195610425,11.79418944241871,292.3866545079613,0.9841947171387173
3211,1.6973856601506976,13.15023911798114,320.72346708211063,0.9133749309259345
3212,2.121059761402605,11.14236793524079,318.8229321432357,1.1123085666466554
3213,1.9246490166208763,12.459158285802118,319.46959509715293,1.0914155821617089
3214,2.142362065234406,10.920808891707727,331.7915419254916,1.3535874437769708
3215,2.1610010664854253,11.839038096804993,304.82214975581275,1.0962575352701571
3216,1.65028050208485,12.446726714573895,310.6358623689894,0.9753243535290225
3217,1.6403763844039543,9.595473210063293,260.14161966227687,1.4920476129721096
3218,1.924542073552807,11.465676918881366,323.9689858417644,0.514602057496753
3219,1.744210161207452,12.429331927186379,322.3329690990332,1.1482587455928726
3220,1.7094639939563256,12.225844109198396,328.05258318134037,1.1958564242001501
3221,2.5595767129947076,11.477621615362876,289.076433078118,1.2920806729562748
3222,1.4939929252804536,10.89541799441883,321.354771558517,1.3587651350711003
3223,2.6676112610017437,12.628464882194246,322.31873803944524,1.3984750169822695
3224,2.095329206508499,11.677593262478183,293.9344175834273,1.205566341712594
3225,2.3254586333959155,12.545347201629006,322.95139525838897,1.0452286005176
3226,2.2865498297189766,12.380223135517507,312.87169208756046,0.8590982181672945
3227,2.203596528497792,11.552581714431513,276.1337998466064,1.116429301744266
3228,2.548404493717251,13.072561742994651,314.9361739479883,1.081158507810397
3229,1.6428024928026619,11.405722389963838,291.95748332171837,1.0334008683275724
3230,1.948395135333125,13.190453974151902,276.5091574516035,1.3339473466795493
3231,1.7185605188747535,13.321292530547531,311.23140568463293,1.460708631655302
3232,2.9985957473043867,17.40639934428917,303.88937804734314,4.377170376230593
3233,1.7817904308757861,11.819438846633702,328.8648307075254,1.3209978720968367
3234,2.6179407668138612,14.547079144367988,308.0892250576883,1.3487377204390127
3235,1.9427559898521543,12.151844459089244,318.2348285545293,1.3051204583274596
3236,5.006429791299903,16.962319200805034,313.64975922285254,4.739223532758678
3237,2.6883229639362574,11.977938654761891,322.3562750297775,1.7832469612877444
3238,2.988393020019707,10.870233522943657,289.93107513431585,1.522070638868296
3239,2.628812696302441,13.295073237384765,308.3751227119156,1.47967302619809
3240,2.778183515560156,11.427596570336062,302.60748964777264,1.2225946174816738
3241,2.107305288548389,12.919611026037312,316.1126175252591,1.242808695495836
3242,2.0753483171166023,13.159553108318542,309.3488223049908,0.7596987987538135
3243,2.0972969892010656,12.603321380549287,294.56135627824085,0.8631607892450693
3244,2.00002052752142,11.308030724101696,299.25512982138525,0.8434752369159442
3245,2.0493888346052893,11.658921744487818,333.0245460451613,1.151938739541435
3246,2.248220246500628,9.322923819318678,276.1960309904082,1.2091052717264112
3247,1.8462801077521422,11.883532343633405,317.0592000167107,1.604746278215978
3248,1.5453840015231255,12.802710187699983,326.10458704446125,1.2098808348725876
3249,2.119994203198934,11.762494920918076,314.8402315925406,1.2634350785519248
3250,1.7713744046728106,11.409919707742672,338.50714027206595,1.164581202993337
3251,1.8055397458344582,11.7022530758905,320.95476600027877,1.2612247820722082
3252,1.9528914339963235,13.215365970319018,311.5301031335409,1.1301086110224658
3253,1.8771927375538213,11.945634311106536,297.06559750689587,1.329273981148274
3254,2.3663140225305086,13.857916176408613,311.8453466020759,0.9726605940056949
3255,1.9449752919572967,11.429266495115277,316.5885926431976,0.6123825309934715
3256,2.382948380499317,12.217231785131263,305.0595072141247,1.2744032909345713
3257,2.0679853621509108,11.566598074372973,292.3719476428423,0.7418501788175453
3258,1.9707854293612288,14.07448641375799,284.52821467789045,1.3628768304650407
3259,2.052212760474642,12.17970531130936,308.1519170514765,0.9920664166416124
3260,1.5737621448731578,14.12807613720118,279.8346244677133,1.0049934391174775
3261,2.1115654725253297,11.579872445097681,296.98377427922225,1.6478210656143628
3262,2.280232467783937,13.527579175855061,263.66041199509334,1.1449987433965954
3263,2.3269806408592544,12.118003372273495,319.1613150035612,1.1242669584307954
3264,1.5537825518253037,12.836655594545597,324.6187940559102,1.3730432857164394
3265,1.4987365332598177,10.78028902209095,306.34211702446146,1.4188771636536415
3266,1.8228498867233238,12.348413949209307,336.1348035416166,1.3472822779114941
3267,2.45693857813765,10.9308795620093,327.90557478767664,0.9628568757895493
3268,2.072921879881481,12.257096400705029,313.15635715750255,1.210518268697925
3269,1.744350570883093,10.481609946961846,303.0753558644923,1.0818839020953324
3270,1.5205299759129747,11.905916980428573,299.0602319789848,1.0583270369678557
3271,1.7742835295303068,13.095612037126704,314.5623482641198,1.1412102831260276
3272,1.7519881275906843,12.547553878994206,302.5991437047971,0.7758876903323413
3273,2.3087538471529347,10.766049950409116,314.3199134281767,1.3436901390475242
3274,2.3341396022977245,10.101613617162903,315.58171143515835,1.1110873640629697
3275,3.9327931984988975,19.58824625668841,301.0971527872275,4.222897834012056
3276,2.248544800321928,13.581198795358413,323.6283588655908,1.110764468143565
3277,2.214749776562891,11.036053963129833,301.114628631469,1.0950894776622253
3278,1.6107053311282324,14.09740407817636,305.3627553269705,1.4220975765720856
3279,1.9723398293867924,11.993506711831,288.38208179448577,0.8813317081643224
3280,2.1124705960919474,10.041306466325635,300.39951550512023,1.0314015354539985
3281,2.0538676881767284,10.439119643286498,341.689373751582,1.058487737256759
3282,1.4355214446531763,12.769949149371412,289.69342832920626,1.0845225397138087
3283,2.043290209990484,12.129568040835034,312.4411101263597,1.1330245955412868
3284,2.209967414172453,13.482220965793264,297.27365041184237,0.9825588564176575
3285,2.521266075726283,10.801875233301814,267.363674474229,0.9876089585857585
3286,1.779298903951441,12.118494798163779,314.5024971958763,1.2354450450675496
3287,3.7456815086122695,17.535930051065503,295.54588759801317,4.158982903048599
3288,1.9310739672620385,11.856985476942757,310.42370067780274,1.112629646221332
3289,2.0961012540345734,11.617392771353007,321.8252223637218,1.0850688795520995
3290,2.032015863315542,11.637300624461519,308.9881725311975,1.0757403974712927
3291,2.19942163602914,12.174645824280374,310.5810803803764,1.0214665979166404
3292,1.628688441069003,12.302581027838215,290.24502129527974,1.4195002940105517
3293,2.1309617174678612,12.252572850103244,317.0160311345853,1.1294435539638759
3294,1.7550689245255342,13.20598750890712,301.7753717655654,0.7014664192107425
3295,1.952699812321659,10.79872148771128,271.02671367589096,1.34117792173172
3296,2.5636444969945478,10.188316465495264,319.0631552881028,1.487737956982356
3297,1.538579873107217,13.016965054387864,324.26070849985274,1.3523234889001745
3298,1.9077757354150078,11.056474959091009,330.17908174449406,0.5541919132711101
3299,1.5793668951374937,11.620524181384823,341.9039910409058,1.209108304984448
3300,2.050512431602085,11.387900360117223,318.1500873096719,1.2802675300035011
3301,2.3459168620787056,11.366487677908228,313.7375260020652,1.2500881331146019
3302,2.055986189218609,10.541735961775075,323.5563116132361,1.1429736312793581
3303,1.9614837683992312,11.430472412265285,289.92108250640797,1.2800223068710452
3304,2.438372768587177,12.649331112279532,276.57651967053755,1.2470074831334972
3305,2.1090658034748078,11.996068560390023,296.89085025542477,1.3480999936359406
3306,2.2704567985828974,12.504507128506914,326.71315101500124,1.1777024218609087
3307,2.2360349376588946,11.503918002555151,293.76131475286445,1.1509785601834488
3308,1.0508406666282688,12.90284599078193,312.91537999020505,1.8370428705949373
3309,1.974699294145087,11.491638124656465,314.74605414616326,1.0206794916850104
3310,1.6442354252691538,9.891442699474105,309.15250733651254,0.9590239978097682
3311,3.1360209980465568,18.454816585374207,283.2802499621365,4.312739227345938
3312,2.486613415417347,12.76738476902868,310.8259976839071,1.3648863268713365
3313,1.8763141700435446,11.440760987580774,297.8335911162836,1.294557380986128
3314,2.6245475046159825,13.199206267408414,333.9486402674956,1.5280168473571516
3315,1.5354628213106176,11.14930781229517,324.32693386989865,1.220063135146326
3316,1.6423886425084686,12.670726812867333,298.4330177094602,1.1450152363758255
3317,2.2515757181141502,13.74477594215715,335.01752013435214,1.020816823106755
3318,1.8873473984796922,12.03673098437155,310.8430939579616,1.1578433881462376
3319,2.1014180210783464,11.773516913976975,276.58217896548354,0.7781522800490256
3320,1.9629387472979825,11.894328324525935,303.66881019229174,1.1054034398932904
3321,1.9529498414712174,13.628295386951796,332.79972477535864,1.6713086417864678
3322,1.899602097318415,12.402782573791177,291.0627454521405,0.8054767556172229
3323,2.0592328089345533,14.144202677218672,303.83992161269254,1.1335424074305118
3324,2.211740634884208,12.27925138794402,281.8826125980153,1.2033642978983827
3325,2.5327593098209173,11.346203340096256,284.5807395689025,1.3772691475313485
3326,1.93317086333687,11.41649306478679,290.81792435363286,0.9094403966932423
3327,1.870099362440161,12.061607265492947,284.1342298385449,1.2135793311096947
3328,1.8275876863684863,9.958677384030313,294.4893405600583,1.0115288119903085
3329,2.4850286721607246,11.525010163279372,334.55081583651753,0.9603400517822395
3330,2.2278072160475597,11.547202165950232,304.3867663780154,1.3225670608296416
3331,1.3733189692754038,12.239789755418867,318.35386891550576,1.4764150127237299
3332,1.358770168077194,13.94181822040145,323.5566732874375,1.1616164411638576
3333,1.7260808997656318,12.054816488409179,286.1565800971792,1.0377601421250775
3334,2.0759479965379435,10.077340912873634,290.8642889887589,0.9875737372621546
3335,1.9889548540578321,11.086092350123039,318.01891836683467,0.7713587092598546
3336,2.169876922108415,12.262287861870913,294.2171889062697,1.2703780121016413
3337,1.9421036640795177,12.092994759678698,316.8929819176188,1.2620619127977784
3338,2.461148194555051,13.624455522312584,333.51448115764003,1.1653258345575925
3339,2.254796754995425,12.960077298371374,280.25849091401756,1.1346261472214043
3340,2.0256002803481765,12.930115473777716,298.9321192316609,1.1233459263440533
3341,2.377962012076255,11.78286690784749,301.629386663914,1.2374486469165815
3342,1.455860945975977,13.099121036550878,296.05177033180286,1.0140682923833964
3343,1.971925344820476,11.10407687380271,294.6644418866856,1.198177595328019
3344,2.0453790610222353,12.968294309293736,296.6339461492779,0.8661752884814612
3345,2.198672044984328,11.717581096842633,304.74073765864915,1.2607468031936977
3346,1.433995219066555,10.552006594039474,307.80304162777315,1.0856480414041378
3347,1.9140657207314211,12.593236700614874,321.2079843249307,0.8445567644860543
3348,2.1321520627958543,13.397543618614385,304.57298263022994,1.1052200720151877
3349,2.157463501711121,11.593398128684036,324.00897410411653,1.1052717028666605
3350,2.391422847679886,13.56276175024346,294.93939869527935,1.2157406728558624
3351,2.2512967596942257,10.344059085678454,284.5768317606025,0.9606058915886512
3352,1.9799208037072265,10.803206763223638,299.8191814149974,1.140813511802325
3353,2.222741337153089,11.853273958247861,312.86237512772385,1.1901588320896668
3354,1.9335500002669712,11.629236114072306,319.62793395346085,1.3358803346195256
3355,2.0484354044117414,11.332866613940777,329.82397095558315,1.1384610571757108
3356,2.2622847755486295,12.133677718818223,309.9334051677227,1.0227734172625256
3357,1.9850507382479459,11.471409542169646,317.8014420991751,0.8307261166885156
3358,2.1194565942455066,11.641025336197266,328.26924924548484,0.8027951422018371
3359,2.317231893874614,12.278425070350371,291.75280273164395,1.226989992371951
3360,2.2350144040438873,11.332463117528638,301.42760301035435,1.2928834715708293
3361,2.407045712440852,11.893981838681027,352.1055245790602,1.0246813625409859
3362,2.7683879383244605,11.35446095364041,319.55861201914377,1.5171131343463873
3363,2.2319661652077913,10.79437958323997,313.6819052478383,1.098517411010371
3364,1.847773458036431,12.763702174673703,320.19274435353736,1.2580207175608986
3365,2.168901605780534,13.707794440842013,282.29348852413096,1.2909025888632273
3366,2.1547100774418375,13.064571995073916,294.00395071411174,0.661597300338434
3367,2.202458528858426,12.331716081861316,287.7909360488732,1.3318404022953017
3368,2.493355361588333,11.358471557264034,312.1163414350558,1.3013470905653097
3369,1.444243202035278,11.71308127581726,298.7275768965253,1.1852254873319676
3370,2.4995665371388123,13.057021260467328,306.62160431521716,1.1540388020422074
3371,2.610637566459177,9.718513232976585,299.71272379592,1.3375339881292323
3372,2.187463318879171,11.636739775606149,277.3510992327442,1.0210385896271084
3373,4.830282202078653,18.83935111307865,320.0445994316184,3.363454421725408
3374,1.9202572136043654,10.861719617815496,275.042660568655,0.962382994809656
3375,2.0020869166395125,12.423388284245537,292.6300054323877,0.8919703101731209
3376,2.23032421251889,12.376989270765689,282.63697124020206,1.4022042198928935
3377,2.209072289614207,10.545667569737509,290.0444001064828,1.1382819208704968
3378,2.237834210901118,12.086978110142933,308.43159556793563,1.585638987752475
3379,2.2068006286290838,11.38255473199848,325.9953903302479,1.2007305040725276
3380,2.2964686914669823,12.416098675883534,278.4630851881271,1.2722757355340786
3381,2.259594061095264,12.669788685891264,295.5274636888842,0.9294601740731517
3382,1.6619649404641565,12.39893893377315,275.2662470199753,1.127204187660965
3383,2.2746484543576004,12.072592324243097,294.70799556320026,1.161305961008403
3384,2.613333583417355,12.288871272422572,306.22216516676013,1.2057806845964028
3385,1.9912131718547172,10.823934911083995,318.0403186415936,1.0070876638670603
3386,4.432190424999122,18.785299055751405,268.98444622997425,4.39643095179543
3387,1.697292551029175,11.203516753277995,314.35938093871687,1.2447636754424818
3388,1.9901783355285565,13.03153875348705,288.46511984577575,0.8326707532472091
3389,1.7884178099027468,12.68323815598144,284.32475678770936,1.1845037346517868
3390,2.4551430132998537,12.68040135011987,306.1472908165597,1.3390392372736406
3391,2.541357262954921,13.713491555763982,315.66148717645865,1.1636465973871488
3392,1.9672652803711044,11.670022535199651,303.2922695027397,0.9622816082172517
3393,2.3864503024784107,11.45099264778915,286.4167790422743,1.2808870065099665
3394,2.5447067872081,11.646397283742557,303.28332298057137,0.7693399291417848
3395,1.9891367768726491,10.397763592161796,292.67196493050454,1.1004900600637815
3396,2.0428180318930047,10.476416879153993,315.2685520742333,1.4280222789126784
3397,2.2420930719769046,12.621103008968111,323.28108313214415,0.6170657516370709
3398,1.7219624660983062,10.604859869076172,322.1948538450412,1.312503992894476
3399,2.036332206420805,10.92508743498994,304.66427553433977,1.2097029076721684
3400,2.7071197450466395,11.89828012289504,324.085231637558,1.1223912011359245
3401,1.8349955383174021,11.587772397262333,287.6433351274328,1.2209781843972345
3402,2.2817626594331495,12.885652357796067,335.30872765122143,1.349505900895041
3403,2.172855467225214,12.060461305001494,287.54810468423193,0.8832015479417961
3404,4.878335222682557,16.697076396424176,270.48797376404036,3.0065637083242205
3405,2.0731461806600993,12.97163300974308,328.2124189614099,1.1085386476502017
3406,2.5783645750980115,12.728791384838782,292.9277148395554,1.5029274899713025
3407,2.1826870583711693,10.589016562426101,306.9845610025887,1.0124685475947222
3408,2.2342401456762166,12.252266644660033,287.47626320228727,1.1256002898169277
3409,2.5282845577630795,11.284923210414851,345.1812579247877,1.1400536803079184
3410,1.9044945557906043,11.258562207199832,335.97090039097856,1.110566725430335
3411,1.654518079753511,13.86951466131251,331.29141683081417,1.3833374523701991
3412,2.583554639224792,12.124271388451788,306.50208153366395,1.3323116979895642
3413,2.045052188264082,11.782461511486053,321.6718869057561,1.029766574875693
3414,2.2948882805491744,12.08495122529562,304.09811491780226,1.1473633014095475
3415,1.748431368745611,12.874240262829293,324.0774228886888,0.9791126895017623
3416,2.1282136807312346,11.298395524046557,298.01964081741096,0.9113136095553533
3417,1.6380121809955872,11.469150030558998,331.9399750675276,1.4219254181535352
3418,2.0210341471102704,12.656671458146327,297.165170674766,1.4278162317124992
3419,3.096943094719584,16.600453100776956,299.0960546264697,3.8766945832792317
3420,1.710374069478858,12.990771840909291,297.06900743023846,1.268433470277161
3421,1.8999695191092452,10.39482026517644,308.27169020018357,1.2779904745046229
3422,1.2431810878204919,11.754233191424591,298.40067067026047,1.2127833904263972
3423,1.6172321955334141,10.40116712683266,313.2833446765183,1.096485910236045
3424,2.2581966715659085,10.943748338065657,296.82322128217703,1.0259233714710077
3425,2.11472990855075,13.297666858604954,318.44340486012857,1.4883503822710227
3426,2.8055206610626993,16.65178403860378,330.8122393078456,3.896974217013912
3427,2.180798277923472,13.151322299778105,306.3183014445158,0.9360312081321791
3428,3.1862941611004207,17.102686417115077,342.7115833910874,3.797350278588922
3429,2.2382480772364284,10.948943841798338,324.1679988288189,1.2897879230634381
3430,1.9618391057575975,12.339872568831131,341.35002070017333,1.2096923814127516
3431,1.892709360370532,12.715317490179348,303.95961824011874,1.3559356946768286
3432,1.96994900416994,11.200486314901376,276.75519359518444,0.888744984287922
3433,2.844644390699684,11.421078617456079,292.9956671875678,1.6870311750755311
3434,1.7495954985576243,10.868652353941364,294.7296762671565,0.9925236526314118
3435,2.074764359867905,13.65824529058154,288.79856737104524,1.2280983192953427
3436,2.2578516741324823,11.525044200946484,267.6696210129171,1.1337983744942322
3437,1.6824037598006516,12.031292303612766,322.41899459210833,1.5426613711028079
3438,1.4738949136560424,12.083644602222627,273.379674250005,1.3610864074637412
3439,1.801637612822483,13.10562045347381,320.79094782528523,1.0615966720404968
3440,2.2506228563659265,11.04753343536759,342.15434948098743,1.1665300074746683
3441,1.8871388609296667,13.168260834226153,291.76833436997595,1.087793643383314
3442,1.9237350426508617,10.721279284378308,311.58869834927856,0.8727188656390009
3443,2.3005539849263865,13.165720257777723,298.22325104798966,1.5409847035349764
3444,1.7339067837666964,10.284700414895253,319.06029109517124,1.4636434163505232
3445,1.9707107473217815,11.895444348131896,284.69501662941275,1.065271180591838
3446,1.5004324563654499,13.625437221702894,302.75955164696103,1.3947081393945275
3447,2.1058372900395126,12.697256108245655,324.06006448344255,1.5172308181453946
3448,2.075737334607575,12.421242288641249,304.1692009929263,1.3509356730660915
3449,2.262526978395182,10.951584858375828,277.31332930814796,1.081252375369446
3450,1.6220654765484426,11.265198755831642,326.1081080898612,1.170965948550573
3451,1.9366770983451025,13.344395821031158,282.968409523772,0.7589791802737604
3452,1.5781047810487983,12.472339491256982,306.3384804346417,1.3653116256221174
3453,1.9187847935685864,12.890249247000565,314.90495304660317,1.352658510863053
3454,2.4889900648956043,12.07379381248074,307.0374554099977,1.4981902290493052
3455,1.8941515905285857,11.718268515986514,348.1364314168376,1.2471544628274047
3456,1.5492464579991818,12.766661630475431,317.47482798822307,1.2964401511204142
3457,1.7756398425583106,12.25935303445597,301.56004794730075,0.9316467876207415
3458,1.4683858949723203,11.830039998911957,315.2452693781648,1.3391623136164859
3459,1.5723949499936176,10.5859929434586,308.5690586863251,1.0870321704169723
3460,2.221425692673482,12.953908297319575,305.7542800142896,1.2354340746705192
3461,1.5227265316705059,12.440026311639384,309.1443822934564,1.0884565388429335
3462,2.10306843481711,11.393737950852147,297.62052141799415,1.2103495291904856
3463,2.0084950830412494,13.17925273412805,308.6193282817084,1.3646694258406065
3464,1.8245956777991996,12.243812499066625,296.4066506513499,1.1945056707535444
3465,2.075025493419066,12.263398839095077,272.7646636169867,1.169181619356049
3466,1.6905717019154056,12.883895576244836,324.38341038296596,1.3419678197922744
3467,2.2774786522729253,12.668706620305299,295.3873869336117,1.501803460294447
3468,1.7695477014711307,12.293674479130845,307.4035796346575,1.1114703015275413
3469,1.8724989267597274,11.811414946455002,292.0728192592825,1.2142834464232417
3470,1.8332341682189546,13.983664154234528,292.585985242907,1.4194892382464872
3471,2.227526276254563,11.266199179135986,287.33718466642864,1.2659540592393586
3472,2.1796664914579367,12.74597183899408,321.1210482838495,0.7195381736209834
3473,1.1348386152451457,11.916140833627674,325.22526715570086,1.4209489082226983
3474,2.083900168971799,12.454713627463171,305.4408875976153,1.2545727478692552
3475,1.424284365497558,13.233423318370273,295.8768185883295,1.2254635337962374
3476,1.887363834977576,11.688421573031208,276.2178089060298,1.3959368167876252
3477,1.964302572823589,12.601836342133664,318.52233013092103,1.472374872638456
3478,1.8838207842544938,12.265557280509773,293.49852982429195,0.9903194850893979
3479,2.1652703432926423,11.358698505721684,286.00656856859547,0.9104343234673364
3480,2.2376252668062455,13.258098998719207,305.4974781655716,1.062772305934128
3481,1.7447562883696341,12.71118779567389,299.31986325072734,1.0566091480690216
3482,1.7327669891758841,11.565450068488332,279.1930786104402,1.4514940164616308
3483,1.9881300472946695,13.10359377723808,281.52774978972127,0.8930204717257073
3484,1.4905684134131685,11.168580349926968,310.7212339370525,1.4093887767306434
3485,1.842597268188066,11.971065737114868,293.85324729563075,1.3929284724581907
3486,2.444865685017828,11.570776165443885,313.67439576983844,1.3865454821678573
3487,1.502920813480464,12.75131198901999,307.4910322101043,1.3404854391656957
3488,1.8877612714265752,11.520316644466867,322.8082134271493,1.0753682324162541
3489,1.8045407317330615,12.758483116961044,290.8535335722843,1.4934820082142206
3490,2.6617384008579603,12.594460142589035,308.9562030675852,1.3224454492511586
3491,1.8225058017990143,11.624750852586827,315.85066802785735,1.3091894615394108
3492,1.8416624078316963,13.829717591456303,294.35430273964585,1.0837968515060574
3493,1.659847573825429,11.254765350276534,324.16245534581407,0.8033956606663254
3494,2.0030761951771927,10.59098591394324,276.6732792431177,1.0460773248809585
3495,2.0891551281578167,12.85609913666869,290.8400030513461,1.0736713889351936
3496,1.707679450285534,9.850592059212541,276.0373078906725,1.1243007784316839
3497,2.3262785242382487,13.49181682633064,292.4901254534885,1.0339417423318773
3498,2.089450982815208,12.101753876526367,302.3720710575111,1.2301149869385581
3499,2.28112675869251,10.573014925194762,319.13551222344597,1.2964178942294429
3500,1.8917152758128266,11.051535497522629,302.3600642668284,1.0461060786222225
3501,2.08025082919414,10.365911324484987,294.87864677891156,1.0411498176037075
3502,1.929678156691553,12.382882952703543,278.6632124648605,0.8929283476965271
3503,2.4810349113320793,10.673085829007743,284.35896302805804,1.2943371101779444
3504,2.0383671653324504,12.502089030695949,310.2735011587018,1.376496543452465
3505,2.0028888029439496,11.695175848546425,319.9847309401258,1.3757286004630895
3506,1.8487801403230983,11.524635859787907,297.8732269485159,0.9943479921493008
3507,1.8297320019441858,12.509345966861593,325.58724688801846,1.5162128919258195
3508,2.078448284691863,12.623511329628093,288.8514042156544,1.0313812825119655
3509,2.2704638615929955,13.145802872045454,298.3608094803514,0.9421654945712944
3510,1.774095827689671,11.366221663769382,299.79552514372864,0.8592710088180762
3511,2.0417711614681227,11.97019053733907,331.0000344011752,0.8858282399199752
3512,2.0607759320363077,11.36467286746859,307.2722051556162,1.1690400659183624
3513,2.1182599604039516,12.162987475546794,274.42664258261937,1.0571781343520108
3514,1.436526187385963,11.221710314729869,321.1781231894032,1.1704501226648634
3515,1.694838209095374,11.575903269499483,336.3807688026741,0.9882576934855508
3516,1.5492713083597727,11.580999490228937,300.754407724277,1.0087334477991665
3517,2.010851860795076,12.293360944027212,289.74960047421433,0.9220992520620118
3518,1.7026787879361973,12.002954967234578,319.692376049635,1.3578866743193432
3519,1.8362404309191733,12.506301605768721,338.3924988241988,1.4772939649032752
3520,1.6058874271094208,11.893003417854082,319.4284398171996,1.5693333804323464
3521,1.8669319427346251,11.420247333190533,277.4088919911357,1.24839579251479
3522,1.6290458115978064,12.191282897257473,317.82959086133104,1.0868611394956107
3523,2.250109785870874,11.082816056609163,311.8715255922093,1.0052213437030333
3524,2.1581452300325408,12.569157815779354,288.7712845015331,1.266734111981889
3525,2.0495756628865363,11.714534812035158,326.90990338113807,1.052252162285854
3526,1.9003591632054124,12.204519409699536,312.4519695292456,1.1885388529283483
3527,1.3275633671201006,12.220024004945262,327.35429607362084,1.766433632788321
3528,1.848791813586701,13.60154548438554,286.95490544806415,1.1575413434069235
3529,1.7487193405831665,12.381583701562779,311.7792216542054,1.594718311483405
3530,2.081600491697622,12.073218953069771,289.78338922044816,0.8787533936211508
3531,2.2045033657054427,11.307629180139545,309.21033863431205,1.215413889889763
3532,2.1071287786227186,12.802385154930505,330.11283265433315,1.1698627807417104
3533,2.416802642011774,11.72979447958748,280.7508985623024,1.010892900016356
3534,1.8124563026529203,10.47451985407355,281.7269802508872,1.2821381449304987
3535,1.7987739591641876,11.804911777738669,321.2430695011386,1.4312669890000556
3536,2.3424998155378502,12.191489794368215,304.75991282619935,1.613263760105165
3537,2.054851410197584,11.181494302347314,324.9114748445934,1.184123351308465
3538,1.9184904156210687,11.881819694890266,291.27615882563185,0.7240977992514515
3539,2.6093519778152783,11.928517163350898,305.8702400773062,1.4256100475766966
3540,2.190651080636285,11.944092105724181,316.6981899385594,1.2709275737183756
3541,4.652843693077441,19.317638082357075,308.5734032306841,3.1333366240138694
3542,4.659496012274966,17.76487600725188,274.5912954127422,2.2189914950143157
3543,2.4377491816226766,14.033802459185564,352.9841703557221,1.122121829617242
3544,2.0683090168935907,11.967164679808793,308.60951619234277,1.0761538739310943
3545,2.008090583447681,12.580211233952463,282.2129095458792,1.3035379807376497
3546,2.2231712210601797,12.127836266537855,310.34139817318413,1.4086840922642123
3547,2.2904289927618113,10.273976428234809,312.2954657384715,0.8981545955118666
3548,2.181457094881996,10.943422345014124,321.8967007678934,1.0181500630292055
3549,2.2917119399585415,11.47572412036221,320.76146331800106,0.8350685322981994
3550,2.148953538437885,12.993719818116965,301.3646427282591,1.4814208888638045
3551,2.1831138925319746,10.615678864250286,275.72464529318785,1.2949449364335153
3552,1.7585595079016665,11.144262572958917,312.84317154066656,0.7359412969754691
3553,2.5974167809337945,12.164850840278255,277.07892707639473,1.3083752697957123
3554,1.592886702533068,12.472856447782936,325.6591582541549,1.1460677524940934
3555,4.119555735389568,19.915031375254948,292.5431145862447,3.757706595388417
3556,1.5588668708010593,11.015994886276285,315.7943256891437,1.427906494766926
3557,1.9676175161841347,10.402008639808658,293.8451301986544,1.30332751615476
3558,1.811473099503532,12.539059643213033,296.6353937439052,1.1759266051070387
3559,2.0447994375435146,13.433123941539728,291.3835131178984,0.972913845250656
3560,2.112780034848023,11.654698384624314,317.17338595833195,0.9812363826280743
3561,1.6844098780117847,10.855313515515967,294.4371013277674,1.170535567700233
3562,1.99029322986598,11.570119677535157,318.06504549924955,1.0086311457796655
3563,2.459912493410573,12.39406257338473,294.8817639016225,1.2299778001655652
3564,1.566952517824518,11.766856843223367,301.065889707409,1.3278848947642106
3565,1.7181622561765182,13.407193641514812,305.6046039793071,0.8425424659362561
3566,2.2840490338120607,12.924970719404287,307.614967300555,0.9983871324008495
3567,2.0255930883713185,12.184338066204251,289.288526312597,1.0936675116631311
3568,2.049881126842106,10.045677100370638,316.9647300381231,1.4146116180700596
3569,2.3373597750684683,11.30773637115888,300.3872334989735,1.339629913058684
3570,1.7379573284065635,11.451977673654334,314.24631253419363,1.1418563391594365
3571,1.8286193740677934,11.253384018352007,304.7241194148831,1.1986719591688326
3572,1.7879281840659433,12.190821271864925,314.9697163072233,1.1075833886273676
3573,1.8850929943792643,12.21144208103523,298.00719028433747,1.323630999133115
3574,2.442042288032734,10.325925131844782,291.57683247213566,1.3078994886126327
3575,1.438643568476911,12.804598062061151,312.25658998546163,1.5511350956683025
3576,1.6059077923996758,12.016123706326333,296.60652479141265,0.9252236377356482
3577,1.5493245877932509,12.357641413508611,329.7993696456839,1.064689054825763
3578,2.4625590037263696,12.744826334868524,306.15016393759913,1.2875699831226546
3579,1.797248021549078,11.233030280659834,281.6482682774879,1.2241894238885427
3580,1.8921976967919505,13.258905689315819,295.04707879190505,1.5872729186787238
3581,4.100542139716905,17.288280501995427,288.01182282027895,3.697044055413149
3582,1.913412608065247,13.512547226566936,323.2396192664879,1.0980333229213157
3583,2.285952167877849,11.106067564718826,318.15019007859667,1.1351121604017587
3584,2.0834758259300776,13.43824660693089,303.96226396794384,1.1518880148632
3585,1.9644048630714535,11.096015975632442,309.93125295780516,1.4474376727969385
3586,1.4835877766009253,14.54878128660559,303.50944947090034,1.4405977052427985
3587,1.8917758111883693,11.048166236615902,319.6268348616402,0.7864588702207675
3588,2.048481872095541,13.056586720455392,313.8371379280023,1.4082091944469457
3589,1.6726977971790093,11.637605776307497,316.8995869717842,1.46759117870448
3590,2.216114082132701,12.715022383666549,301.7386183369477,1.181572197267331
3591,2.292072620392873,11.959474932874333,294.2634833200579,0.8293369280859255
3592,1.8255459261441485,10.908769624637287,316.3060724454115,1.0885454236779126
3593,2.2395246239446625,9.20316984268758,331.3727859281414,1.2293162657770271
3594,1.9637859328302691,14.507583296192893,323.80217746186844,1.300123307050631
3595,2.3785555339210083,12.073024225615013,331.8881979659626,0.8347591029527976
3596,4.784901518604897,15.479728826253144,307.7545414308577,2.567017346672706
3597,1.6390903909620285,12.302608606464906,288.51015143015616,1.4003618447437585
3598,2.2539298531704,12.689586656529826,290.01981828672393,1.440330843740818
3599,2.4306383068337003,11.284919216486001,328.45268737373334,1.3010840843464375
3600,1.6796754876838953,11.291645462096394,273.3469601282055,1.3933192745021956
3601,1.810210179487842,11.980158152960017,330.5808639964398,1.2133887633026872
3602,1.8064955575843626,13.202594230762175,291.61021061781463,1.3158322125482347
3603,1.9561821912830797,12.099960119823027,337.697629462053,1.1302148552501587
3604,1.8823993829471948,13.463225304342485,303.79976954142234,1.2045642498249878
3605,1.934566085941823,13.13121917253024,317.283703978358,0.8582988715309393
3606,2.276536148331796,11.77121522573649,345.54578877052614,1.2918402428217093
3607,3.345921610740257,15.948584588023351,299.3874873820539,2.3642913553188736
3608,1.6786151708583459,11.773329161203646,299.1021386072223,1.308241902405612
3609,2.221076265149256,12.52648240039502,293.18773361574097,1.0425057159113258
3610,4.333476787526463,18.22061559958801,287.9696844236167,3.769306123224438
3611,1.6506810759689812,12.634424831691295,299.3929865390006,0.9850953565040395
3612,2.184701643600211,12.86341997614972,295.56770533990374,1.0204294747507539
3613,2.437866095750526,12.530858553415886,283.74563160975214,1.2924647489169292
3614,1.9838212502263817,11.724671445947674,301.4218211609745,1.25102861285563
3615,1.6673728627189175,12.519883474992012,312.64637168033966,1.3873555391543944
3616,2.2887349045837015,14.23548423152894,289.7696081842144,0.9216733312094949
3617,2.568604992220388,10.510120439328988,302.2383533196477,1.0002266511127123
3618,1.7075736998649438,12.487287466891459,328.91057606760853,0.9579568810453265
3619,3.333834902125438,21.596493943839924,280.8679705998989,3.2255495019408422
3620,2.3597513595127166,10.82541000391556,337.83834331692236,1.4936068309519535
3621,2.0380683759378515,13.001100091845915,293.54159925949295,1.3689401241689125
3622,1.4233922101073317,13.134717244566627,308.4153697202731,1.1068121102493846
3623,2.1463278471993137,10.523153845091137,326.74577381684094,1.4553371573136131
3624,1.6769931500134434,12.712361714418192,331.93378364462154,1.4207864522888776
3625,1.5806615423319754,11.72868409883887,312.98695196142984,0.8831031684863495
3626,1.4298431629746875,11.939554203490147,293.1934061978255,1.0955024016507433
3627,2.3928344067446745,11.6750452747803,291.69220836290225,0.8638257296372355
3628,1.7245452647242494,13.312689091434631,295.22682888457666,1.1297263638544743
3629,2.1100009394817976,11.887878979600572,337.11736123889574,1.1109845529572442
3630,2.191054962091203,11.536686465349367,298.4865263965935,1.125739208514623
3631,2.053400266639016,11.55362448665779,310.50166601515093,0.6964225061870306
3632,2.0978683573914108,11.65901004411091,287.2561271353693,0.8204907067075413
3633,2.125745868841834,10.920464480069464,285.3421537525441,1.161834429754119
3634,3.9068178688207933,17.056424482977064,305.44866780886656,4.84818777685396
3635,1.7491473602757122,12.117669624703419,299.4793461682333,0.7350525098051237
3636,1.7197187364899755,12.404381419982512,300.72100380793376,0.8924793001718083
3637,1.9653560904219443,13.204039057842806,279.8558130949097,1.305226752275847
3638,1.9583658641438246,12.240978899541757,303.7507163594644,0.8562040653388366
3639,2.1416755117007695,11.52553027040313,331.3375928327691,1.1095047762209378
3640,2.363544522164503,10.988960006185042,290.49835400487177,0.9180333879349769
3641,3.7212174469371195,17.817409799144613,320.2563985318079,3.951635444339528
3642,1.7324083726913369,11.882629219242162,246.10582241199089,0.7409987608928426
3643,3.566476145449263,18.34770133066178,291.36013167786086,4.736546982659915
3644,1.7462507220598231,12.262529517148097,272.5233588722059,1.3279822771898713
3645,1.5563181806962465,12.51938908124473,326.01546327869744,1.3440549261991326
3646,1.7589771732209363,12.26973522413647,319.9392213243621,1.04319456775604
3647,2.07995140632552,11.829481896755299,287.4163344077735,0.9642267524197535
3648,2.027848867586763,11.198618195956568,309.9177115704446,1.0539015418942548
3649,2.6131986135896095,11.387215231123964,325.4290602979468,1.0752575580603867
3650,2.1594169121871216,12.84825982512543,328.0722587226177,1.0957550435393764
3651,2.630025203493852,11.576413761603279,298.1015587634553,1.3295224964212466
3652,2.235996003316676,10.653957207562538,267.4494449456785,1.0509404991328206
3653,2.3582832252906614,13.159574681512233,289.7248205701304,1.3796569819988833
3654,1.8815622503650837,11.05762150776918,318.0244581137121,0.8946003255648862
3655,1.6454119365013338,12.035247103807022,340.6812009555925,0.8370767873095883
3656,1.8518432360357098,12.491163085209452,304.07647497328503,1.0085453899274899
3657,1.9960830548762605,12.003218375537777,294.6840296428873,1.124809040714982
3658,1.792707568278343,9.521862104288466,345.7891452891831,1.1052958430451343
3659,1.669622999924619,12.390487996606726,311.89745512940067,1.1374399533619297
3660,2.1375564384988506,13.326463250125412,284.12794389977944,0.8864585971358316
3661,1.6682189351549068,12.786532227999857,302.97857045859763,0.9717407819846217
3662,1.493947657120885,9.876006018004531,321.9987699936056,1.1611059275346458
3663,1.6297115824137933,14.127244323002701,303.8036388665008,1.0715709123624573
3664,1.922662688873128,10.674148448065692,318.5041299564221,1.323325370106713
3665,1.6729966944377073,10.921580540355455,277.7148747610645,1.2190804910428321
3666,1.9247303319048916,12.781877593537292,280.619039577108,0.9969999257029247
3667,2.1981466207421394,12.452841450892317,292.5074472495575,1.3433451031803965
3668,2.1895662054649057,12.080335105239808,300.2027123845306,1.2115356323906716
3669,1.7819274500005273,11.430593757803557,310.6771299548185,0.8579757743401932
3670,1.5696992762771467,13.330856728229817,315.82492416210397,0.5664638383828999
3671,1.8100442565007615,11.96067414981836,346.92393481337,0.8571246571965274
3672,2.2163627872285714,10.434182990375447,292.4445345167397,1.2480108942113604
3673,2.2934347555847077,13.232299949978463,299.66218701520296,1.3316814635031589
3674,2.1164536739410065,12.219284992967175,292.91886086891043,0.776361981129162
3675,2.3964738968284887,13.11500670728797,323.3496018498078,1.3291876046912572
3676,2.570636699474393,12.572548623455825,324.277156678699,1.4260362393600206
3677,1.8405347837172559,14.391622746205687,297.3898561736564,1.3947744293304392
3678,2.490565873815542,11.690029728207772,340.1176791474589,1.4392848526642545
3679,1.9140186581387246,12.016093241321219,292.94871705814137,1.374960024112407
3680,2.336550070095821,12.719830643959792,322.50860403163165,1.267898071124813
3681,2.2338289146620114,11.696207714193292,329.7268835370077,1.2248834739859304
3682,1.347570721646634,12.802637708830291,281.85314350692954,1.2964547397644746
3683,1.6811450454741592,9.052586934012325,314.8197489504154,1.3270857315327198
3684,1.5969749876175818,11.927216744174324,258.67421729865845,0.9342247354654893
3685,1.411924479563457,11.897007531333543,319.01161004577045,1.286680861243775
3686,2.2901739445205664,11.860784786511863,286.27270104801386,1.2601812768736822
3687,2.6826947121896216,11.123073051491554,314.6469834379402,1.6706076556845468
3688,1.9149680734493124,12.906122838546299,317.8348073555009,1.0088952301928937
3689,3.3754203980222277,18.08517445064363,324.0423541524569,2.509772359983899
3690,2.4899263548379458,12.200274400071986,320.1336609511505,1.209381537022676
3691,2.0687494610603108,11.962836360285646,305.95021487167736,1.3003422100736846
3692,1.9916466885780368,12.500364207853798,298.53189931034035,0.9397728410959106
3693,1.9189229838451096,13.430960798903888,303.7353813899559,1.2492698734487417
3694,2.177394431127641,12.195103855213368,286.0279742515087,1.1004430920063613
3695,2.2886490365107517,12.841397026381493,301.40130485885214,0.9146370878805115
3696,3.176299024647146,19.09506537914989,300.05817397907424,3.351388466123513
3697,2.1410628150195663,11.49399180607351,291.6002856047866,1.376679449228387
3698,1.983103042601375,11.858442463440058,275.39971529243843,0.8963360305151388
3699,1.4743250067259837,11.716457618577188,283.29208600072775,0.9744637155278144
3700,2.2962464082896767,12.568162131919536,251.44810364151823,1.2341609039962975
3701,1.5760737105271,12.106652042269184,299.76605373782155,0.8758627488662045
3702,2.204397261888321,11.205735417437998,311.1284770210949,1.438573501393343
3703,2.249393094497675,11.778037735886798,259.3963739544014,1.4461941606410993
3704,1.6236574055180601,10.474083300923914,309.02415125724514,1.3954689895645573
3705,1.799425739100299,11.815396811349583,302.91793926115787,1.1226962234193
3706,2.7000866019586156,12.001305867904248,284.995152050803,1.7368075087083032
3707,1.973770861503104,13.80844820038594,297.6695114711165,1.3695160345086639
3708,1.5973294871066088,13.348452060844476,322.8636708086946,1.0939852267236123
3709,2.2642901491053036,10.965925402353616,288.43878596758736,1.4310737608085766
3710,1.7450171821608502,12.201769419331779,306.34046828777923,0.9579753668789379
3711,1.3662270725901484,12.219310314122081,310.89213038559996,1.3096276500214037
3712,2.171523950855334,11.76956264723521,291.02247579077897,0.759547895927019
3713,3.7740697868595663,19.371820140738883,322.1406070950513,3.4632419353421233
3714,2.1059921529334047,11.646050256707804,311.8652960613553,1.0480635892993848
3715,1.7318122874262198,13.872708486883306,300.71751404795725,1.0541532941053426
3716,2.233377384108996,11.583815746566057,345.1750880225975,1.1006374709913176
3717,2.0605544471199586,12.340937143599268,322.21383343214757,0.9863643916798529
3718,1.1455611656435363,9.470969866270833,276.3352649433068,1.5609755758812986
3719,2.126064138432514,12.823568383399856,298.38432412407394,1.3665669618524392
3720,1.9043886616179713,13.184254807252437,346.9329243322156,0.8932971835893061
3721,2.467516821922966,10.947969970899377,288.3029149022038,1.4080201094116642
3722,2.130418590175231,11.488113249911581,306.12767447813684,1.1535940281220636
3723,2.249532088438495,12.45150352012638,325.92688740264697,1.213430369815228
3724,1.7655215356630947,12.019460694412446,316.0894669909872,1.1279459206164977
3725,1.7392776422300722,12.466369590519223,318.53997887725336,0.9986651902577549
3726,1.9915357207500135,11.712758935425231,317.53905326478394,1.1890171587774985
3727,1.8809966781580296,13.863265387051522,305.4316763531564,1.2125481696625464
3728,2.441542987229327,11.33025986786099,291.5306553234714,1.0607814612916742
3729,1.949404710621302,14.691574713048215,312.39099127232225,0.8338842179080337
3730,1.5958088225053695,13.241923917349137,298.15279733943186,1.218351306973135
3731,1.726898298482742,12.832115287384322,296.81702958538153,1.2971865832014766
3732,2.3184668579226217,10.9595223656427,330.202022081322,1.3638991165774719
3733,1.944805076393234,12.909682383694973,298.52306814319365,1.342553462012417
3734,1.9271651165765789,12.603938430680614,334.0042168409127,1.177567217375044
3735,2.3498618978418726,9.880389597327074,309.3650277995297,1.12324753952243
3736,1.6981281476743713,10.595399692778775,302.29448856494173,1.156067603147059
3737,1.2623918215189809,12.357627926415496,274.1014506935477,1.1886854564773688
3738,1.7185540067023082,11.866700278334191,341.03754737495325,1.0125822551413917
3739,2.0798893992202925,11.483521790449169,304.8985175606746,1.0933079088158728
3740,1.9176611982884304,13.078949194455461,266.39674349343034,1.0508756177393257
3741,1.4850582253721372,11.116220711580675,321.79133574640304,1.2828041780562542
3742,2.3352996453460118,11.54475905698394,304.14673919536926,0.8947365800120799
3743,2.0539539922078682,11.352970211983044,289.1674673143039,0.8715109802858174
3744,4.9434854200753975,20.375135834986253,320.83011805226613,3.6969898571847413
3745,2.1384713857285123,10.280541800178991,261.6715492504024,0.9452191465909199
3746,1.5714869988695346,11.502328148149596,292.86038169645445,1.0786100988513692
3747,2.099950042421732,10.277234779337313,299.91015932462454,1.125200952134345
3748,2.299459748456662,11.687124524758104,319.48719510088335,0.9693617650875088
3749,2.376302376022316,12.72304900975752,343.0842762604356,1.4090601420001772
3750,2.2380168972542744,12.74089649524711,300.83893017760056,0.8837582415899059
3751,2.1693327873353683,11.27240166723253,312.8190513116292,1.1180824253944386
3752,1.4266509826257634,12.53332195291593,351.72260101148356,1.1540950333498907
3753,1.9950715645834347,11.814836577755061,305.080525734197,1.1312525585691804
3754,1.6843304646859727,13.361084973078409,312.9593839523959,1.0622884256809275
3755,2.423115401042298,11.870037138526051,283.9650245424059,1.2062661453812762
3756,2.3730252324844265,9.026952637716779,338.3058417479134,1.430527834084608
3757,1.6863254924623363,12.894681008710974,292.87940213694395,1.0235135623913694
3758,1.9848271993770148,11.54090080076091,309.56571201806094,0.9609886560874323
3759,2.082008116357345,11.725800047850566,309.08400838103654,1.040989527100862
3760,2.297261114971381,12.335923472240502,306.4507514742573,1.4495896618506325
3761,1.4470459775437403,10.575292086925263,297.61666747564186,1.2716215170308645
3762,1.2708246364335813,12.07465357487865,309.1025461651124,1.6764924825951735
3763,2.012589008577471,12.534496994885517,334.87490707857506,1.0647159750285844
3764,4.053747967297462,17.370276626003346,343.77587759052074,3.856703410562765
3765,2.0523288952379812,11.40106874896658,302.02257114328734,1.183176065297307
3766,2.195428565282305,12.991931963521244,297.3591240868085,1.234592529601066
3767,2.407906369748165,11.002504050754055,291.25100473373413,0.9160066863204659
3768,1.7945524770855223,11.374478367621666,350.6643053083293,0.8093398864129295
3769,2.0531899432246017,11.863998564472855,307.1901932710459,1.3157943878429867
3770,2.214998247087907,12.29546835927185,323.9557236826989,1.3402133154786022
3771,1.612012397223262,11.67545668164401,316.84323090174576,1.6776223631300187
3772,2.3020647732580275,13.228586899001593,342.54282887760604,0.8593801365956819
3773,2.0905329673251245,12.295286213601152,300.7890952725986,1.2022415390350942
3774,1.8002027108670826,12.075657963699868,286.17983874655346,0.9199855588448098
3775,2.046655588834447,12.260136159123173,336.61067977867987,0.9532293558947423
3776,1.954019619890686,12.732905930961701,320.3562095589049,1.0008615676338084
3777,2.2574244035817954,12.240774893141017,312.7568127394613,1.2175567487911414
3778,1.8810481702515123,10.190483166850917,331.0982746490369,0.9759674988182587
3779,2.0749398628150235,13.08950886402887,313.7266182543205,1.110213147898097
3780,1.7950925660094068,12.119675208076098,331.68831174087506,1.292438822532105
3781,1.6905118632317282,12.684852807221747,309.1920622236531,1.384980065557659
3782,4.3859408837398295,18.278152957101895,320.333130019932,3.340564356305337
3783,1.704066669883872,10.173283453913092,313.94865253255625,1.244671068550822
3784,2.2641914961781118,9.721090380125663,299.4701765044861,1.1149474950573612
3785,2.195436735618451,11.05563221064223,301.50836246326264,1.0098948423410863
3786,1.7475122294065173,12.51729423685755,298.3213423397268,1.2473273522653454
3787,2.0705475425181503,13.297890954964277,309.51328062037766,0.892903901296822
3788,1.7459990328897745,12.301971225275917,297.25135909122537,1.1638259690905772
3789,1.4705767740854467,10.947772590625835,312.41029258976545,1.0586436905696597
3790,1.8029156947424778,11.215875856356353,311.8323266334351,1.115826541156517
3791,1.9833954463400056,13.360783098651176,308.48762027074133,0.889428889647036
3792,2.172064879221466,10.68921912945845,308.7828173855328,1.0382432124101424
3793,2.049328377055212,14.101772881514364,295.3753068184298,0.9663180362481705
3794,2.2995326229593154,13.876037525824628,300.2064017466567,0.9963146652997783
3795,1.6762151634325306,14.134722069869886,276.59964995778216,1.1475273010268863
3796,1.8756895319889872,12.380701487484444,302.9622211128648,0.6248206168141992
3797,2.5426410115828872,11.658475182401505,288.24120908794055,0.9220689865004885
3798,1.3627435825262277,12.356346266151537,306.6974913233133,1.5125218875974575
3799,1.8508550790444218,12.908584951051942,292.8536849189711,1.1432871671188363
3800,1.646406997238326,11.349224094209681,270.13856242636933,1.032844045165271
3801,1.9355185265961539,10.89879676217384,343.29153065436407,1.2973585460702954
3802,1.8566323291460816,11.716063505969338,301.06570065312343,0.984908165217504
3803,2.1987112945697276,11.227692222467633,329.5999836486229,1.0085427676271106
3804,2.0843218176051366,13.24088647865036,296.04117512433237,0.9477312497131588
3805,1.5691462012696076,11.383570486270685,333.86797921324023,1.5964174515907854
3806,1.8059065158509011,12.095641466597343,285.4211363218897,1.1703771608796973
3807,1.9999613737885236,12.983040520607842,307.99253678954443,1.1391421757614668
3808,2.2439956917328745,13.27984231034584,286.4310798659918,1.230191213626424
3809,2.802875573944376,12.208559281854722,349.21263420667356,1.1291157978637163
3810,2.2319226103552876,12.384296236613253,300.76255492944586,1.0145469266092153
3811,1.6658750262186697,10.983009372496525,319.0836934002481,1.2602138611332248
3812,1.969031065718265,13.023056646923903,312.6598162474203,1.0997729296245478
3813,2.059722144361157,13.263523242297268,304.5662343446496,1.5432951154710464
3814,1.828601012786638,10.129646927580879,313.8012376979114,1.0111758049344282
3815,2.1551850759583995,13.762945820535622,328.1059399573093,1.303567702218231
3816,1.2504455608278393,11.299340533129685,316.35950082868203,1.6095366095974253
3817,2.18253937503824,12.594630888135274,307.7617328457418,1.1492229667651885
3818,1.842792150597944,12.077561724815888,313.82848994563193,1.1802035592946358
3819,1.9637972735404767,11.939624153889424,337.5556576540573,1.0427725153345677
3820,2.483688569878745,11.793482021723136,297.9142236576566,0.8504181930769124
3821,1.5836993320490558,11.007436667976444,273.48392262098076,1.2772865929598858
3822,2.089997361939264,12.523828010647978,286.3594834990304,1.190707381546276
3823,2.2619941210721275,11.713955331244316,287.623900367872,1.2596864909119236
3824,2.0562110312344792,10.69057767867561,290.0182461816536,1.1145782675734959
3825,1.4673165391783418,10.964995311550965,290.60258131422796,1.4700062507335492
3826,2.445630887009438,10.707553736308617,304.5988072224665,1.0499258705305845
3827,1.9302531633659026,11.475409449697981,309.20610479119455,1.3966935868180528
3828,1.8259115194742506,12.485099308432359,309.02341933280076,0.9212072002320698
3829,1.8975406488763364,11.28888194940112,292.5852754700718,1.0849408704884675
3830,1.8738916909681573,12.975441556736623,321.8963011525117,1.246034800214613
3831,1.607240707992574,11.880785520582636,314.0857489702351,1.0926504951477054
3832,2.054433693405515,11.71059507815863,331.88224683677714,1.2516380976411672
3833,1.8029131073883797,12.016765430296068,319.39493768759417,1.0555257226945018
3834,2.2213931298094436,13.395154931756322,299.05796010399087,1.1540158544593708
3835,2.1708065128930096,10.628661308057692,327.1933011617524,1.08186270520962
3836,2.5364709058820574,13.656366971419144,309.65096346731855,1.1630734553128275
3837,1.9301610626870154,12.960160108924635,318.56563652096935,1.5532390644589862
3838,1.7349275821552106,11.978343504962602,317.24730548985474,0.9756137793702706
3839,1.514985029399604,13.183025684770113,302.8865628342444,0.7886260763490613
3840,4.888724568943232,17.803578690086617,306.7555964673203,4.351501812996041
3841,2.218495638850324,12.285678375326976,302.7666312550786,1.155858191117333
3842,1.771501426010669,11.458585492458267,290.499913099894,1.0570005707793333
3843,2.558741179458155,12.966475163885294,268.5401887747537,1.4972739891914932
3844,2.4475335866823906,11.292744394764332,293.2053056029607,1.4206142729844728
3845,1.5540784241898047,11.948632210998259,308.38581615992854,1.159606328731821
3846,1.7513532912222893,12.679138818325196,323.4549429468033,0.8018860326244359
3847,1.956332801097078,13.048189641488182,318.5318298036212,0.8445524241903404
3848,1.6468719183193525,11.178844958231117,300.24657738519994,1.1708731779492894
3849,4.507713888848494,22.216962698106627,293.436997225055,3.2299084438465697
3850,2.23494744232513,11.01801491887382,301.94213874802097,1.0606665496496612
3851,1.546823916753643,9.849669174391071,288.4248901191663,1.5115890660583742
3852,2.0966901808313994,11.251936352769214,269.0404163350516,1.1743630027600631
3853,2.3856043318927926,12.834659976076317,278.7325413754293,1.2013218206064975
3854,2.1320726789592723,11.987783121022153,328.3706030887452,0.902660255526521
3855,1.9750466029225697,11.465002028243807,336.5738433924543,1.1367335885134802
3856,4.0995947152131995,17.952370074582724,317.8169965568337,3.846803069436282
3857,2.274177817792786,12.022399673016755,304.011405370748,1.1943349007071098
3858,1.6116163630241482,12.621898548864326,281.31933366494934,1.3389415122220933
3859,2.0801212976613903,10.388290075574352,302.26075556607725,1.283604773527689
3860,2.008420191907594,11.897647043165481,315.4012672104531,1.125822080062757
3861,2.3714516386492037,12.124277271541525,319.10798163239775,1.2879299041045849
3862,1.8076929088472662,10.634629836145743,316.709787013855,1.0205327188841002
3863,1.8357471820752713,10.620917578765365,325.56265715075153,1.3432408242546465
3864,1.5901845926916303,11.63529158101761,338.03018849159065,1.0267034204336258
3865,2.144303810618135,12.008524283270125,298.11462002041804,1.0714169558155533
3866,1.8601407717993579,12.012046025055529,352.6903048177527,1.3594511171020378
3867,1.7155155875009491,11.443651518656754,270.6610616777539,1.053844971463904
3868,3.634103273401209,17.926901819057896,291.7687054255617,4.505817196056105
3869,2.17724481383276,11.60482367852073,308.40000430805077,1.0373276991580485
3870,1.636023035091389,12.298521761348743,314.33344068451305,1.4604839789526447
3871,1.6653252315567046,13.244621006793318,301.91219388664797,0.7152972122567951
3872,2.2957992704207366,9.77960311355588,296.57197902430704,1.174726905003468
3873,1.945180209976274,12.623002121301825,342.4439520380844,0.9750625243344991
3874,2.3152968783748213,11.88884833880652,295.76011620638826,1.1281086950095554
3875,1.8814125809479754,12.525722281098835,287.6706426930826,1.039010241749256
3876,1.9996284531991115,13.185543337260988,333.7440360989974,1.292096735933034
3877,2.0515787597389514,11.244873924183425,319.43559574971323,1.1124110392028541
3878,2.457804468158452,12.944304677897247,323.610192769711,1.4320496107912328
3879,2.4309380326493892,10.745957135672072,308.32981103878404,1.4719649988189736
3880,2.3805682226034706,12.127599232767256,281.6082262559256,1.195775347792725
3881,1.7924897729213207,11.757483230664016,306.438535152154,1.0547979380322883
3882,1.6743462421035382,12.046279468007388,279.26731088990994,1.2411880091542176
3883,2.2510611828100995,11.0109657151505,309.1192201151105,1.2531170554355335
3884,2.4543307017592695,12.436883456050202,316.10784987426695,0.997320007589633
3885,2.383730181599183,13.58628726551478,323.282134688909,1.2385070500963304
3886,2.004306254920029,11.028143129183622,303.42940230338456,1.0492995720910887
3887,2.2401768198084695,12.189645521663223,317.71752395456053,1.0516949481513926
3888,2.2459779255180927,12.855873121079014,289.63462581428,0.9993241911712882
3889,2.0491511211552034,11.70325927183455,321.43273477695146,0.9763537851607387
3890,2.0634832961632097,13.360392921556658,316.4678249133586,1.3536268501550373
3891,2.0324044611449255,11.570311658581286,291.3956208461285,1.0278525245292145
3892,1.7399281440179624,11.883705296801205,314.0161649408038,1.3706868712837068
3893,1.7736026956065356,11.006845803573428,323.5252605710301,1.1579838747580766
3894,1.7685081807018193,12.126590357069789,306.336980711088,0.9066819221762604
3895,1.4722518636617736,12.00302294549897,291.0172853088599,1.310834832420369
3896,2.047143776024975,12.635901244844867,308.0218486861204,0.863794060161127
3897,1.9866107869636054,11.363793959577706,314.39166269702804,1.2215402745946855
3898,2.251448164775622,11.318004375449426,290.8896693395319,1.0976455609443347
3899,2.416036703383107,12.462492117899982,287.8700530399236,1.3783500221276808
3900,2.437017140399355,13.397190490074564,313.8675798115514,1.5051192382216636
3901,2.468093601242218,12.629010247630983,318.99640518017526,0.8887801775509568
3902,1.7501632609946274,13.847412248611144,341.5458749116349,1.0464702914470867
3903,1.527453438264236,12.555307471221953,316.31735258000316,0.9965541565972107
3904,2.3071453807615927,12.519292855854369,284.44561108340713,1.5901419801136218
3905,2.4561040346062972,12.67929288066992,339.6763201515254,1.140916673220228
3906,2.5134775075794407,13.488170755779164,322.93478151565006,1.0004462227671886
3907,2.160048749198484,13.237570066117186,270.91039093163636,1.5639493994110825
3908,1.341087697290803,10.91512176689123,287.48506979143457,1.223967994054235
3909,2.1206511229330856,12.800581887610072,296.64350684461607,0.7846530169765384
3910,2.1832954864101053,12.265356505798508,319.24766926674477,0.8891504383241567
3911,2.4131847570153346,11.805964984111073,264.54926560489565,1.2344856561082702
3912,2.471777469014467,10.22707084454258,302.9750889265306,1.247145353513396
3913,2.3001790231171606,10.459839089739722,318.277830542743,0.9886660969170185
3914,1.8061979635623677,11.635532779886901,256.8200889363451,1.026277170912611
3915,1.6603912861976227,10.535408491565256,317.69489312790216,1.1821233337876187
3916,2.1762071800993814,11.656243181246086,319.73803868216186,1.3840329053311538
3917,1.7385030135595634,12.714341252761956,290.6069068786792,1.2090518059231057
3918,2.4867952452579822,11.419043676543843,285.3941164384054,1.1342879880475758
3919,1.4374955506738658,12.083462602751236,290.3410095509831,1.2504899603577755
3920,2.18707258209024,10.930048041720934,259.57433596777156,1.2756395998087884
3921,3.7604536008801914,17.582867577932507,299.4547717999481,4.130471136133479
3922,1.9317669997147162,12.508135391469565,308.73313634780044,0.881964838075754
3923,1.6947116294794353,10.577065742985859,284.2712744460171,1.3806065216421592
3924,1.3196138201937893,11.248113703402012,321.52484290349327,1.3244580517927336
3925,1.8246285335960144,10.732829732592645,306.7436420711412,0.7942228275535996
3926,1.8304185501927845,12.50921479681785,309.42030171860864,0.7533829353414625
3927,2.3668730974199903,12.16400656054818,298.1660567309666,1.4502843644181742
3928,1.7416576393675585,11.95028820576442,317.63174711638067,1.4320507490254184
3929,2.1494143024760515,11.87171846185868,326.93953165955,1.0000247694862332
3930,1.5735608648642074,12.32283543543259,298.0721830779928,1.170318278508505
3931,2.158481904047584,12.342851492011405,317.9375401052143,0.7591004477319905
3932,1.2615588837790597,11.504422506186458,318.1244667830772,1.5904912640612456
3933,2.6914477387171294,11.364403196129585,312.10380036730595,1.3907458880330343
3934,3.696117286890789,16.854785824799617,333.5099212998107,3.151064646645429
3935,1.077814760948327,11.810265102000269,292.649675564089,1.6682120329276615
3936,1.7631426730652409,14.06068222504932,297.83367864437184,0.8568957126475858
3937,1.711031463081664,11.616105327628919,291.79169060183744,1.2632710815182857
3938,1.7835800164841207,12.289665312114378,317.3253679605977,0.9124780631341148
3939,1.8796683393863818,12.465926488283149,300.367733499258,1.17639125297811
3940,1.7813363394025545,13.400524290614191,293.1722646379035,0.9990380590514206
3941,1.7305840145674898,11.188815408253864,333.2735096546572,0.6718628448311237
3942,1.6176346258403815,13.33964782914167,335.7615988390328,1.3898782943878536
3943,2.271190509897919,11.852604425679159,299.4122205935531,1.3557843392704128
3944,2.3963747530279615,14.501345229646402,281.7540628093267,1.0930533524502621
3945,1.915990638332025,12.362602219226149,336.6797966559322,1.1592607042461298
3946,1.994179905489349,10.771070870649133,313.0024191416897,1.1876565918660917
3947,1.6283108161364492,11.802841327357115,312.1522803854197,1.2797526570553628
3948,2.02343683045102,13.336269357328254,306.78501716312473,1.4454602566203094
3949,2.0758880415107606,12.081541154411227,291.39459861208456,1.1869302048275363
3950,1.9275984587944381,11.940374592402895,297.9741472490422,1.0317186040669424
3951,2.130704742663918,12.718997163867684,316.52124072144267,1.1961751451759475
3952,2.101873898076838,11.655002309332446,297.3914738709192,1.0204449390130617
3953,1.6521340016001087,11.789266824217064,312.3607199802764,0.9619158669790668
3954,2.393705679530556,11.05532549006845,305.2272148116661,1.4400506485505977
3955,1.9314767342562402,13.728820780966391,287.03292132297463,1.2097432690829002
3956,2.5529386286326052,10.777388720752468,332.5592209277046,0.9172355920702489
3957,2.1387387945083445,12.169466659763488,315.09855976855323,0.9752009472060088
3958,2.650407933022705,12.479884548081934,310.62101049029434,1.5138070943078459
3959,2.3878388258711274,11.986348880081538,314.4353607537597,0.8804948348939898
3960,2.074972577286484,10.746137204510177,274.52084095229833,0.9528983116533024
3961,1.7613747340155241,11.001235972288868,296.61594676508855,1.6676059745176264
3962,1.7684827333260666,12.522516918356619,279.03589081274373,1.0670153745152489
3963,2.175901314044232,11.220120691403846,307.1196657364524,1.3357223464316144
3964,2.047231607651003,9.927982777511534,310.54050747537343,1.4014765110032252
3965,1.8056213421229417,12.3869783227891,307.40276002353806,0.9417260129475946
3966,2.2749097827113136,11.127504620044219,325.0360156067113,1.2001297985102268
3967,2.0127945390174906,12.63121927357025,279.54501235856003,1.5118655784960404
3968,2.2768732390492397,11.798378701775714,291.4127334697063,1.2394333974059193
3969,1.6780948779884861,11.750187671486197,312.04391599114865,1.6373499408161494
3970,2.3298256504426957,12.052238183017074,309.48692317322417,1.04006835164565
3971,2.1653285378846023,10.861506669939619,282.63767754096335,1.4763662012767245
3972,2.395197989272428,11.174546912402388,325.3410077556482,1.2001672971108501
3973,2.322552065236392,11.740075951245338,331.23477608224636,1.0990086841671245
3974,3.9323036622599057,17.95420473761874,312.23497912371124,3.1105267987161227
3975,1.9454264015877059,12.713817659461643,279.34578622448515,1.0795548395881216
3976,2.588400227555011,11.69262101951191,307.7153291716046,1.2977394395538957
3977,1.9041124051039535,10.550563398349093,310.78582362057307,1.2027390709556058
3978,2.2469831206164885,11.440971021210972,300.3786806217439,0.7762736016977729
3979,1.8741422925773852,12.101202564921907,327.90315867737877,0.9500896636764655
3980,1.3855785835545757,11.553909546488113,303.02904276915996,1.4785870918304804
3981,1.5949780977240353,12.39981588639569,340.7772200189603,1.4000125839355868
3982,2.1339538920044547,12.574036349512637,318.31299264707013,1.182570601693546
3983,2.2313734608696842,14.401700275953115,309.69336220935463,1.1883649906419218
3984,2.135040425042653,13.150644201360725,320.64726552800715,1.1917746927256676
3985,2.3781633354598557,10.363629655636663,331.02504964324,1.3802243389743556
3986,2.1291158512272625,11.639767515001326,320.28388429654433,0.8250903591117453
3987,1.744172546909752,11.733358707552034,303.71080471637487,1.0386827671585124
3988,2.196119719886342,12.57507092242464,293.7813554566247,1.1089612091017949
3989,2.0559706271068876,11.066413929298289,285.92417526649865,1.141100220021542
3990,1.810065858366652,11.468747835801661,263.507775132496,0.700438736188155
3991,2.155931369484064,10.755588124090679,307.9619674650572,0.8635963331723696
3992,2.026192154785757,11.397734276508492,298.4096161519787,1.0970932427447184
3993,1.8003498182071753,11.435034452747923,299.3198148208048,1.3273414646357773
3994,1.9413042947242165,11.686994187143608,322.49057808367024,1.0183280259611132
3995,2.4664771547289064,10.813487263080242,303.0947673192574,1.1015345614363612
3996,2.4556929793029836,12.982025739400893,337.21676202018034,1.3344804660332255
3997,2.0620875659592786,12.472213862833385,295.25730286383373,1.0367758224383428
3998,2.018898162102804,10.55117022728555,288.49383023884934,1.2764011208398316
3999,1.5270948242029325,12.025972939167428,283.62018163604,1.1943912185583345
4000,2.5673904874108735,10.434745120257451,317.28676798085974,1.0765546465489726
4001,2.341992822831429,13.342255726026632,324.5752629491111,1.4566338912828798
4002,2.248144018332428,13.614108373156627,294.89528676360175,1.3856289679345692
4003,1.249338863360089,11.944262706111454,286.9122940638428,1.2582692325575544
4004,2.0135044747164126,11.147354832645332,331.0146957750341,1.1792537896474995
4005,1.958047526254701,11.335730672404424,280.343168034636,1.035757330721779
4006,2.2253290946391977,11.546257917724196,322.1737430237338,1.255292209902464
4007,1.8511598315298872,11.8931727640754,295.2933168745117,0.9385974150132024
4008,1.9235356285703387,13.370469647406328,311.7506210708732,1.2779934565512074
4009,2.204406269855052,12.955601810309064,323.30766927945064,1.3648950895102014
4010,1.744719138860736,12.971004503734095,313.0963552246862,0.9509358094512109
4011,1.8105659144749242,12.170578270672848,299.9806469325865,1.1357888984540028
4012,2.063797791121117,10.846388276058283,328.73365344064007,1.3457164989976427
4013,2.4417002821053595,11.229943290368372,309.91472354380403,1.0206889466800602
4014,2.2667950132837045,12.06072126315243,367.6026616016976,1.0103660167864723
4015,2.3548833427477245,10.798899903155908,276.01237065547036,1.3104317571875772
4016,2.020894546051046,12.303982950552106,275.76124145498267,1.0681328548620186
4017,4.782743579091056,19.022956890155754,321.90242965487334,3.624348095242999
4018,1.425409799914568,12.545345391958325,304.46023017688645,1.2406514952961154
4019,2.667338942072445,12.505189472918332,318.47435972032565,1.725399677164524
4020,2.7100804618094116,10.1337173500436,286.3275248721064,1.8251905105445156
4021,2.150683395347174,13.333355796671096,305.9202567366376,0.9866601187437583
4022,2.2746466703537194,10.432614669967986,312.7743971789748,0.9641067458759636
4023,1.987460044878258,11.847250786154177,295.75691565684446,1.0084951039207288
4024,1.9308424401857989,12.618543543786075,308.94110499933544,1.463345400456013
4025,1.7984127761297688,12.358597525984823,281.8540549250708,1.2936139339667072
4026,1.9838260346327403,10.72216367295404,311.7119885885214,1.3929792167548727
4027,2.183458046949882,10.901674377096304,329.5726164142992,1.32060360147385
4028,2.1385616695639293,12.287071622406781,283.9611746031942,0.8480307516438439
4029,2.6555790136581088,12.51084501376949,282.9347931516967,1.1766964168279581
4030,2.0330906001148423,10.892796155387172,325.22865808297075,0.9614442635486351
4031,1.50868657475614,12.392592638964977,282.63415724026584,1.1452661685444074
4032,2.5426225050037274,10.484726520305935,319.29021663407656,1.1468908948307226
4033,1.5970850881742762,12.62438925730379,305.9409242610894,1.0882580902584684
4034,1.81540099458321,11.11615817823297,297.89702697193144,1.2492256775419337
4035,2.089675236645798,12.080513457918205,329.9309220761018,1.1321450915192484
4036,2.137667777146864,11.912602307704494,320.77851274308944,1.3557061140901103
4037,1.5230053547529177,13.160657327911268,309.7551656809618,1.2914324758199087
4038,1.7536641619967055,12.242130028700338,268.4046691847557,1.0023671427303982
4039,3.5962856054907357,17.556387480319994,317.1083131788178,4.905758794047424
4040,3.743292525575705,19.724545672801398,286.79538126107684,2.8593296624794515
4041,2.390515361951952,14.142413239220978,301.23650686309156,0.73218395228305
4042,1.5967934453986503,12.740122921286835,305.12467916330183,1.3294392585781258
4043,2.3285677845057955,11.940832986266305,337.2537144608245,1.3705952209481636
4044,2.307156985627139,11.166387028662024,300.69488501486336,1.1729200407800895
4045,1.782506639329204,11.383508499392285,280.81287878709907,1.051066962424941
4046,1.345748918163617,12.67999292163523,329.98394304149986,1.0970135352051729
4047,1.6464855136657395,11.114197427678327,317.33744765496976,1.4108679510907995
4048,1.8035649963200986,12.002688761079135,317.9705886839515,1.222429786880842
4049,5.306225819830305,20.862518635459214,330.3031060599961,3.37017011826247
4050,1.960960150244647,12.150392393023655,334.2945504267607,1.0999801913396794
4051,1.6677467679231996,10.920868208702569,289.8405209145579,1.0745290265834861
4052,2.0487900231341403,14.17784785267261,281.3531742033908,0.8788193108793213
4053,1.5725352686143577,13.762448297945909,319.32197713986915,1.2638310105484225
4054,2.1697322165680952,12.501176558379093,300.53805561427987,1.0101566132328204
4055,1.677370860440318,13.275755411339087,302.0797739484922,1.0797433197904764
4056,3.085126168070267,16.2553768482966,285.93162032071996,5.902477639044282
4057,2.1239123759825245,12.72445447766545,314.9262424683902,1.0999041730084311
4058,2.5775771153247327,11.576460194819248,311.83622995478373,0.8162380040192521
4059,2.725269894877846,10.644584970045045,302.3565325269862,1.3190384919755949
4060,1.656844383092751,14.591922610840676,281.398181790196,0.972718232381194
4061,1.8031199121839447,10.593461933376696,325.5555504897097,1.0961883566575428
4062,2.1701256540623284,12.297558131057908,309.3469766400954,0.8330580180776908
4063,2.385700484941873,12.28587668517817,324.0033434126561,1.2789605411909073
4064,1.2858523824360515,12.516005584189518,269.24878711104736,1.3569909227702368
4065,2.0288211502390787,11.910315733808153,305.9659936003758,1.0053724963175878
4066,1.8392428177339144,11.920750156771893,292.812720252671,1.145946308697868
4067,1.3650730043199975,12.138411733390326,305.6145038794191,1.3346106501454775
4068,1.5587346326025178,12.479868481340786,321.0345796126029,1.1937813701684492
4069,1.8126344283184876,11.99818363856977,311.28910522534267,1.0769282934300097
4070,2.0194089565942104,11.931638854175104,305.3080779794796,1.096170715388852
4071,2.3326739438871678,10.678890057060626,305.21726739550553,1.2372518251494318
4072,2.1169348779770814,14.013682469697379,278.4839919789859,1.1520717941239986
4073,2.3126880142653254,12.535699149302367,289.58834308515185,1.3859956681537977
4074,2.0088190308295966,12.208906761304155,324.0618882572086,0.9907103059842122
4075,1.7673678375107906,11.37553270566039,296.40587385843355,1.1811781670884058
4076,1.9393625152227105,10.996385807150155,324.38712376108873,1.5915000960865875
4077,2.2295207246648396,12.859986448047536,319.0483059031688,1.124470727689937
4078,2.3407455158778383,11.840137614915463,319.9464868762492,1.1715507155420564
4079,1.9512013541335305,12.621064584572895,310.65954462654076,0.8487991745175234
4080,1.6933919634135972,10.64784986629885,297.58786003467344,1.0156431659935885
4081,2.110767192630788,13.546854843976632,302.4304149774142,1.086333787663462
4082,2.1577337180679326,12.901377435409437,315.88656030997385,1.222116281034715
4083,2.406797298397529,11.918937307235357,268.86455988742256,1.3324327465631296
4084,1.7760082519233304,12.467625418422907,326.14419867467274,1.1963616227398088
4085,1.7796269060923233,12.741004359534816,296.49796946559195,1.2909294690983364
4086,2.24953286518806,10.66301944958553,303.5331692935647,0.9387367322044438
4087,1.865546921566994,13.67782689138792,303.6797368277372,1.2089914578696113
4088,1.8516042197158955,12.483260998082967,304.32284613837044,1.1163238172566168
4089,2.4138661571462805,11.295897712467296,282.66809137101086,1.2311759275158631
4090,1.547568149927213,10.903408343335439,307.5793255725423,1.1544468785507014
4091,2.6785470361259187,12.987097741384048,315.104198744017,1.1948581018339433
4092,1.7978303136744171,12.211159197227005,270.2443243062664,0.8823104072562469
4093,2.286020372924235,12.482600902932093,282.88664212059075,1.2148551053923091
4094,1.9640961115646263,12.02666455455628,320.22971105702857,1.200369570000781
4095,2.089549554007805,10.997256310823948,317.0665514496659,1.0790578008055245
4096,1.9132804550786184,12.508617789928117,310.0786009999432,1.1016998684010648
4097,2.2826702951708815,11.802464860849543,293.40348238037024,1.005497401766305
4098,1.885383121573543,11.97830887350686,317.1654143744212,1.208757308216192
4099,1.8109276642911165,14.377002705705577,284.55068825545175,1.1342890933071454
4100,2.5984028025370973,12.86906913776471,302.66528726957046,1.2488905002237127
4101,2.009696290014518,12.926764909757926,282.78962007272384,1.2732749706077038
4102,1.7770204648635517,14.720523127437557,302.2459669720336,1.25983021014241
4103,1.5082054253290735,12.38457387218012,287.48335516967575,0.9427805908184996
4104,2.6156407502418735,12.119707536449313,317.8487846337743,1.3448184862446007
4105,1.8178646257697668,11.320792650608759,312.36409112334695,0.9289201732420985
4106,2.680406618705379,11.547448141772653,295.3002151357374,1.4149352844088567
4107,2.131621935966251,9.952896233451789,323.53508668003667,0.48037185898123436
4108,2.047152116099809,12.790423338806574,288.74263893549397,1.1408072745969977
4109,2.056048458068239,10.7330790026896,304.40016403604255,1.2443444505523613
4110,2.7312638099613094,12.902735981955754,294.54803743282196,1.409384705783409
4111,1.2765678720911158,11.956973983039425,317.6203200567562,1.19153580598465
4112,2.0707327014374766,12.128058714764366,315.9385217450529,1.494375995503631
4113,1.912482809515081,11.9576320698556,327.13326117109256,1.3359408468801954
4114,1.9296791829225892,13.386074428882967,306.410735625814,0.9968536336141832
4115,2.0492729112068284,13.209442359936428,254.6868551095463,1.0493004851689793
4116,1.912136130666278,11.971108594345377,297.67523601451717,0.7085802704419488
4117,2.062083120172141,11.100995923586703,331.6094149908291,1.1970698073002604
4118,1.9922194374888322,12.923889105332039,299.47509108197806,0.8261897939722957
4119,1.5665258011990657,11.025425028584738,272.40188445622,1.3497710134385956
4120,2.12585079247759,10.445138708881839,312.6386415244529,1.3150082063548274
4121,2.2362979690608618,12.498349868487727,313.90900932986233,1.1205660313241805
4122,1.8211183462223324,13.218489921803226,292.63761736506075,0.9069484071833399
4123,2.616405705813943,11.594914832206124,300.80526521343273,1.5853760632575462
4124,2.440738676069151,12.40451768823476,290.59596906890084,1.2208692513082886
4125,2.2785042587264863,11.5843261882623,313.883684884974,1.1667351417047391
4126,2.2745008455292446,12.721993348685817,305.962190649442,0.9604106820911102
4127,2.009931994361263,13.095029686412214,285.18182221988667,1.1386719472678049
4128,2.376652794562359,11.737134785517977,304.83775493722237,1.1473752286399328
4129,2.5183490219804936,10.97239684227747,292.53858566975805,1.0008875784692135
4130,2.266647924227943,10.542969397388461,329.8380317945222,1.4120811485974587
4131,1.8118064972019194,12.925688432460248,320.19286146454294,1.4737834336504798
4132,1.9869051253654217,10.863433508292173,302.9212511532394,1.3037467805338778
4133,2.1893111108821097,12.372024241202366,306.37809062810857,1.2959866291608308
4134,2.2764558183352275,12.777407068442516,322.23419587494567,1.5004060802027739
4135,1.9744325192006282,11.498698121449456,302.0486233803434,0.8909057417616667
4136,1.8129531794546663,11.833789149820044,317.8926729158793,0.9097909556343277
4137,2.5227883058346845,12.999043447506773,330.11556420210087,1.1865718897537954
4138,1.646134494208744,11.19180621266524,296.655004880562,1.2372077671089747
4139,1.689360520641137,11.090288394965903,332.9844667156281,1.1013033016839926
4140,1.5620478228645334,11.765608778790929,328.03698713859944,1.0149188459448226
4141,1.688628229523973,13.277912662076373,309.2254996404758,1.16124174290078
4142,2.4116238094492712,13.610731094603603,297.4534959678091,1.1861732301712131
4143,2.422674809649357,11.901216979559265,309.01389614748155,1.3790302558951555
4144,1.975564973626494,11.2878783719552,300.84348477007734,1.1092782252858104
4145,2.1637837505337374,13.064114615919586,291.52287844906897,0.7357193435154235
4146,1.9965334893841078,10.330704418339526,314.04867832055925,1.1771010681209086
4147,1.606647647435525,12.24761085414809,287.60008691146413,1.5122872454985903
4148,2.731975312532563,11.956086407160795,299.24457197023554,1.4379739308806476
4149,2.4536641884730925,13.293827843524381,299.46817120527703,1.4249946663559334
4150,2.1169584037588036,13.395018539638377,281.79058923489396,1.0074564146107938
4151,1.717556325610551,11.057471442052726,316.1940243929641,1.2626099581816956
4152,1.9257716555339728,12.167678035474975,301.1182533126766,0.9544982613651098
4153,1.7714995680314103,11.429395657758459,327.0803362716046,1.0830719126567518
4154,2.0322021395063947,11.70667261509326,300.84089895115443,1.0529174031300266
4155,2.102274647617785,12.617387774557974,298.0878820160892,1.2018232834630076
4156,1.8874285870425804,11.665105877908067,289.621073847592,0.9430254779309938
4157,1.5200437915406892,12.193925456528024,305.663496502498,0.9498449795527538
4158,2.703579465286242,12.957272165279763,305.7595299474967,1.5009373557885866
4159,2.078383826454346,13.515161723795925,317.61003449896947,1.1903143765433322
4160,2.150675360064161,12.288680144809454,306.13932283566675,1.1365732058212048
4161,1.8606049025952547,12.117765407040139,340.5966008244275,1.298624887400924
4162,1.4845363319413596,10.892709840518153,312.75569349005275,1.224208037843181
4163,1.972510824803714,13.58579845411072,288.2237712625467,1.156738393518001
4164,4.435644533050325,16.33386813168359,286.7849021695845,4.24251542038308
4165,2.2341463456374604,12.136225124486693,314.09155697037716,1.0822688698700962
4166,2.2990055992141363,12.085049222196695,287.68842205236064,1.2234739802018293
4167,2.252459728304092,12.360653473555255,315.11235453719115,1.5928381727203682
4168,4.838865291841147,18.057667288286762,320.2258637651091,3.9001046951724776
4169,2.5952097164672776,12.895550530130594,320.63561699501463,1.429372106012727
4170,2.1286510740467337,13.610801895806606,290.2238167461636,1.2649495627027225
4171,2.362741220867245,12.242688508512616,320.665009974108,0.7120247664174053
4172,2.16297398936579,13.754201219265404,310.4840170519475,1.1803030909009482
4173,1.3729883180072873,13.05772327948256,294.66619196785217,1.5258438009701405
4174,1.9490083067130561,11.939868618830525,302.29018052084956,1.1184974171205972
4175,1.7136552027217515,10.332626271556675,313.011755911742,1.14220066662467
4176,2.076372999132439,12.085562264296984,293.56153133698535,0.9156285795139592
4177,1.7389666474264998,13.558477804890321,310.131610691191,1.05556373641342
4178,2.199874693710011,11.22473686986779,329.575233125169,0.9580698430686315
4179,2.3237392723860664,12.082462647462552,321.388954216053,1.3648817812835614
4180,2.3971781151866525,12.165218909321776,306.3937652897447,1.498138839922926
4181,2.5343563153030084,12.942126591831201,308.98042434758,1.6640459505505067
4182,1.4469120522566055,11.612188452216703,295.85293005386126,1.1196630166076387
4183,1.60432998846755,11.13061625154471,296.3317610770277,1.0633814578889913
4184,2.966179011456929,12.570002151223735,278.867662976442,1.52883213413993
4185,2.333142827553649,11.256612980962398,309.26886524208663,0.9650989426776215
4186,2.074067830445514,10.16449464785789,316.60247333714483,0.9029177085599591
4187,2.0105723784029257,13.840371924427865,303.79566074338817,0.9969703253585742
4188,1.9812361514586767,12.927030662137552,290.0854886827179,1.2751137960888939
4189,1.3618636360133114,13.883387785417188,306.12418408397343,1.2089081221069307
4190,1.7451313954742476,12.874012753015537,327.8099976527621,1.3508900074079204
4191,1.9630902938134627,12.680364921692453,320.2656881220143,1.374338212500161
4192,1.7637662410980723,12.369535633420357,304.49893581325273,1.191619259262635
4193,1.806905123118693,11.813971718437722,339.8063168296885,1.368943261899979
4194,2.844381369253604,12.512106581905096,350.8781888281277,1.2697954769145685
4195,1.9169544962830878,11.446767515625899,296.8375755528723,0.9926385502764487
4196,2.091779602728021,10.930770827520782,300.81995894110486,1.143105876840854
4197,2.0800369740512283,11.667774183078926,316.7866320871075,1.1486184727696496
4198,2.1945216345456178,13.291492291351394,289.47940175866506,1.4093064780811653
4199,1.8424966872628663,10.76759331307475,319.43528196879817,0.9156114520233165
4200,2.411503811852765,10.783483349199901,306.72495078884515,1.097596825327682
