Batch_ID,Temperature_C,Pression_bar,Cycle_Time_min,Taux_Defauts_pct
1,121.94462294723874,2.151294391655028,36.29736585497547,6.465431647509294
2,117.77604927065447,2.4644271788156957,39.12885804104461,8.356506160057542
3,123.32639870700002,2.3271686676531864,38.25572584291308,5.877001504221361
4,123.91575062081276,1.9619032490623292,39.600183524872904,7.647596745372592
5,125.38503189159763,2.2323049304307694,54.35789475901104,36.70643275158778
6,116.96324352872682,2.5296224323647762,42.504141560466465,12.279985811567126
7,121.39630524981858,2.16375379309066,35.94787956533148,5.60840278048785
8,120.0196479637349,2.289543006019014,36.15780551894925,7.6125900415207886
9,120.9479164117367,2.309175767547829,37.566541339071705,7.611732135749328
10,118.35556382452191,1.99267542016708,39.310120745577166,9.198679229868185
11,123.72613372207476,2.302141589842703,37.74396008082377,6.763366117541906
12,123.41115499982973,1.921232969593075,38.49023355986302,8.174222895125839
13,121.20469516243978,2.074875178719721,37.48786106145096,6.163146290697469
14,124.49444774160091,2.4151445934988387,40.17516897300274,7.92420803264444
15,122.44927896098135,2.2713512580616717,38.65953601975958,2.9532094286570185
16,118.33619336506196,2.139104438450695,38.70103792368415,3.84027934530732
17,122.14312743065575,2.289292204249038,40.20867006100863,5.790084544164256
18,118.0274639374301,2.1879815504489737,40.57857957317493,8.858865183394645
19,123.72319593405254,2.202515700470367,38.582227564119144,5.550143635794514
20,126.82577702613241,2.3313637053440277,44.564986964437075,23.978344793147635
21,120.42692667300969,2.0545264518681736,38.23347078257099,5.604159047000893
22,118.88911841234778,2.2080672811109383,40.55941855380673,9.32349734532037
23,124.78987814988949,2.1375463610786696,40.37940164843089,10.931129889822245
24,120.52095860558671,1.8828793250799492,39.048026051700255,3.254284443576112
25,119.67218375129437,2.01590884875014,38.44229193638909,6.687817901865626
26,129.71113108432363,2.5136412894127664,48.933229511820755,21.226077339553804
27,122.65015847521538,2.276944662917047,40.277223946962756,5.1125732344784875
28,122.13287659952864,1.9352823397197223,38.53842316171749,2.9092165915270916
29,122.27947109594757,1.891929124830318,38.01918277545948,5.9635287220604
30,122.33554510932444,2.1775672199778833,39.05099744517219,3.922683451563402
31,127.63910756269843,2.5122373066352965,47.46251979513216,22.756898789993958
32,119.7401134492077,2.1626483730391297,40.53360834436265,4.981924249493038
33,119.41204753987823,2.4613999106808033,38.65676156506361,9.35929965779964
34,118.47730454243158,2.270386154163732,38.8727428994933,3.391495861786927
35,122.90953620998404,2.294250091569179,38.204692666296744,6.732326635909856
36,124.49981410743476,1.9328558981390862,39.11776747229354,12.202890591502282
37,120.6467628812699,2.387504584349952,38.75097768817204,3.552093561531198
38,118.39551492141617,2.1330135925452787,38.42632079197313,7.271688105906678
39,126.64352360452664,2.3726184907221817,51.260213389638764,24.282899127164214
40,123.01683764225658,2.0371660036027777,37.21406392634703,5.324513406238735
41,123.30408793073067,2.2354098695019826,39.33335454602375,7.522870435505699
42,122.6837782317461,2.2704005907875264,40.119014895461135,3.7309871548974156
43,118.93691990740504,2.169193336684827,36.13846469905083,6.47886412943414
44,121.71970010150683,2.2809090386172315,40.73769821887381,6.36167793423882
45,121.36172600833626,2.1467205849614985,37.475915298765976,4.837117945152788
46,121.67793464985994,2.0701880493917444,38.28453498249654,3.4604704063452765
47,123.7014292116394,2.521096676558793,40.348382345980944,9.711554182267374
48,121.69314620120151,2.4097905732722884,39.049667137323034,6.755646306756047
49,123.10463204552288,2.0478270509903647,39.33053385008678,4.772060990987525
50,121.20949511541556,2.313688861118923,39.306255363562535,2.756556497641215
51,121.89627013593895,2.0514642290597696,38.85151796124508,3.672498664413342
52,122.95699350009947,1.9630630712675354,41.131706665116944,7.576457260226762
53,116.48281695844743,2.4067618882797954,43.16811318450681,12.865318428840382
54,120.00901922929236,1.859180074870519,40.77007561118872,7.044872164416163
55,119.54184477169234,2.3853711827153083,39.63917015967396,5.3244904201481695
56,119.01947867044564,2.1494555374853883,36.51546707860161,4.815867606636722
57,120.14705902119728,2.1576906793838946,41.5544853108348,7.200436237649878
58,125.63431806482663,2.281950243924658,41.978271522694875,11.66536419853524
59,118.31592354135094,2.3162397623988507,41.52914583565455,8.075934558678485
60,124.0016628992336,2.0347313646342187,40.01702711139506,5.408635861903187
61,115.783103707991,2.343545121750013,45.366938857630345,13.642962616338707
62,119.9618564070441,2.222674107605045,37.342080682185454,7.495062751647264
63,121.50453450182552,1.9487890414263926,38.86947001999357,3.928172595563584
64,122.81728922721376,2.1660251032840523,38.39741112076365,7.903446308129368
65,123.20480239735785,2.476255803111785,41.12215783957374,2.4724663412306587
66,123.45937642911977,2.5353189596491394,39.9009457500663,6.254142193716417
67,119.91895227602984,2.3434696915217357,39.47383155362227,5.283458636356919
68,119.56670944273984,1.961931302366326,35.63865086782186,9.229839213886475
69,123.65972523189717,2.2981213804911778,39.44506594429669,5.4547289361892
70,120.40695659286699,2.3701721807718386,38.61109123177945,6.597982430309845
71,117.04537239765244,2.3451415966637446,41.73129686248644,12.681848200009924
72,117.48680963658921,2.3569908577375838,41.964855814336936,8.149046955582723
73,118.149697913395,2.2726526158495064,39.31165331800037,7.333782192048571
74,122.54119830656667,2.1855175322338916,38.58598752498109,6.300446947300007
75,121.44151978181876,2.0783265008191965,39.57848153164169,2.4534074635422427
76,123.14050459761008,1.8204128962997008,36.04569148064681,5.938919873799876
77,119.67551679635675,2.26792835334267,39.15209191861113,8.238602392654775
78,121.49147304233782,2.237210568730438,37.61908979150424,6.277585153613075
79,122.93933022129875,2.3115151685649633,37.641406813673676,6.218523147516764
80,120.04102572686726,1.9324912613414214,38.639826455995475,5.736708567274982
81,122.41600323642797,2.3290033378630124,40.03680102227764,7.005493002457635
82,118.94802958269338,2.6109090189241555,40.27721515149977,8.141283188754743
83,119.87453307564827,2.2156900261555825,38.103021735339524,4.586149649213114
84,119.81661252860518,2.187666936158692,39.44655255252916,8.606111859840354
85,117.29289709867398,2.2618004712171405,42.15186289060396,12.510975754645795
86,122.5096146904353,2.6064674049420677,38.387783381346054,7.284417277423427
87,119.54485274537156,1.995270447660022,37.56483505959892,4.3394849913212505
88,121.03873176805583,2.240641386678781,37.17452579250945,3.262099629585729
89,122.49031464260831,2.0400685155404714,39.57783765500258,5.356815993356931
90,122.38424664569283,2.0905990558310013,38.36675967291811,5.986102257163526
91,123.06269383781564,2.1900819384236123,37.575998405434014,3.3290125094347216
92,120.6946949980208,2.469464648322712,35.83018476556951,6.172540854217719
93,119.68777523266313,2.5601981201377475,39.460206332528,8.248855145316405
94,120.75287354619016,2.2896284289253415,37.30262377757448,6.316675885139087
95,115.7692632547301,2.1246810553953033,44.44883759998245,13.491712089082792
96,116.51395133548843,2.6985477733277037,44.0390381556704,10.734254962067187
97,116.89963120170135,2.1144891037340963,39.99726352214391,11.65427795265213
98,117.9085348344354,2.0857728171280527,40.043895916711165,8.253727845322235
99,122.23930010284265,1.8450113910842547,38.11598785379474,6.579330891803255
100,118.19301492838382,2.479218313848949,40.227082080617095,9.100978425247343
101,119.82769608247789,2.3936491184742588,39.913253222454856,7.755595771163051
102,125.0276077231368,2.6835611072232894,39.84046991466253,8.726533875048816
103,119.89558168970957,1.922095329556375,39.00908009022054,6.047984932350359
104,123.28629826224797,2.491634161495822,40.49095605116259,6.338903402858812
105,118.10578519196937,2.2140271036732257,39.60053527496141,7.944361190781126
106,120.36314357061035,2.3612200433600274,37.910547853803024,6.984331959149842
107,118.0549316297772,1.8704445717791058,40.45213827484349,10.084638855647734
108,119.94899746470826,2.4936163645330596,38.691275593678455,8.24365515094533
109,123.60495522611792,2.357303350266366,40.24993257019466,8.383648581227387
110,115.64530668810372,2.1922179930427568,45.03766758650428,15.026427260127367
111,122.34671329499216,2.3290225375322247,37.12243607645955,5.354303752662292
112,121.73698036723006,2.0469009397915503,39.406837260586585,2.094064517039024
113,119.15813513733994,2.0841119828836603,40.2631606687537,8.932859745612964
114,116.51722065139579,2.107311077274921,42.662876113217315,11.621751754702563
115,121.22360147391299,1.8294544276619447,36.068597577695364,6.178703580703152
116,119.35857260190221,2.3723516988406734,38.44357304090962,7.43309276503975
117,121.72129625519958,2.4383187228365135,38.367186663331026,3.015994433522462
118,121.06774165112267,2.059731170047232,36.51302925576244,3.4472479802805838
119,125.96551456309484,2.269640603188964,42.956214190137416,16.769055030112874
120,120.25799755483362,2.146891905074153,36.28894467447313,5.944526149820243
121,117.82715777287221,2.2656547924162065,41.00420400809632,7.6203119672186475
122,121.55575446836458,2.074484551757794,38.283691775776255,5.068042739045188
123,121.68198972031247,2.023314968782473,35.96280608103609,7.4266386116965535
124,125.21348148324536,2.4104149772047485,42.362658086179906,13.188896684873209
125,123.5888448623352,2.1872258829751017,39.401004267065275,4.7601858541784425
126,122.10630028336348,2.6044217901706954,38.94059663731415,8.733504413916137
127,125.53623896278064,2.209261992958828,42.01804990015677,14.237793633504713
128,117.31483453159916,2.0147843919299016,39.94577457552274,9.663452611573879
129,119.01677024847578,2.4453881752871878,37.86320604001763,4.312347444701019
130,118.12761458164287,2.326160032829204,39.11551027663702,10.090325713172485
131,119.79158961021712,2.345374572739285,38.34572887298511,6.616301735107105
132,116.73227294257545,2.438120135773584,42.199314737120424,8.804906064488012
133,122.96896793512465,2.0694407412308413,38.604967799350256,6.115943812161247
134,120.3111096389938,2.174549338202943,37.55408997079172,11.305828066626267
135,116.44050048704176,2.1657100337024415,42.116763629499495,12.507515872120651
136,117.85170484825662,1.9418506926168764,43.44062994090701,7.259372697634064
137,121.97189292709561,2.1472819699683514,37.20586399263479,3.6144579635258482
138,123.59819236047258,2.467275891575365,38.75976916813393,10.929699308222226
139,127.18986576424454,2.2474676207587696,50.711186740339265,20.220796392975952
140,130.03297364462273,1.9307877344310027,56.49813212337746,36.43224881899982
141,122.28466924315559,1.888832117667013,36.569107648473384,6.249183312283585
142,117.93243182790123,2.5329552117496545,41.16568775307459,10.87612761879799
143,114.39065652973294,2.181936197948974,46.42730208779012,18.877388647645624
144,121.82990553326589,2.0705179588596767,39.3333034628586,5.749982981689478
145,118.47988260453799,2.1452016470205995,39.122967207938366,7.968248768866776
146,119.71239249344298,1.9045384491365338,37.79301067567101,8.406925752392617
147,119.10249992291459,2.484619029902324,40.88402589883447,7.065979066155565
148,120.5635482521092,2.1213894124827943,38.77822958666914,4.078199235584119
149,124.3045387154417,2.4734803055476844,41.66728101549164,9.143731936597275
150,121.48685055908057,2.2103303428894634,38.617540746088885,2.0977731287325136
151,120.50823200518006,2.4859063949136884,37.4754259864294,0.8748019230417201
152,117.78947336623999,2.2513388998086175,41.062406624873795,10.387167046334582
153,115.80848287141649,2.3706465325738155,45.501387031692516,13.921134149749548
154,119.49244548187268,2.3438186092176676,38.675157994100566,5.498759350731627
155,120.83327409246321,2.324658213250394,40.34825084186413,6.788527825681956
156,126.48058273209764,2.269586895436542,45.713726522503194,18.36719521076315
157,131.42018587506635,2.1534298567768833,49.47001918983814,22.710627660815675
158,124.04649248417148,2.5830869383145725,40.368778110668096,12.111729137053503
159,119.45218364452863,2.01861260298082,38.70547007111614,6.993616769301462
160,117.32667432410723,2.200861528468632,39.341920313384584,10.496868113212566
161,118.00813803707965,2.2029771750415192,39.852178506586135,8.789672064568109
162,118.75179919993917,2.2804881506687043,39.39951193517023,4.526600825034082
163,127.598256170549,2.1141054708211,47.03722593063488,22.25434192298205
164,118.4537012944044,2.262949261117918,39.86538028590203,2.822887546312203
165,123.59931653158267,2.166231482959407,39.51411795236062,6.450875822151662
166,127.31124982659554,1.8836094965124204,47.95867286730202,26.73998356667897
167,123.88787633991015,2.2019104572513695,40.69680864140028,6.6183919996291065
168,122.19334799492817,1.9798869333939697,38.53059675000009,4.840091549111323
169,120.51442251725992,1.85312284751022,36.27449604949113,8.777338497942203
170,120.87363616898016,2.2273746641378773,40.331452480199324,7.303234119211694
171,118.97015814416889,2.2975766684039134,38.72199845298797,5.3390176923565535
172,122.38282382459445,2.3053396084209155,38.31553199076686,4.9770942346055955
173,119.58955121094358,2.313434141403939,37.992383369731954,3.4699705230442466
174,117.20062213232153,1.813482195811878,40.5408247270239,11.591833456903416
175,117.03839351960919,1.9277966144185061,43.46002716160507,10.218503411136167
176,121.53502254493857,2.5947042873627346,39.86483242369226,1.5639008985577498
177,135.3642158371537,1.990558247984593,49.76039798579002,28.707520760276992
178,121.49597400207766,2.322168206227338,37.914367645602184,6.120156452601394
179,120.63222118905936,2.062612475666831,38.834610856348796,7.0773092878545185
180,121.88606103276788,2.215934547853513,38.268658990133915,5.3354123441305195
181,133.3175294814549,2.0733491595452813,48.84688841602867,27.33364527474447
182,121.68008575422796,2.312308230923929,38.54129135724107,9.135783714516439
183,119.72612558441541,2.22735482346334,37.783501254840736,5.780478305927488
184,124.42949500118566,2.1103420452711537,40.91545945509909,10.68367006714117
185,122.329144959231,1.9899655760638582,38.654144994290945,4.793193890512322
186,125.76084357518758,2.2535548394985025,43.77025576806437,14.443799379699778
187,121.5680267553879,1.9574562401914821,37.26610592214574,2.5472339526249934
188,117.20414600166644,2.285496208424168,42.093048925605764,9.36504931496729
189,116.75870648233844,2.7252969818073804,40.7792806138151,9.200278691125789
190,136.19036750749245,2.4700340102524025,51.549170070591956,32.479735020004846
191,126.34336373442822,2.343669577378833,43.59373534275913,17.568930675879987
192,120.44349043882394,2.1828785404517705,36.6744673320839,4.1449768224111025
193,119.81211930447844,1.812249474599295,39.63079428869577,7.058557829778232
194,125.53047730595082,1.9355427208199634,41.255781197295065,15.266632462815782
195,117.56815838566519,2.456558571220543,39.68246687186497,9.269741007211758
196,118.22634624123694,2.0420487839750443,41.324524161802735,9.780761810332091
197,122.99431306353604,2.0601495803671908,38.13324509857616,7.60111292885016
198,119.77672411913527,2.166869904863196,38.08462336307566,5.944971526355599
199,120.98412221316778,1.9875907482306892,36.68441776171373,6.625687856142307
200,120.493327014574,1.9546462530896729,39.1393144230248,8.785733500940692
201,122.0464811012767,2.189905185443716,39.34168411042082,4.372482009599001
202,125.36319377007253,2.021694109065593,43.14887084790442,10.040629245985357
203,121.28081321139541,2.0517962840442214,38.71613710978485,3.293561984147819
204,122.99621025915826,2.043761794770599,38.97233403205443,8.484112532068496
205,114.64446648680384,2.304472042766894,46.20472770519973,21.483280667019724
206,120.84897295401663,2.1535748619009287,36.94555791843023,4.187613035681986
207,118.3859861620921,2.1642856064212292,41.18015222064045,3.5331481767361463
208,117.22167951268675,2.3193891794617767,42.1349008083118,8.914459190844005
209,118.27772766252087,2.171592078353412,38.72907317410834,8.834691275624715
210,119.96421733382748,2.1443492463085656,38.28780735962963,5.448722041972829
211,123.83929788130364,2.2940900711140344,39.38340512005006,8.364225079406559
212,116.88818257500735,2.3336395687115266,40.25287544060663,10.123110493041981
213,121.09495762704269,2.1705853000982795,38.23293051881308,7.129925269775305
214,119.4990747566659,2.2161215551241047,37.9554703854261,6.640536228460938
215,119.98421340747792,2.0436419540533346,36.98870326215608,6.675418438032887
216,124.10854925844427,2.027863391367095,38.20300494789408,8.884302270011743
217,122.66815785471218,2.3538295003933616,36.57926058794497,7.17026223074388
218,125.1459341330725,2.2889884125089246,41.298675397867605,12.087355650065296
219,120.5210323943253,2.2910596876833154,37.93984673125047,3.5169516950920277
220,118.84257790382082,2.256170869745105,37.88609236902706,7.537884416591495
221,120.30603766767045,2.209240655162991,38.95190967406669,6.87241982824068
222,121.75174005294079,2.339282378164554,38.03911437926514,7.5925583732886
223,121.5473774112065,2.387021752204557,38.81586775044405,6.095471292343749
224,117.63839697607656,2.3822456010381297,40.24829844865524,7.321155226067998
225,121.28051832304641,2.179844416810803,36.99405899073501,3.6860387591570642
226,121.7075078234306,2.477398545981768,38.25847765292761,4.54841720769486
227,128.80416951635516,2.2456921363464644,49.75763673917775,26.876753069461888
228,126.81821829497318,2.3264752385131597,46.14863618497897,16.81583385230178
229,118.35494561326766,2.256417578166976,38.320894827462766,5.513618523371463
230,120.10911157919756,2.249401341496835,39.36831236372385,3.331320697213356
231,116.4633297943053,2.0528496019499363,42.087910372037875,8.416290422010613
232,119.16880825671319,2.3402701676689652,40.11901147535288,0.4466397648894045
233,121.97837551113005,2.769058878981528,36.75117795580657,5.28464106065829
234,124.73814622475352,2.1250409850419834,40.193121572533116,14.499245731945075
235,118.73984010299482,2.2141989430849898,39.61904643810985,10.401794061214375
236,118.97214603578983,2.110758947130548,40.426328395490614,4.780627412023366
237,114.34340400781016,2.1023960196876135,49.91485102552171,20.993410836175382
238,120.49573564631079,2.5088898956237347,38.10971817123349,2.506297819345244
239,117.70651532323535,2.0654057964545074,42.77541840956116,6.503456351998811
240,119.35873777516517,2.105183905326728,38.216059257174294,3.8676116562367033
241,118.28173158768048,1.88250143525374,41.05397420458296,7.357696606055441
242,120.70778608181708,2.048477655091551,36.793950278228465,4.883212881490182
243,115.55104198679444,1.8583200214093307,45.07831221345118,16.07203394491999
244,116.45215973928794,2.326360939842386,39.5060262750164,13.699109003371888
245,127.60066604728772,2.759939444367462,46.12706598377065,19.809003539285097
246,117.00898999805051,2.126664241269896,42.11087522135038,10.843640036740299
247,117.59996470679062,1.8666484134019528,38.83708229105459,7.167840235562902
248,126.69443193779607,2.379999932885947,45.68887661474815,13.994749936878513
249,130.00570822464528,2.0546150082139687,57.02100729509365,30.737925762113456
250,117.36814345064144,2.459869386110708,40.250167788392346,11.050204520435164
251,119.8584282339571,2.1435941904420113,37.027062098969324,5.014090222591546
252,122.05882220791558,2.0736368621834442,37.63020038234339,2.037258064424965
253,126.35896269765733,2.164408488850863,43.06250984793476,15.131599408110107
254,117.94074305687246,2.3515553521872374,39.9274140442756,6.102908035032355
255,120.23963867757946,2.154515873848869,38.25991066729379,8.557072025270234
256,123.4097464857914,2.100655059441259,38.879700027646635,6.132646073009434
257,122.34777483084652,2.1602336794042256,40.576296351068805,7.130635321188507
258,119.83391617918669,1.9456289630998231,37.3639203593827,7.744942769038377
259,120.58514881000028,2.279406320458796,39.84672546519763,3.4458714685870877
260,116.73782299405306,1.842654681231018,40.64294261539927,11.702643013861927
261,120.26166139367854,2.111175709126897,38.21454249839265,6.44238937679213
262,120.17419878097223,2.3518770417661488,39.688065514848994,5.658219406250915
263,121.71972665784139,2.2606096565865434,39.584725719570976,6.067393704391293
264,119.27848562166105,2.318064114597278,38.105659319051796,3.7109682664273205
265,122.46176941988993,2.1869908654562384,39.19168000021632,7.000538260381469
266,124.13941903524147,2.4339492361971033,40.715842222107526,7.72587118866463
267,121.48183091577225,2.3849398393539585,37.349154494736105,5.945213685227742
268,122.09044486603753,2.2892282008495353,39.062330319583374,7.364153308601444
269,121.16478157749138,2.385509155462709,40.4272134766898,6.480239703182912
270,121.00026161858338,2.3500847108807155,38.61321087963916,5.862567502385499
271,118.76317009601718,2.1121072973306223,39.83701305704927,8.171236569523714
272,121.98113221118726,1.9312202176617335,39.08557796314334,6.8448981479289115
273,120.69841154491819,2.284072425168525,36.120740641610816,8.073286665312981
274,127.48882175768485,2.309217846166286,47.86134979182911,19.87198640207222
275,133.59601893714319,2.4180943982277134,50.325121539355884,28.608077663715587
276,130.97436806072045,2.0127357449909415,43.29474866060787,20.03453936787423
277,118.63452264994622,2.0187137881445674,42.041530596140895,6.226682624215434
278,117.55152443685141,2.2919800532615544,40.2869963235628,6.825186100283376
279,124.69254315457547,2.185766602229383,40.03744615306599,10.909343563648035
280,121.81452259795613,1.8228476778857745,39.644315706339675,5.040761471133125
281,122.48844455051399,2.275021632750838,37.25542267589496,3.681111430688879
282,115.59178344038,1.8295154170022092,43.85309251081798,16.38811189033349
283,123.87505929283036,2.010948689625325,41.44228032458586,10.81224080660714
284,122.40870304846453,2.4703362745720217,38.49217557622607,2.798044659614379
285,117.55766487831512,2.564975803561423,38.576851481132266,11.289802372406147
286,119.53827309690516,1.9568687263056077,39.17724851725028,1.1273976588141386
287,121.8175233335052,2.1341216925174615,37.63163012152114,4.673375942944037
288,121.16264707490436,2.2085245046157413,40.0076268281038,8.706239158102132
289,120.09426932400898,2.5562453855163136,37.39243354071048,4.8633061279264584
290,120.67918636899552,2.10142621043512,39.38923647072812,5.406905437103283
291,130.8577444842556,2.1046231953933447,50.38307396622179,19.784813320463964
292,121.47294378751765,2.5097451116925726,36.9429824907983,2.0169868624377996
293,125.56162511627879,2.1250421694563486,42.32667628733676,12.619928417108456
294,113.04335883311298,2.3444403417932915,52.43300336128007,27.47985336723694
295,120.26576418001999,1.9045714069775146,37.00405301433475,8.927095632942208
296,121.54718850625459,2.165753451181535,38.41725478822315,2.956887762586129
297,121.91758136803001,1.8680806323347192,37.892833850972494,4.769759747179311
298,119.847064797904,1.9889132438088593,37.9738492645797,3.9013648505163836
299,115.5541624743164,2.367840271030453,44.58819210887215,13.614618797636668
300,122.01678599951374,2.1900189217826576,38.32009195938971,7.703914000505206
301,126.35478566390897,2.1361788518894054,44.52126549120796,15.286443181043314
302,116.24502964475997,2.0502500752038166,42.19566922833272,12.057832404513643
303,123.67786684246438,2.1558687853517435,38.85589034005876,6.72593257691874
304,119.98157180831903,2.2602226334201387,38.074019250482046,4.492887147367446
305,120.80989452793057,2.3965832412923525,37.94976588630583,4.312422994604142
306,117.73601461681776,1.6749706631806398,39.77328798602742,6.526314049419968
307,119.96318586569679,2.033647765147438,38.65761791551183,5.0846581113079425
308,135.85975688700148,2.231819248437801,51.41986468849866,23.49416843095812
309,122.80623125016189,2.180227376807543,37.76813755581187,4.902051223005129
310,126.37016597677082,2.280675248505345,43.98060400191101,15.588126803302869
311,124.64997685583086,2.253508057225311,39.817963087442415,10.31860587905982
312,122.36116870468169,2.1390264274013187,40.52556907262462,4.790843377757444
313,126.40619703112016,2.0946293608025646,44.45445299538677,15.155583332296457
314,131.6113528148849,2.1508997020529,47.317246660319896,29.73187422919388
315,123.56676334807088,2.4297484699645486,38.821220378344904,11.53471912109407
316,120.08063004404241,2.0535984134188574,38.16544044901699,3.493063029324615
317,121.20629202916354,2.187438655371209,36.42953290469166,3.4774443639354815
318,118.83798614776914,2.2366684427996844,38.80758471046879,4.8231401377485446
319,124.06771019724404,2.512070185974892,38.85227513076603,10.502198534943528
320,117.34725876834392,2.1399383483527377,40.57472941101387,9.112675807710312
321,123.42528606149475,2.3917613312021926,35.9661512094245,7.7140854308612115
322,120.40898172173401,2.4463958806530046,36.610442402177206,9.116493845069254
323,124.63086598974868,2.1872491470018707,42.80340564968164,9.794232633239915
324,123.3276938650669,2.1578562041846476,40.27151199432323,8.438228126653447
325,141.23274314366782,2.134189265590357,55.08927758596246,34.93734958295141
326,123.2654015425298,2.1488353731514835,40.933087363329406,5.878602483891438
327,116.12667520747496,2.370847972115367,44.09972844877044,15.524660377013259
328,120.79244516401558,2.246201995451103,37.42074809119404,3.6006461161888295
329,117.36677770295607,2.2470579418339742,39.55564070699687,12.365878085151941
330,119.39333248866456,1.9749552979240332,40.058671695320385,4.987326338295964
331,125.68480814315784,2.006501984524953,42.91237238110716,11.973460899350716
332,122.97635481378286,2.628689364955396,42.10154489828827,4.498965557596038
333,118.83331567140588,2.1644348549422623,38.55816724673659,5.086989462369738
334,117.85747616403476,2.045045600884328,42.737364944328746,7.845557408439163
335,121.10162448791641,2.4862198331178598,37.798442730135264,0.5840523777603339
336,117.2286635369185,2.256361709736711,42.86591849434528,9.734711102985186
337,118.9194651400706,2.3156309833729045,41.157996825146114,5.749867805424626
338,121.96722936180886,2.1723905849436935,36.87598227380101,7.028457510783293
339,124.58146731193077,2.1362653818846393,40.19142228163616,10.493081240127974
340,122.88716056389576,2.166082725500542,37.440629505255046,5.101970128784515
341,113.89700252334589,1.9234523659402747,47.500638259002336,21.987154160764906
342,132.16541091319502,2.182414518116021,49.63473860437139,20.508416912631827
343,121.223304077021,2.2592066154085235,37.7553533550554,8.040770102289084
344,122.28305988465534,2.570092646768751,38.43024960702177,4.213806040796886
345,126.01025001311874,2.2171998130010433,44.24568401813565,12.61836655447846
346,114.60396134190529,1.7331645915579392,44.58544542965585,17.373948792472106
347,119.16757938190757,2.1812029134430757,40.41150417589842,3.5593428516348316
348,122.8318096006594,2.7479008266216614,38.284393398533055,6.95774112946222
349,116.09705736169278,2.373273246997008,43.98066793130603,13.999112609124946
350,125.57544204896588,2.037822211238282,43.41255407855503,14.964382000592959
351,122.14190549937204,2.3182213028861116,40.068904126282135,7.635058974004807
352,123.62441035611455,2.051597315022052,39.37894193368395,12.165157158658893
353,119.23007464928244,1.9292384960906286,35.928451167608976,6.156064253161351
354,123.52266743889525,2.130326127353186,39.47431311908735,6.932341681329026
355,124.31226182356602,2.2183052878477723,40.67455616093772,6.569447379995127
356,121.72192186242522,1.825568899513321,36.77011854171629,6.705908429611642
357,121.72664276736596,1.970168141892273,38.30789998726318,5.610018457725885
358,121.83806404177335,2.2020671126364713,37.68519332924079,6.683228947860018
359,118.32362967930791,2.118365364802209,37.83027064649866,5.542699316165551
360,120.5426610912549,2.2789622542292185,38.91894531655154,5.941253566258985
361,120.5271801493977,1.957066334538288,37.31634019828006,5.668124788005746
362,122.18852097949583,2.34282274971066,37.7824750869562,5.9585703173436135
363,124.09945516542192,1.9632481805879611,39.51210440946812,7.264112587299211
364,117.71853814586693,2.528546860387526,41.97508039473209,11.228513997297112
365,120.61247200600931,1.8568483431243368,37.97984813784241,9.148146681202478
366,125.59251219774282,1.9814891459233177,42.74288678972122,10.472255250280337
367,118.69487649068105,2.283474160606366,38.59616376580496,8.428601598851833
368,118.45102494640001,2.5328466502995277,40.031127110183895,2.0061305508095346
369,121.6271491946767,2.2630086072232345,39.84064300771027,6.608019543350945
370,123.6175940905045,2.3125715840364784,40.349614803714154,4.044835816496088
371,121.03542077223804,2.203507380334612,38.89320306857862,4.2030011598784895
372,125.11977783035466,1.9947203091769614,42.52206452937564,8.645652422685547
373,123.65606134595623,2.1019723303521243,37.75771017586171,7.259469815315138
374,123.60964220735919,1.9576180560037448,38.35929665788584,9.177289384549558
375,122.71776115410469,1.9442580064446258,38.38267113248237,2.7038509828115367
376,128.21572461107286,2.2803497838639495,48.51104671058417,22.740327171915176
377,120.36399876451526,1.9753644035824078,36.705091333555586,4.366173489287833
378,114.78908089459381,2.2639108013446725,44.052785086326175,21.705423146221435
379,136.52744152369354,1.9396354495557806,52.14116703532567,32.43908185054802
380,119.58113176403384,2.259276604023351,38.109417931082035,3.6679029596422983
381,121.33442937746341,2.1022634862074074,37.93435118500778,4.343685732820937
382,125.05960712306764,2.481323106730129,40.594720289635774,13.924741550714028
383,116.03299542271733,2.2647437791158134,43.53025236005252,15.192191166632078
384,117.11989363627097,2.4471565785988285,40.74816585346622,8.72468530927737
385,116.03603839493155,2.0488706567149615,44.83874692323663,13.316886162879934
386,118.53817750092118,2.211228668048834,39.12321191050127,6.87449212396426
387,122.36287347865267,2.0037825683767445,39.313863451961495,4.827932779989164
388,122.6249823127196,2.1172789514511168,38.84510274464643,2.874795533816824
389,121.85644995591852,2.1475791554510746,36.338679084921154,4.169246025206553
390,116.62042575993367,2.0548283558625724,42.10189188687724,14.55271336463262
391,113.83867934643881,1.9568994282308612,47.67628164155957,22.425405200676494
392,121.16849611471018,1.9172965352694695,37.865688917265935,5.013754931359603
393,119.53749429572116,1.7320503768585207,37.5018929833107,6.215621756288642
394,131.34498392530216,1.9887307072993086,46.670708269321864,27.46679849037197
395,123.17605624128593,2.325498779334369,37.296687929646616,6.87418933352604
396,121.42854843938191,1.8803002935973436,38.05951620114054,7.342774989522507
397,123.35641256466515,1.926375430749339,39.96572989581275,6.006895734321851
398,121.71055525975672,2.558179714246583,39.290949771078644,4.883852477054044
399,122.64320058736455,2.0727007900303493,37.60060571221985,6.168888033519858
400,118.81551288510336,2.2642092018329674,39.07291273400221,5.3993417947884765
401,120.44320461712248,2.328463429300099,38.30759570643167,4.921443601292186
402,121.61000589963656,2.332505225956256,40.09312774687571,7.017534297202206
403,123.543638273794,1.8955371538783883,37.49769196796496,5.943840817693828
404,119.77940236610382,2.153788064020102,37.14333557985969,5.721619663186443
405,122.61561849276956,1.8763545460963218,42.22005032567628,7.460171838108912
406,120.17589974506232,2.6892635717820648,37.79438460149867,3.8712139378217056
407,120.6356192812828,1.88102494719688,35.570918174923776,7.3277568638289186
408,123.57150903027463,1.9904319562260362,38.69746972605986,7.652909153925895
409,114.82151284973212,1.9918798290316992,42.79867957462191,18.247063342764225
410,116.98093578296825,1.900667904655424,41.866829905930516,7.038026182198367
411,116.40522526792725,2.4705187819513093,43.69735025283041,11.879320553647375
412,113.76579002847025,2.6844895802166993,48.328273571660326,24.22285345993924
413,118.89738023551895,2.1048501761374765,38.36068107335004,10.063508991619907
414,133.96743497614654,1.935915370631118,44.15017792837431,29.40663093056488
415,120.11685939421402,1.752614900254796,35.89630610820948,7.612788905734673
416,121.61314925401975,2.1511782562955797,36.36466686583569,3.034284512815056
417,124.37657423980346,2.1367269153677113,40.21172605508862,8.949476017175897
418,125.11582701002985,2.0697407747279715,40.74877174612121,13.448429432196772
419,120.78567240234896,2.244275050795246,37.628079023489605,3.5293839659303483
420,125.19611625766512,2.2790346285630974,40.23075074729667,13.196510071793444
421,121.28559264114574,2.2646166515875805,38.29655142616681,6.621851047577443
422,118.40406550613487,2.136775025606303,39.288549686482554,8.080581495808241
423,127.88205466522443,1.9796756340851478,49.49935131761064,21.431294950250102
424,116.41033681104845,2.3331666195613434,42.8948211519881,10.698792072118284
425,118.24678505342568,2.2025027518843063,39.93633945349368,11.226288048510373
426,119.89014826696926,2.3776715049669304,36.39079003035935,6.831658587934624
427,123.49111356007367,2.3580151098944464,40.005611306358574,8.019147006097375
428,126.33438647661455,1.915647586190577,43.83012307566963,14.375073157076606
429,116.71523730233118,1.9131555585084796,41.82244430262902,11.697673077587936
430,122.21776515160575,2.0488918562518945,39.688993121490434,6.031996000505941
431,117.77431378861165,1.9887469183418665,39.35384511408304,9.601531838013113
432,132.7911919096852,2.35105035519522,46.70247835387105,26.27753523226171
433,120.59363138286805,2.270261935197584,39.91414768884277,3.7711015094217317
434,115.32419193987266,2.4198367987570624,46.065875138363104,13.688644762966948
435,131.8288461497225,2.279297363482184,49.47026379482396,21.974658701833278
436,119.12449779029293,2.241729916374674,35.93167065918053,3.1114150475985825
437,119.34490926104198,2.439945956068834,40.005136966458544,5.543807983476703
438,117.68376752500195,2.29394546794701,40.56422810194137,8.081628562668733
439,118.97172184226858,2.213620192687544,37.93630399066078,7.5741908649787995
440,122.32646036615424,2.4960906067861375,39.91272040953745,9.582758353466298
441,120.41334254309714,2.223036176630558,36.95569018864159,1.6257362546921383
442,122.0188522070757,2.139131879016416,37.67697132466964,9.884272494557017
443,122.12195774717942,2.03243534824447,38.9592910946324,5.197733412933425
444,125.09405113213732,2.3406050918090826,40.239792346862735,11.727275631522117
445,119.93736293232043,2.447410108368494,38.10609827578428,2.907038038677265
446,116.42174076777823,2.189882519713314,44.02717901052062,14.430216142528357
447,134.0843404578471,2.461583124755968,48.90835953006882,27.92565263366218
448,119.97238666649851,1.805996993605685,39.8539718537726,5.452808125858772
449,124.45523657818987,2.1889093250384173,42.10018822388527,5.697499215625818
450,122.18846905086566,2.191981017579113,38.32080074541852,5.834574486013048
451,120.59347365636962,2.0546011255185306,34.9985942177098,6.86491609907441
452,122.08120527154351,2.676772207596375,36.819677080847065,5.1602222863066585
453,136.26681185787737,2.186761473462248,53.79283211047265,37.77390044314329
454,127.43863964006664,2.1184538456791135,45.10501084484937,21.8621289717167
455,121.21508151891162,2.205192422686701,37.58547684798798,3.9981097937144545
456,121.49659083928293,1.7994372522948343,38.494277339360885,8.31702719329595
457,124.3363444881458,2.0480264149310172,42.35930470407775,9.181978522470953
458,118.37845079842123,2.396647993889081,38.76442884219488,7.699898052201284
459,122.03251815511659,2.074210929013445,37.39800660113391,5.761197132171069
460,120.91982517134305,2.034224967439946,37.933234664248886,5.333949727890699
461,121.97311545551841,2.46190512730288,38.66451667250227,0.534180413767916
462,118.41655670155684,2.468050880190366,39.26779856516467,7.183500590134332
463,116.0723407707422,2.3033980944322288,44.70605045908326,11.107140621732684
464,114.573751348427,2.1089765331922665,46.04638079806863,22.743872940355136
465,117.53610924973222,2.1521057869767355,40.79588782194671,12.413046379697018
466,119.57810661668806,2.0391700076850086,39.0235682978925,7.526306109392813
467,120.09110608138884,2.0010453761942713,37.661436741285826,5.036042723407032
468,127.0054166035315,1.9911167023383136,47.02592920556176,15.907531624143111
469,124.42857944671262,2.076389118642959,40.779780648547494,8.064901055423421
470,118.01751753934096,1.993055801863051,40.982443785288496,12.004340192058049
471,131.78303889499375,1.8872589762913703,46.771125915985245,22.769289177362893
472,119.738057467314,2.2438805339507812,38.83967571320983,1.2817434611971699
473,120.1184721020757,2.2469191161786877,37.34885083175598,7.4292964683088405
474,121.57450951318768,2.5401585516856633,37.2526102430149,8.166477329134098
475,122.91943046262372,2.06633232632906,40.40224235009395,9.641984460913163
476,119.94829869995955,2.2592201179246545,39.069500215267915,7.559987676651094
477,124.2979397514765,2.2625425158549604,39.06295473687204,11.289629698275204
478,117.45999149895854,2.1492324877748934,40.99208769328935,9.68665580630775
479,121.01965109332303,2.3488667177499356,34.91417608680708,1.2551734732799171
480,129.05278855244708,2.355045837370143,51.52030655068377,27.949565193498
481,121.69154720213835,2.2654822190395083,39.35454823681866,6.548371404071776
482,125.44296497047914,2.148872058990441,42.18009703503452,11.851965097640766
483,121.28371255233695,2.128493978289093,38.17099488928362,4.884583858718473
484,122.80040899552237,1.9264492202405883,34.791828340778466,4.502691118770448
485,120.82397209738265,2.038816444276462,37.49688717737297,3.307541425658103
486,128.45295395351465,2.0755984952196624,45.58666434305208,23.084483000234993
487,118.5836045701512,1.9752056475141133,39.889449550164564,10.804896508460237
488,122.33393421276841,2.2879847933375332,39.64252613121337,5.817753620030333
489,130.87733136433894,2.4393255737974022,49.1496300818218,19.30811791661751
490,123.06331423257163,2.01838751353417,38.72124588050178,4.82641265944609
491,124.36438971378232,2.2566882871489278,38.75845333393212,10.38258356605645
492,122.13624736243541,1.9931777720940582,38.01815477417596,8.99520375009148
493,120.11262892597736,2.139015565812168,36.533186451945525,2.5700611161593145
494,122.40729329585696,2.061934084164445,36.033473216777026,6.774544316631928
495,120.04311352780613,2.3203791297212883,36.79070579740313,6.5446133632592485
496,123.90019608894197,2.0642423652315647,41.81174059809431,9.14635045229959
497,115.32264113893312,2.4023320827413297,44.73939923824635,19.6026948419792
498,119.9596171588322,2.1508558452675604,38.52396779229358,9.447273362793922
499,114.8284828151156,2.070079258081034,45.711732233373674,18.08704953920513
500,116.36531142629566,1.9493389475309675,40.39795807326215,13.997148338426022
501,125.22797291242313,2.2506409020590703,43.149613151009035,11.616558272743806
502,123.77507344411222,2.3790436804452364,36.87036959463545,6.694342360490485
503,118.76961127681714,2.254664251307375,38.37318896860112,7.455668747849364
504,125.03186564139205,2.647766333282885,49.492078824467534,30.685029563412538
505,111.80996060269088,2.485957490494084,56.88013784375945,35.1720529457251
506,119.31516392540884,2.138494447056597,37.680097485726094,4.5192911113616905
507,128.50328653796694,2.1363945132385864,47.996498023612446,24.023992889066797
508,122.3481412415373,2.2939393438970708,37.35842537753336,4.969895584164963
509,119.26532591324658,2.0323961639148633,37.68861533729028,4.65253945117049
510,122.44174864945094,2.4332576613064973,37.45227907330099,6.523248913918538
511,116.16102910571723,2.272320104368717,44.412516816727354,14.189886743457363
512,120.07829757563734,2.2512917821717067,36.609214167415836,7.358420817362277
513,121.30838016634878,2.3373907335541633,38.412194688709015,3.6038019529438574
514,120.73308797935475,2.544565976673812,38.22145939427158,4.127725205533018
515,130.1829080323798,2.234191070437501,48.76874495231895,27.295655616440158
516,122.06840020133177,2.1773919258257233,38.07805394458726,5.286975504833469
517,123.07181065613479,2.501743924664516,39.97279812422904,6.759588743783883
518,118.86604592508465,2.3935100831982274,38.7779410191242,6.461118927195008
519,123.7832277660727,2.135804031923256,40.26890878008461,10.063983434814432
520,126.04970453763437,2.2010372897318042,41.656070088407716,16.351267064450354
521,117.99253648908062,2.23907618318776,36.56010259011409,10.480788260447842
522,118.24814346728486,2.2723625889209966,40.156808072497945,7.900928493405784
523,125.14093144259272,1.9286800298121773,42.33294697054666,9.543931267059445
524,120.40683364124531,1.8915030784396882,38.69555922551228,8.981051062947987
525,125.35184631540633,2.0225219955995093,41.484072328460364,13.455485279735974
526,119.62813929313423,2.007052311397732,40.35067932366278,4.991048565019252
527,125.51064128643921,2.0712351972054996,41.87825349882646,15.026315494419869
528,121.40760603209691,2.326942128418001,38.58369411460247,4.240492998098345
529,121.80050935230035,2.1662141687350527,38.91400644159177,8.104621794150562
530,125.8506258671767,2.239278921002038,45.410647894405066,16.243740675993845
531,119.87851151992307,1.9551393179915477,37.86456350468117,3.889390477636839
532,118.08252150263263,2.1076715594158113,39.02341899407431,9.284429049650164
533,128.8229730656402,2.317451532348968,46.775268235508555,23.336289144356336
534,122.40223524699373,2.3189904916353603,40.45065512000176,10.856519769983075
535,116.14614687624041,2.0550852343624184,43.731010011509866,12.035589427956433
536,122.97615979821848,2.2323324772759108,39.448125098243466,9.288654868121485
537,119.329808915385,2.639769570696467,42.66541393072913,6.209295824958351
538,124.55821924827404,2.1964804141488727,41.207961491675526,7.272731527772681
539,113.57779305480854,2.061362610771511,48.4265964795646,24.253228955351783
540,118.56164609717707,2.165247522127568,39.05335069869973,7.28563246048357
541,115.77194873117429,2.218435421505367,42.74593728378017,12.75449065739549
542,118.43868865427174,2.1697663238618903,38.92864056518878,8.089240409232609
543,121.76776429343772,2.1937290598646997,37.606315158680154,7.226149289044579
544,120.44439746110577,1.9113106406126321,37.3047810114825,5.760624206146826
545,120.21452953626115,2.00747390498281,36.324464789907324,4.386433577470376
546,120.50652689872182,2.1701329525857007,40.123825578144704,5.003133565616553
547,121.63050354592183,2.166946405995513,38.47596009648231,5.330504774589442
548,117.87353826997636,2.086762145028,39.857334203736215,9.034078124469826
549,123.19123388678706,2.1645972827847126,40.04126048662333,8.989205529567434
550,123.054264508195,2.2122029710828413,39.54078804462274,7.193686465803951
551,122.19361760673391,2.3778826913049054,38.671837010607796,3.033529452490365
552,122.72525367252892,2.18015765295479,39.54532754620327,5.173365045322573
553,121.91889580250684,2.2798206410596507,38.35987645597648,5.810969320256251
554,127.3087272384663,2.0916799397132158,47.62729655534974,21.265850300691152
555,120.73000806973722,2.3144191447196967,38.99508303247065,7.691421713761905
556,120.04804202316281,2.2751460595224717,38.41090363326872,8.889080545398551
557,118.66406450089212,2.3731634006359643,38.91393798277337,7.357975484998006
558,117.7999857212087,2.342692092488898,42.24233724647309,10.234319418018611
559,117.14213745843666,2.3177471245762296,40.65301074400599,7.645609270993489
560,126.96382763659241,2.180316518268444,51.074001306104535,21.61664275499384
561,120.78089081687858,2.2489878454088936,38.54864287746897,3.173801299169211
562,122.03631489834291,2.4127017856903055,37.44384347713331,5.457057527050591
563,121.1585403815117,2.0695850861194414,36.955360610660435,10.965490207256526
564,118.6268406399679,2.0743184442606273,38.77900714945295,7.747912920599612
565,123.79057214846189,2.2362862795900726,39.07332253234137,6.2843074040773
566,123.29217928413294,2.283055938053091,37.260329161403284,7.813729166032893
567,120.50509024699174,2.035178700147199,37.206942238721936,4.3032846277481696
568,118.9759599515394,2.1850474873173384,39.247372265934864,4.808444526220996
569,122.70012655457238,2.181200245154243,40.28162132573685,10.207615718988702
570,128.72086950668833,1.756943976879306,47.78732508750528,21.863626643135596
571,116.51080549581336,2.1560812021482483,39.054235957330995,12.910023141238758
572,120.78926120644834,2.1685364334303068,38.8434652137882,4.471079542217334
573,121.81231101743059,2.1679414114353963,37.41956949992417,4.840447198516513
574,118.21094616188796,2.4831828549154538,40.30034478570934,10.85330300616451
575,121.58851451779607,1.956840340298225,38.057821017310665,5.903719589742539
576,116.49005029570085,2.035075485759078,42.22422827985487,6.461546445755038
577,125.14217691003773,1.6775608403361333,41.641772055540166,15.804953523669202
578,124.86864495368424,2.103816666765172,41.26345943033592,10.786063300430627
579,120.21719626366081,2.1208712891748,39.882538435435166,6.066874702265461
580,122.12670844730113,2.098004564733149,38.25372558033773,7.7090353193530134
581,113.52924190602039,2.421535467896752,51.68988680286317,25.61854464645867
582,117.41532225317746,2.372123504467393,42.048858826283585,11.11659646565958
583,120.0892853475284,2.215571344853461,39.04962747106857,4.685215824385905
584,117.67638763357674,2.1258773892920275,38.10760334952458,6.729628591248437
585,123.21462909615504,2.4052379336213727,40.53063050038811,7.44904599653684
586,127.19161924531878,2.19604842803283,45.838681071004146,21.33771994697237
587,117.35249436976916,2.0363459922163085,41.857390876361656,8.62567920197006
588,118.40386344733591,1.8567502645030898,38.21849081680475,6.175728159869934
589,121.72988994176079,2.1117371012208634,36.57660639566416,7.70639535920113
590,125.99446006034883,2.3509287234345217,46.057124242652876,13.061855063278792
591,117.2106396311263,2.6553077379086183,39.91495745425239,9.44567436553136
592,121.77201197915151,2.2123220692378953,39.62105917987703,4.699626754985844
593,126.64602643752063,2.046928896975939,45.167021615167506,16.233701222731764
594,115.87954664064426,1.9630069583431573,43.22203329730601,11.386752529654231
595,117.02868545877791,2.31039097926112,41.41141707114157,9.695222501033605
596,119.68681951997141,1.8470767895231464,36.68795460859748,6.241254276960315
597,119.38617592014822,2.3100690202809777,38.555093501864086,6.535701934980483
598,123.5190639920363,2.3635423212525826,37.98848793904949,9.621175988492055
599,121.74914513144459,2.287255890646573,37.60939112154458,8.891271671958627
600,115.4976176151094,2.1560676656122886,45.863656053262396,18.670392717006372
601,122.59777224899251,2.312988130709363,38.89208063464808,7.831346185618183
602,119.20962944919748,2.23418767422566,36.778372227475124,6.039303625755629
603,124.95078637251784,2.044375231627882,42.540851416468016,9.479218303527363
604,119.05447863704555,2.5700824644750053,38.823482051734786,6.558737702565216
605,119.02649262238307,2.129664124077897,38.15200005235971,7.675755641896458
606,122.67750799349405,2.355150460089982,39.58976647009362,7.746593390549517
607,123.3650720952445,1.7162771434608572,39.01321563538482,8.341610999176588
608,122.38910802820223,2.455294176556186,36.90915690320607,5.645133994291061
609,115.77464831610709,2.4937527489309166,46.409098673364234,16.25154333282716
610,122.66790676377758,2.205966757425328,38.589547178225814,8.569327300087904
611,117.79364503980936,2.311754206947552,40.155955902935716,10.470553975487014
612,121.72935594592361,2.3117030363215125,37.59039449783814,5.325361228738488
613,116.58642325026291,2.0714432860718555,43.819480600975226,10.43356838827552
614,122.3835986573835,2.3094244610878683,37.7388138932523,4.240642719812296
615,118.49954339664714,2.038273906025489,37.367028493100115,6.093985644012676
616,117.02383258419238,2.078248615270935,40.59589864961189,11.221910438967964
617,123.21284242309544,2.4253886286424597,40.80207473027043,7.9014621880635145
618,121.74909801719792,2.3949315381400407,39.205224334555616,2.7087903396857946
619,119.09667191568202,2.0587248995768417,38.465464366783955,5.510339522902992
620,134.47076724914726,2.053284731299792,51.09505749514078,26.297634221043552
621,119.6339774931338,2.0708806795084658,39.38284874510675,4.143714292057313
622,121.0995337893099,2.3465279132930985,37.655613361822176,6.027885332138284
623,121.83363168780366,2.000003043837921,37.93720438236888,4.859115874077158
624,119.0790356042013,2.2713425278071906,39.23993597771285,5.117037957302612
625,122.46052250953979,2.349369362126859,37.38783468562897,6.047684421958243
626,119.34629772378935,2.18235090994138,38.6074974531979,6.902488552620793
627,119.72392120112976,2.4020127393729855,38.759310336201025,4.157727048211282
628,125.22419218339036,2.1391379661020418,39.73257980229646,10.984366339128979
629,117.77418323721146,2.157228879801217,40.043180213820996,9.730651742364142
630,113.52038097411858,2.004550753773629,49.91386112893661,23.332673922012695
631,125.99390468453687,2.4034354695240414,44.82308690556107,10.778941402578347
632,128.90291665308172,2.046695910604226,49.342494065668056,24.14014176213418
633,119.74366527710707,2.269954363543012,37.851285100293396,4.958135285873017
634,114.99580207407743,2.185736786574813,45.30480535982967,15.31264273179874
635,120.03749967379258,1.9894433873776676,39.45190176624694,4.863570806447419
636,120.11270885549392,2.0781793712353362,38.116592286351796,8.638941368519708
637,120.411236092831,2.476574447808147,40.41118448579276,2.701988091826221
638,117.54849707004227,2.2403315085268964,41.48170934108979,8.832556148619737
639,122.79663954167708,1.9981699317266317,38.1768511089515,10.381148428066801
640,122.62597286338686,2.2610656574697385,38.89318961107015,6.900772871018515
641,116.36734257856016,2.1707771936810913,42.26124380039247,12.012855928343946
642,131.59307178392805,2.8908092804488366,47.07068916650668,22.691423342804253
643,127.36332344403226,2.2570247682684546,45.176357728463216,20.187948604626936
644,121.53307703055489,2.1238750305867273,36.991712876968414,8.521426560368964
645,119.95429199758763,2.484005583557421,38.83296804390944,4.574104975001482
646,120.55979003533669,1.831792766541431,39.63611604219825,3.828365147058369
647,122.90729597760254,2.21886403127622,35.937751973178386,3.853485688880164
648,115.63491802292762,2.598885698936215,46.119315597343046,15.470319079016031
649,121.50961117922964,2.176760143128049,37.87495911492267,2.6200902412445037
650,119.7895617566653,1.8533397910703844,35.873297912485675,4.831619272163114
651,126.72825754016374,2.1208164071178808,41.31659938376126,14.958028518145284
652,120.46006452520463,2.4909036081918075,36.07593478417659,7.342870280374676
653,126.1704515944705,2.2752139192641545,43.85576901936875,13.590796255769979
654,117.57840383687578,2.0322287780974966,40.48994301761986,10.051729729437906
655,122.82050341708866,2.0629514385641956,39.552291757281026,3.31220663886275
656,121.9901408177528,2.0880599457700377,37.50135001374639,5.792995807103472
657,118.30595353161918,2.2722395768107995,38.156282291854914,5.454255649692884
658,121.54992795537451,2.467639226587731,37.529520262383365,4.497115114769105
659,124.75880839417796,2.4104846025598343,41.15199429269645,14.346309081536772
660,119.99624571671154,2.291202436421826,38.52165961891024,7.323764248184654
661,115.75491578757374,1.9336710479885035,43.02648573794338,14.58483403102565
662,120.94555523791992,1.9344134972013118,39.17253284150191,11.279027109829357
663,118.20248840614322,2.306650404242753,38.913919842666644,6.200292979507788
664,119.93874309014197,1.9309057804134213,37.11714599929634,7.808104305995682
665,128.84379505936332,2.1548865957862793,46.100495940473124,20.450348225838265
666,115.7124781303519,2.2608300892372357,45.54802748325493,14.521807393171338
667,115.9914591481059,1.9724812009274624,43.34617053349739,11.41911798743915
668,122.49440719012912,1.9951475331282276,37.588448072989415,6.47046273614103
669,119.37957204187398,2.1811757870864366,39.781613164427924,6.225368850416394
670,113.04929254035625,2.300730057504811,54.69259790587703,26.740249069643372
671,131.26662573589417,2.4123037540827514,46.05470435327787,26.529806723586283
672,121.84434624135014,2.3214106869541107,39.76083772568713,4.372034152643435
673,118.7869880454869,2.2147313189984392,40.424334156127166,7.535115989620188
674,116.91782634571945,2.05076104928859,40.878779506458656,12.591503996811326
675,123.59100447857445,1.9858186008310963,39.51155136037753,4.731536175894748
676,122.08298692993733,2.097824582334171,36.59072133327614,4.188513992463953
677,128.38606707632061,2.2819871169961137,49.73545216202949,24.396231237467656
678,122.3025846560473,2.267324741325469,37.55923241309393,6.991145872073258
679,122.20187973791225,1.7800196028549757,37.79404153464056,8.40593197179232
680,120.48252341666345,2.0428645943465,37.084048502351926,4.883552087422534
681,123.53200518832246,2.4409015103212313,39.03720520955797,6.842572614757366
682,122.93776412386927,2.215843009560828,39.517987048090454,4.8562929725082356
683,124.8803475265521,1.916598217379403,41.15722184032819,11.096953699523013
684,119.38389895222441,2.6711642363196306,36.15090701417469,5.549600518791098
685,119.65023683387372,2.1942116535370473,37.43085259865084,5.316989912252069
686,119.51478017017286,2.2768667918626817,36.51007398911486,5.793669118830954
687,123.45148533565487,2.2799049512090273,39.639429970981084,8.351516440797441
688,125.64496076491987,2.126480906767963,43.40095788495235,11.680393126635158
689,119.57759447123716,2.0544852636357214,38.778624935826535,4.441032751962361
690,119.68320144384141,2.624334997013188,37.35784514496109,6.6271614067802656
691,121.97363939399638,2.4006411739235505,38.52946431516974,-0.2170865292373385
692,120.23813934996001,2.3643874402217353,37.51654643051793,4.2561625475705736
693,123.95136632473366,2.3152578383436424,38.43663081553448,6.061209065096154
694,114.01949039908095,1.9993365219276633,49.684562039096676,24.540820624714954
695,118.43721435455763,2.455506038348055,40.50836753802771,6.660982343738418
696,118.57450936471952,2.0313734683976503,40.527825186211885,6.193691068633923
697,113.80689636160295,2.2566573596301294,48.592109609556395,23.216876261471075
698,118.01272082245671,1.8721220189070864,41.496415121109415,7.1921352955209565
699,118.16301604087762,1.7918282298704962,39.1290082298234,7.251935794019472
700,120.37657557099162,2.263658240530623,38.93505648211064,5.520540086343559
701,124.45019426414682,2.0381801465610185,39.95465844098067,8.564467335561147
702,120.24031198130882,1.8021664857405455,37.835790881993944,4.5864809006931555
703,117.80447746715943,2.3081219005894154,37.098968922130254,6.854677910210649
704,120.82344092223806,2.624016154210158,37.61437090500485,3.018721480790042
705,124.25243822646819,2.4779120517160127,40.445654928558675,9.017634151368567
706,117.9745276700438,2.1485364229468655,39.48070171767974,8.986259955358776
707,118.17721785984351,2.201769061339389,42.0360262708837,5.2753370305857565
708,122.7315017737501,2.377541251356783,37.14837573542708,7.693223126598515
709,120.31323804123451,2.4244256039669816,37.371105629126525,6.816765211469614
710,123.00720254119938,2.1312928562348605,37.710015256125786,8.462011077218415
711,120.95769494543458,2.206835543144915,37.26748366518708,5.77041566218176
712,123.17515730907766,2.2601229613529075,40.38172503205439,8.066414252280982
713,117.79125784647401,2.3107752640557666,42.18656709834426,12.955158277433924
714,120.96253758255637,2.173384711597747,37.089278361003934,4.627600159785396
715,120.34686095547421,2.1759829509862514,37.153940128986335,3.3624928623292636
716,117.23073813527719,2.475966465950878,39.62134645789572,7.2578534735780025
717,116.15321836160706,2.4419041404885773,44.866255297532945,16.757732755033437
718,123.12582200935145,2.2954821146872177,40.451511956388664,10.142387516932516
719,119.91204761512427,2.543821814004586,38.122624546201074,3.8575346274398417
720,117.83093112689328,2.1227108475547167,38.39453049974972,7.333139588783615
721,120.70184529553767,2.5245946897258764,36.32089583502134,4.615530708418331
722,124.49685845778284,2.30850308870711,40.911982481728785,11.805894732895942
723,126.26289507931128,2.854205224442918,57.944340815907346,38.45744310799215
724,124.0702777441278,1.9615036146435045,46.22683371356793,26.847317597674813
725,118.13905203012467,2.062130949556532,39.38300223929418,12.183035655684918
726,125.52965448683302,2.2837595656401097,44.61769400584364,12.974728664678436
727,121.87601964704982,2.2794468105957986,37.88606832422443,6.331978928951315
728,123.3786834454298,2.590027796835004,41.181319203411405,6.790645816866638
729,117.46550115070869,2.0663250633400936,41.59215003308354,10.457430095538802
730,117.52943878666137,2.380983703738777,39.24029144873074,6.538687119087795
731,122.3882225218404,2.432492600936399,38.04350290807447,4.27675754251629
732,121.18065042589988,2.34092956644413,37.839877096695005,5.4112220823251835
733,122.70109033847879,2.007800731615136,37.39835079620494,1.8981052223726032
734,120.4182199281218,2.4815517610508397,36.81363454179339,4.743680351965075
735,121.86224555200934,2.445864986263083,40.12236199598531,4.7683012835505885
736,121.49016916320583,2.3199169039580756,36.7822896722819,4.7089815922895815
737,123.41107890616327,2.240869537441791,40.680893227515284,6.187600087251049
738,123.50172567402785,2.2452216020088747,38.809469074705305,5.498326312669995
739,115.97839681738552,2.1842528415521247,43.51429854635354,10.563913967760623
740,114.03346747844334,2.3281570268505285,49.40756432596959,22.461420770485383
741,124.10541073271968,2.206226970588996,39.34346040537984,8.005015961698833
742,124.681947789112,2.0302950049294717,41.720758302327184,7.331823894130877
743,117.83606863950865,1.9902816710344817,37.54194295444524,8.822475063249383
744,115.23451023970856,2.0495927492695416,45.88461148366464,16.273899890970785
745,121.30700794512232,2.2444264485098904,34.81164669129789,4.357043349270862
746,123.88559850168664,2.1946088327129587,39.53696857213797,4.016237264593516
747,126.57254301954637,2.24306875865775,45.942227735946936,17.36589077002825
748,133.7772373752826,2.3001626267092226,49.31042082965202,17.171673328483156
749,119.84767824058434,2.0745358148166244,36.60419237353849,5.784959387226337
750,118.23129507308693,2.49313203366907,38.16589621898723,6.34729439778734
751,132.0052237381113,2.1464578345905054,44.566850753198835,25.73168392961707
752,120.0722794179557,2.1133146030436984,38.43142702630227,7.690588651746848
753,117.85328949224066,2.2964772474664907,37.536879997264656,9.67570003840147
754,127.3511425176762,1.8326979595249857,46.856951832960426,21.465029845892
755,126.5340220464236,2.0418931100554163,45.14244618820663,16.546622443386852
756,124.52175091902183,2.396214559738367,40.360652162706565,10.293628147718362
757,118.1453637667917,1.852515614187578,40.47568582373701,4.66796770795124
758,123.65055990532156,2.4235148393866313,39.836444324397675,7.055616245747926
759,122.98284186944349,2.502227313271827,38.160815076209424,6.148754687213999
760,122.37189143503257,2.1261089324352507,35.89701277575612,8.183693296999254
761,124.87396232783571,2.258362553485262,41.475105511889936,9.490818718098438
762,122.96965054286996,2.4238174169702056,37.61449714262717,7.0610662085664035
763,123.29404413254343,2.1066421623912963,38.40593505373252,7.470862420580964
764,122.97440947845385,2.3735551041052365,39.48048589684586,8.763985280546324
765,122.05645336480653,2.065770240973866,40.08807401510709,5.33651904282221
766,115.47080549788603,2.1044795413333643,44.676360044811,17.47299234728954
767,121.25922533997273,2.0401327071350055,38.73506779829411,1.9842754670480964
768,119.2758049275677,2.268529439838961,36.7762035590172,3.1738601041364434
769,117.03249303131594,2.4315938105131103,41.78222519553599,6.37103478650821
770,134.50467721317906,2.1631774135765673,51.17121682324264,30.300058256012903
771,126.35988555674568,1.9457501680175195,45.91823795472445,16.53489779529243
772,125.2135838609164,1.983458635542637,41.203347550817156,13.117973523949944
773,121.79116159225322,2.2789198842741083,37.82357716400138,4.132090344928059
774,125.18693787495323,2.568823282678854,43.233157536390564,10.264916519735388
775,121.03736485986566,2.2787449998628797,37.88066321909257,4.970498125405083
776,121.62867155838312,2.1226206898697497,36.64545634855692,8.081358450512496
777,117.61023875156785,2.353236793370057,43.84502914597906,12.4399419049622
778,122.23067304394641,2.152100272882651,36.93103175870344,7.238330780082302
779,121.18719637811569,2.1243429565271588,37.923599240461144,5.841202346519522
780,116.96177843781317,2.0083081788609474,42.03828594760164,13.444758810488974
781,120.84128895336855,2.481689768849271,38.35344438493148,4.722715550128838
782,120.7528383520439,1.6921584165008674,37.76677273844016,4.478592200160772
783,126.57243961659839,2.359571840055854,44.59126984005554,15.823087119056074
784,123.77206131839156,2.107251012440493,39.385139843468664,6.029956081625775
785,121.03548086118354,2.1179318537096776,36.549562939963494,4.8679228197225495
786,121.77124066038336,2.5384630312235625,40.92614365311983,3.2851089714905086
787,121.13705837212301,2.0571737815599898,37.71814450639379,7.154089604988352
788,120.3709666471338,2.063986169194318,38.863060541654,6.371495078619068
789,117.6444756880963,2.173921152216094,40.0420508347248,11.857008748062732
790,120.53173917941852,2.282769477162448,37.587046229078034,2.1811065430951135
791,118.6870954043772,2.111628843541426,38.58481932558913,10.685558883110508
792,117.12402182933825,1.8852282138928231,39.29030596709219,7.4704190865987155
793,122.58478762509736,2.026860363823647,38.34373391750859,3.8022577931735175
794,122.21292044579303,2.456266771292904,37.79454877110575,4.535350663698098
795,115.46120671475896,2.2149553578271024,46.27219269439908,18.42205018456368
796,120.6196776237651,2.2902174567407645,36.47611177131043,5.679215433187026
797,124.08667429628976,2.1477157585653925,39.34577147568138,8.071369797990569
798,124.28359359057859,2.068100460765346,39.20406450419922,7.467703278005275
799,124.18009421294424,2.5355138899750824,42.10014933691967,6.125272934865178
800,121.12063094139452,2.162361628589784,36.87297042297371,7.357085053424325
801,118.38035948329563,2.111326024094575,40.240743414230984,9.119295348858104
802,117.64053363519001,2.419228473271068,41.7441330518115,11.71976070617684
803,122.0682752047261,2.0555279282265233,38.06110683602714,6.353378610825547
804,122.175768106532,2.0810545312452007,36.51428043965171,0.6638560528627337
805,124.9907264459757,2.20204933680338,39.73029744826136,8.409356576218673
806,124.40993691606046,2.2000540208176362,41.67578063396753,10.152939901137918
807,132.4310268079422,2.251922269580643,43.76013381117034,20.6008924885818
808,117.1429617755313,2.6183338178790976,41.782518244680666,9.34506061559098
809,120.01076954926621,2.2672496492704743,38.36394075739175,3.4463710563405345
810,121.67341670391262,1.7243892074498401,38.59004004216821,7.159141698075615
811,120.37354193929285,2.265259788686312,38.69939918460114,6.204123406725922
812,119.20852826495927,2.2075759988979198,37.492289595295695,7.275543165632878
813,121.78394292640668,2.2086900048702915,36.86701799989071,4.211254006460466
814,119.43773100162711,2.2491894618792343,39.46635584745147,6.389186290056596
815,119.05299514045134,2.1942643424650403,38.01583414934962,3.9850364133138148
816,121.96550378634066,2.1894775813889225,34.6298904239097,5.279595982895587
817,119.75382300159947,2.3226088419541573,39.185032451744384,0.9404687896429866
818,121.75672360583289,2.0915838405611,36.778839060948044,2.4210000511130008
819,121.84693247084158,2.010462732872165,38.765081455513304,4.838660609479216
820,117.46777009661612,2.8047562905244785,42.5555309839911,14.07955130954812
821,119.50815251601722,2.0568285112437534,38.511425155843,2.5575512809057717
822,125.45710851374103,2.2200285824920156,43.664975167880414,9.790232580316243
823,117.39755351052371,1.9008679498249266,41.055013540795876,10.15403936205536
824,114.43837120819136,2.2232936830102847,49.53575205491177,23.63114386195
825,115.22828002494822,2.013354889862133,43.94806608210634,17.243590758921442
826,121.09024083438767,2.111505411429998,37.99111207526058,6.536919712244741
827,121.09584356190136,2.4090129331542247,38.87713100399266,4.561767969639972
828,120.63540634818213,2.294401913675615,37.78170899269504,4.276343966846246
829,124.76398846967835,2.313681904914964,42.61475871962022,10.314813488883793
830,112.71421325738089,1.8457590323216275,52.54228622635175,27.978241838267305
831,122.22739501073555,2.567379033965803,41.02161216984083,7.103386222896197
832,125.84045842559108,1.961623737811625,45.91346506492657,10.348596611459879
833,117.50387962883569,2.505712162858773,41.055722278022905,11.168975539261506
834,119.82259981345132,2.4043087731962975,39.023361198303675,5.759889643124933
835,118.66603505659127,2.315466548356936,40.74759918486543,6.6986176746296815
836,118.22752725715966,2.029003043818324,38.147696505496796,4.768641124073214
837,119.98858778442857,2.2303179689639046,36.51945000840643,3.6964356576365325
838,125.42520437942197,2.105815717871028,43.941480023939114,14.331289628832424
839,126.69589869401132,2.2058079143010585,45.493702639871664,16.158803580090552
840,119.95858840237554,2.1500255481828883,37.94414156567295,6.108545425641716
841,126.90568666359985,1.7922778986855186,45.68742998684216,15.735886413718243
842,121.11028707865233,2.424356830196918,34.9008219986646,5.149053325072827
843,126.43644218277335,2.183778568690128,44.25434778466613,12.937127370895144
844,120.71077418607418,2.103039920099553,37.039442584765844,5.419054333151355
845,129.26329273867498,2.0879345534340468,46.296298396196946,23.596725760772127
846,122.13297086519279,2.2716919152733537,39.57593706780187,6.258436025133028
847,130.85444640603936,2.021248732341106,60.113909377659326,37.471728711394405
848,123.63898528201885,1.7489648883051916,40.04622977355555,6.9875882917582866
849,118.80747995715046,2.2814259606416556,37.11102093708898,7.903169325769027
850,124.00389339785517,2.3038205995913645,40.75297862404506,7.9564500099588615
851,119.87831913503854,2.1600736350644736,39.09501428100095,5.094478560541034
852,119.48177443300625,1.9704194249619984,40.12585240179952,9.62334156168428
853,123.81666421566554,2.2177871081778573,42.49906416299763,6.169879730488134
854,121.09636532209058,1.9070935263372824,35.80171410492326,7.256045285724634
855,121.8635853349866,1.9945538806624683,37.65905164547318,3.2671296101220006
856,121.04335418778241,2.049860412699168,37.035466880526684,6.444741917925083
857,122.04340769247685,2.3687878141783116,38.46377325969897,6.9265347248875
858,122.31739428205206,2.127477809912617,38.399238508447816,4.837740898425829
859,114.99540250861321,2.110426717644708,45.62783533238089,15.506110841310981
860,123.06637527268956,2.5909385030822496,40.275265158689756,2.950644281427499
861,117.95573979852607,2.270492499437743,38.60701596380616,7.2749163940392005
862,116.52887267976583,2.2677989020949654,41.044557585413386,13.196658260919964
863,120.81892514403809,2.1260598509582453,36.675720530334104,3.1639823377223704
864,121.26034111027481,2.080725666472645,37.54648518496002,5.4079244265497755
865,118.85013088982593,1.7627187119965702,37.41965890130834,4.012461400777616
866,123.57619875877072,2.3937481063847117,39.39695307439314,7.07849245064459
867,116.83925698425018,2.289661941151276,41.593454884464265,9.079740437111218
868,119.73847437880507,2.1641668013573176,37.32764866824607,5.608843458926532
869,128.61148704605392,2.172554659632749,48.28638144201145,21.228594969753047
870,127.58093453747335,2.3472288524522114,45.193274469270925,23.935091221008584
871,121.86447928240644,1.8890579853840295,39.54585294777753,4.209703942409495
872,117.87553185616702,2.082023733689239,39.894141453436205,6.84190737537971
873,123.24527630011431,1.972739427421494,39.07762509134734,4.467986051898172
874,121.19530734183756,2.554301856497349,37.27677476462442,7.270567803271373
875,115.13496661473307,2.3751311063706604,45.558535151568904,16.555183571146706
876,114.9283665347692,1.7594614717729273,47.036141943916,13.918428174398752
877,120.96181019191914,1.897247674672005,37.465586359565684,4.016276927074536
878,120.3150013148623,2.173530865328503,38.77716465499595,7.102180375778834
879,120.67939764791863,2.1055119575855152,36.96604184163576,3.7893936506670216
880,120.91325438475633,1.9351235583846225,38.98842119156695,8.048347049071296
881,121.69923550248156,2.5889524475300982,37.35368708783923,3.7434676963487035
882,123.93771379052973,2.262507982796516,41.005819544512846,9.177032116325254
883,117.55557480715557,2.2949632645726186,40.68936378516608,11.32203602890842
884,117.36688806200753,2.0615970101535575,42.881130371284726,10.675194371285906
885,117.61069604054912,2.3444548294356005,39.02693584837041,6.6090449135243485
886,121.89564166822299,2.1239134478035977,36.25744847422317,3.6900706030990706
887,124.85933687380398,2.1433313652585,40.47570342344245,12.63620326866059
888,119.66284774145751,2.322200391965052,36.593360523310956,4.297029889853091
889,113.24473048310507,1.8742004869879403,49.434169798772764,28.104257224302074
890,115.71762212590784,2.519405571970197,44.94678950963149,14.148689630196058
891,131.20691436411835,2.236477842944775,46.66819527970959,28.74270735740478
892,119.27104044876484,2.456188841756085,38.03406097884207,3.612651569092747
893,119.73399525551035,1.9849160486762365,37.8495575863784,4.60526041262086
894,121.11960148124085,2.0153669751943615,37.22673802952506,3.5419244571747805
895,120.03358637445041,1.9676199556800378,40.3509500832073,5.955523689537298
896,124.25295279268457,2.250059534532968,39.3718169917796,9.080671056462192
897,118.90434635238776,2.2131966603836495,37.24741405885681,7.616152276629373
898,118.32681432562582,2.107117636153764,40.60696856566168,6.769079821511693
899,122.48451416941343,1.9971861614229443,38.20434979986946,4.203886676256538
900,116.23950958322904,1.9466807460538318,45.63610497726025,13.478979415393047
901,122.20804428649201,2.190303219905869,37.63699428915534,3.7545609336307324
902,130.07182874399015,2.10688264408228,47.27179449668523,21.2100148747008
903,120.54292828125368,2.0628786015283476,39.452817732116195,5.055527560107887
904,125.92365593216272,2.509417897226322,42.65558872056804,13.065178999972973
905,119.07115691958637,2.1835348643614534,37.852698840067355,7.380286153326239
906,127.38692432862464,2.454008586785385,47.938193013717196,19.332388283931817
907,132.89004385307743,2.0933495634634607,49.00756299549823,13.52020422128865
908,117.04124902059229,2.2489552567597317,39.613982918807324,8.668381452096604
909,121.21675070108395,2.188904796748733,36.54336946341635,7.2260898405899034
910,117.66363987901182,1.8604755380963756,37.15152674209004,9.255334860826787
911,118.66955687177816,2.4856676612527826,39.96881524842525,3.905858986366207
912,122.23080323004802,2.172969278593517,37.992897498964794,6.399219733642644
913,122.72230447481539,2.3492836439265923,38.44179764760534,5.175624688636666
914,119.0712801292118,2.0495942555076883,36.619513947781705,4.840436209223952
915,124.06095594964384,2.167031123684047,38.63374623262908,6.3040497852767015
916,124.58827404986552,2.026629528015329,40.211309758188584,11.606364725433906
917,125.4525354453462,2.447199696552679,41.48749253606197,8.404328255412334
918,122.64118156208974,2.262281869490135,38.74575182051645,4.551405980475132
919,125.22662900746566,2.2734107053361776,42.68867497330639,11.680778323593914
920,125.71862427631366,2.471636829420996,55.98154235902177,35.495653241190915
921,120.01448969925177,2.431268259379805,38.18764858259359,6.59226126657391
922,118.31228370539738,2.353068507227257,41.039263615685975,6.120889838583035
923,121.36960016949492,1.9156545305925077,36.95108833269024,8.153583062654683
924,119.22850742049012,2.0608641760966635,36.512970701568925,3.7236306263010537
925,120.48491068995583,1.9992223727977296,37.60037759868763,5.796999663237418
926,126.83474212863256,2.34550673872516,43.41268922244419,18.042266324603055
927,120.47386863109682,2.2341303883500103,38.0799742451355,3.622765367989539
928,122.28275618328966,1.9218975132738811,37.34741159180766,7.101338997606435
929,120.27996507723488,2.1622511573977548,35.57350626101935,4.405066356512658
930,121.23471119266618,1.9011775328562446,40.26895234529004,6.540051882671106
931,121.01865170935181,2.1893687023860484,37.30124630794059,1.7048903242778146
932,122.3898046045168,1.8689254992025632,36.29603741069448,6.512499464992493
933,124.61245336019626,2.305765498676923,42.03858356916999,8.984434069739777
934,126.10692139257031,2.275592525206815,42.790543472875235,16.51266332610117
935,121.95982225391842,2.5815896986693767,39.61989277080361,5.438877179126155
936,122.82759534671037,2.3695746578994688,37.78141041020836,8.742572777029313
937,117.43232002152475,2.1154171488355,40.09706789699726,10.619383403647417
938,120.72758209851158,2.3636140186548973,38.46460775519146,4.983707957376476
939,123.91489734113912,1.9204672238109644,40.64044302697893,9.670390966550137
940,123.68450277909318,2.007505479263783,40.58447099615376,9.231005392437183
941,121.65599017166466,2.2666285064150222,37.97800760282241,6.247242095395524
942,123.74782127466065,1.7683500674504147,40.34831652466605,3.487310003329343
943,122.52137679788083,2.1925678430132236,39.47852640844908,4.143240643943193
944,124.7209494006039,1.995947341576316,41.3067420573449,12.675713663010336
945,121.89701338656704,2.220261411030653,37.991563716206116,3.0953244301611593
946,119.89733522172979,1.9844527283905475,36.38860788221182,7.302230549758225
947,122.04110789649238,2.284849627491038,39.01738564728451,6.921627026129944
948,111.9151574348564,2.203865484733478,56.21238598424139,32.7080980646999
949,122.18694578279366,2.480073183376266,37.772244256028245,1.9021540104303
950,109.68992024183417,2.2013469068203246,67.80303518260507,48.890332511524264
951,115.6572634370432,2.046271439007707,42.42367975306689,19.13892047630713
952,122.40048266291706,2.1506228288345435,40.56874458158323,4.246246235998164
953,122.48034094552706,1.9311527205966539,38.453154787076066,4.45790430551277
954,117.39647078156622,2.2812274509410884,41.26956665423708,7.849491410248413
955,118.79248367017529,2.317970049263055,38.55853088732806,9.213685426699058
956,125.24867706470381,2.6938392073385637,39.80408170975052,11.05640002796137
957,119.4995065921247,2.0756328018791192,38.31383283475147,4.798796328473664
958,127.95305296844926,2.146441085264964,49.071056407014055,24.80633158639252
959,130.77991208058927,2.0848482951123573,47.109180833446885,16.349375855701833
960,122.26491214833193,2.242422740226245,38.094557445488924,4.013349500799702
961,126.01231063534568,2.2763381068959228,40.67681494557814,11.66833083580243
962,130.08713866758157,2.189325031114298,41.718903764496375,22.899863817743046
963,117.89273365985852,2.4172651833746066,42.79174841477905,8.611183949110938
964,120.6598448997477,2.0766040992490447,36.605158429386336,2.2972752845530655
965,120.88960671781072,2.3972348095781424,39.85784536459653,1.81634553176564
966,116.76930087817514,2.3076995707282166,40.723426554427235,9.344111711913818
967,120.20692057884345,2.197594016020211,37.90118181037142,3.0651205214959454
968,118.69920450860795,2.137012671848571,39.97737591398607,3.165234717910768
969,123.86550904728105,2.685333551746274,38.740198481455764,5.984836460385203
970,121.10729680997429,2.0365982698515843,40.072412449681515,3.457776344777409
971,120.12333317764254,2.259586635393683,38.26752670332184,4.589896203167133
972,120.67083601507001,2.0499561859515736,38.622942864564074,8.454451210883901
973,121.69167825705911,2.5571241497242614,37.75736302805856,4.860444366964194
974,122.91212401903832,2.377365265759841,39.66070439124253,6.161284200750128
975,117.90089209112492,2.0643300242317713,42.16541392459228,9.529149632016223
976,117.77107833887406,2.3025189986862458,40.12303400170124,8.398172947764435
977,124.42450556774784,2.2515391442553114,42.82861907235192,10.064824065622338
978,119.72175569616533,2.0966750476050526,37.564385319170015,6.305036241308315
979,116.6077895129497,2.3516328434456346,43.23745770291926,12.184947811532703
980,122.37581939908762,2.2778610782208824,39.05228202127524,11.118793217013057
981,122.43644639870134,2.2431397427771906,37.06478652190817,7.653321493403981
982,116.25478270250422,2.1916160577515345,43.23171180012823,11.02570874921583
983,121.71139331793718,2.2862108985199305,38.12091341882273,6.080550312241396
984,123.28030758652795,2.245877532298492,38.03480676245903,5.5156310085584614
985,122.16059800028941,2.2118186666050037,38.761740462473036,6.519322153110245
986,122.95914259966032,2.0717968168024874,39.034589149617915,3.930527811525623
987,116.64676579591868,2.538753248152499,42.07477953632899,9.727945861094666
988,122.02622448048821,1.9899160113302907,38.142539360781434,6.222022208254895
989,120.06187874564162,2.2855272437759493,38.07660239073266,7.403596336593877
990,119.5033505079536,2.135951851539714,38.014781626829176,6.939010158345688
991,123.69872238920115,2.55190945388986,39.7840668809941,9.371908822508365
992,125.58575098309011,2.019303492555232,41.7893161812877,13.270444489270469
993,126.56254716926111,2.0529473476479336,48.26107716116705,16.357418441750603
994,125.07590440166831,2.0060363873476352,39.82272605303369,10.057531620947659
995,120.65982403694643,2.2646930101901224,37.26530143047988,6.785205326605712
996,122.09343250538166,1.9253898680862718,37.60556608569152,7.565728667709441
997,123.37715090253116,2.104294301048447,41.89582764957093,7.057876431165068
998,121.37565164282833,1.7695268354291431,36.31487006951637,5.027230475486418
999,121.40536898252579,2.2480842708256183,38.58985027002062,8.281184446470146
1000,123.55363470881616,2.0999570282487476,39.75754333429604,7.443566197473888
1001,120.81622379731961,1.9023886512136294,38.44111320846467,5.35562394613041
1002,118.73921049724164,2.417121880594812,40.731703330066345,7.908938436254332
1003,119.71513349590884,1.9384666203230123,39.94377219300501,5.591976790354508
1004,122.9651221709746,2.3593887380056433,38.26333125783215,4.992950188187686
1005,121.00927920271987,2.0597918352024394,38.25224162713487,5.918164729755783
1006,122.05465092829185,2.5203142755790853,35.82137084592252,5.51566648414899
1007,123.07724565082678,2.3499101077852296,39.07810979973184,10.210506860159118
1008,119.83799146501741,1.9983904258251945,37.26487178760043,7.170644587935849
1009,123.34436930725239,2.016583489557939,38.96683768498448,5.9922072628337695
1010,122.17441207072102,2.3211050410448624,36.11245019234645,7.067949715611045
1011,117.17207943057441,2.147524373857967,41.74998866761773,10.913486646029888
1012,125.47114485267736,2.166131498595727,40.19251068034882,14.684807676464597
1013,119.44769129435356,2.4544477723544196,38.72289569870672,5.046918806793828
1014,115.86920443612593,2.050262225326009,42.19705661509006,14.772256773277553
1015,117.76036450028246,2.218258754435091,39.20441905194997,8.685055426584796
1016,117.8347600018972,2.390925558730461,41.705275467338474,8.817671389767215
1017,121.16173728783835,2.36182349767712,38.77004829874872,3.5272776294895527
1018,120.15106343280667,2.1680774664958657,39.652516603897666,6.546474822326337
1019,119.95582090031417,2.1422188238294684,40.26751347054023,6.375740621391296
1020,122.92107609299569,1.8522369074958138,37.80722701883582,8.933611546429265
1021,122.05361361969739,1.988751001466961,40.19288552628774,5.569486462089258
1022,121.97974839899729,2.263671845314947,36.30602217054173,4.753472358196755
1023,122.27046821771894,2.172423562211553,39.325030123199845,7.264590640375552
1024,122.91001747080693,2.2149854157132456,38.161257653553335,4.967870033536302
1025,114.46534464048993,2.4078507219268124,46.184988361435096,22.207072850310304
1026,119.87024141798017,1.9625353781875452,39.07960880729822,7.704123853862647
1027,114.24134880008263,2.1527639395534703,49.27789751199176,23.576608026905937
1028,121.11178577307317,2.237742192682244,39.19259803563405,5.919957291562586
1029,120.98563778610453,2.059168012485097,38.27936323566458,4.275729068680037
1030,124.24115005184801,2.4862954227854837,40.48265629661877,9.084225460488213
1031,124.68166661743547,2.3817173603226296,41.666953759436396,10.666265079329044
1032,121.62860264958233,2.258026665417751,38.48182438220597,4.274030326014711
1033,119.4488806600696,2.5588463558657173,39.23307625693712,8.575010871305047
1034,122.50399944889179,1.9002209440779718,38.762842454742625,7.093864938173614
1035,119.36345532429463,2.1984547437788637,39.68484023648578,4.442173851341045
1036,120.99568278052561,2.273267393786812,35.88463395192892,8.777466508719373
1037,124.05702258257838,2.017088990641216,39.88532963787442,8.65592509746131
1038,119.27090882743279,2.260142908363546,36.8587459402717,4.167618917652471
1039,123.49760378165175,1.9786835012424246,39.73207804591299,5.805825794322568
1040,123.09994424294614,2.338111463654851,41.104657709775985,9.570206872833072
1041,127.9274676557535,2.4115669536257816,46.82464561907792,30.08372915318496
1042,124.01907179747394,2.254466680225666,40.170682433412935,10.308199683019632
1043,123.16555567065167,1.829440436987011,40.015151629190285,9.34805740925762
1044,121.31597025085524,2.0066412957667934,35.33392437257713,7.546512391516295
1045,118.63679728011428,2.3129420006426322,38.54989633417311,8.212795173598069
1046,118.33646134241573,2.2042397287024733,40.034646756752785,8.308232759996791
1047,119.33324601160064,1.6611994764615026,34.84508200537148,7.198064169751371
1048,122.68204283620507,2.4485660767736483,37.35258794162487,7.588673177962339
1049,118.03756198105566,2.2273313012507665,41.361843948934784,6.862577443230247
1050,122.3562879707216,2.036185067199991,39.70858972368124,7.234552556526445
1051,117.15055786047698,2.398991119513333,41.74661874839895,13.157743684801781
1052,120.36738738823956,2.0644919974186204,39.23490064956897,4.947961936970267
1053,121.33990803917942,2.0623095764791572,38.30505374926964,4.645267324173165
1054,128.57990344968263,2.2716705302028073,51.362099367107355,26.2146656948322
1055,116.73032146788687,2.556207691848459,41.600284227376505,10.346204822880257
1056,125.56324515611941,2.5247174355945776,42.731661885865115,9.986166852604269
1057,121.46451148336057,2.2719422997808216,37.22538809965768,7.456185997560681
1058,122.27463294584949,2.292477131770064,39.9999599596989,4.9118338072812096
1059,121.36687853150343,2.358299786416965,40.00763920086605,5.282162249475738
1060,122.37865313640522,1.9486032649261302,40.212037224420584,4.706001986766657
1061,120.52357617647775,2.3288296674303965,37.519394134935084,7.705277029201545
1062,125.50755556251812,2.0531853063712946,41.23006632164675,13.932354702955447
1063,119.58493945290336,2.2636956133593165,40.10059295640409,5.443433594990278
1064,124.50992717375567,2.1545064744785325,41.4173888916839,7.270051074724735
1065,119.00246192733962,2.3002416654228433,39.304994481360836,5.937388793874125
1066,120.813219276156,2.2236206930012923,37.18395343810724,6.295500593484347
1067,117.67691608790032,1.5853939458357402,40.98279802753605,9.423418178151044
1068,122.41057353307731,2.2357783423410362,37.02687641472749,6.103687476735149
1069,125.47989046647226,2.3284305904598526,43.23955315305232,12.626524150048795
1070,120.76019584255535,2.289185669667691,39.805204036952176,6.661839951721213
1071,120.38965433401788,2.179482810758284,40.20231401011664,5.250850153470523
1072,117.54468741448943,2.5284323383860814,41.547701984332065,10.233740328128762
1073,120.28919277398785,2.2622746258243325,36.31452630625378,3.5016899246771946
1074,116.06233779486327,2.2875346600386215,43.620240941677686,18.585494294465626
1075,118.17007824117164,2.4088983788101137,42.54344684271487,7.463627299680691
1076,131.18131324572516,2.27251859993932,43.90321108222133,22.664084663983164
1077,125.08894091299832,2.0203964493171593,41.60134026901486,12.12808772359085
1078,129.70855366981147,1.7123325172440758,56.52214120173835,30.96311548343433
1079,119.18158623628021,2.1045758195963837,39.529732394234486,6.372187124703929
1080,125.44943048560086,2.3521891051762234,45.579638183993374,12.12088409801587
1081,121.7556326892451,2.129380733716439,37.172885569235106,3.66317089048011
1082,120.53113229508624,2.360235674456346,36.76168160197337,6.110262832174198
1083,122.34104280035108,2.229745635184055,39.98701014090789,2.695917034639121
1084,121.19194109940787,2.457613214052437,36.453462888088225,8.543040525566234
1085,121.34222674939788,2.140956658575868,37.76996782709796,6.747636383260151
1086,119.73416719523732,2.293522965313538,38.26717268339749,6.97514892090609
1087,116.66586005462356,2.301177012907072,43.47943550994538,8.47504915951452
1088,116.21476187218154,2.500320374526239,43.83621922521687,11.708671899717892
1089,123.0250591381718,1.8586725387331446,39.496374581310405,9.27505830911219
1090,120.14222972073429,2.1083183450893688,37.63870922616598,13.344878102572292
1091,119.15212441106588,2.369703221077701,40.330726947085815,8.66504115087087
1092,121.02636744284177,2.5091792959557297,43.23372420879468,7.170435814191512
1093,123.46428998403844,2.248014302528416,40.23466625619488,8.322904827318228
1094,121.55912822338183,2.141459167115703,38.19835123125096,3.6991738577144204
1095,118.966229696413,2.3514236737348893,37.22274690021571,8.53850833479396
1096,124.80150816251174,2.3737405350463368,40.35059626400924,8.165718567891012
1097,125.89547505924305,2.128067664266539,42.99462542811608,11.287874805719053
1098,122.53312563150085,2.2660614624355095,37.822124012085006,3.602960252354579
1099,124.01835688516668,2.436105452482394,39.98340403808638,10.242540428534616
1100,124.85007599012282,2.5780917986548904,43.57249962838792,10.278993091039816
1101,124.503307880854,2.3485209918470584,42.32141353635182,9.687238527637122
1102,122.90370744904914,2.208827779333119,38.590819919935605,6.439168237651509
1103,122.85487584593214,2.1891849647924184,37.18616024077533,4.265336113061241
1104,122.61094777737416,2.311479311438725,40.30951153888702,4.833914738066298
1105,117.59825320890417,2.17686543150411,40.482043315261,8.071348638874214
1106,123.17224178626472,2.2379280998044777,36.79364900987574,4.181506282569906
1107,116.79697668950769,1.9884247470938252,42.81254824272013,10.42489255091895
1108,118.53674168911233,2.459411439298232,40.66827382085808,5.269192260002155
1109,125.04105171020507,1.9719630545702644,38.43894083698621,12.01311831844024
1110,123.60468250435201,2.1135776479093975,38.42064057389227,8.830374853504082
1111,125.61093469802617,2.219518652170363,42.533767918981546,10.183337243295803
1112,120.1578094105694,2.598197375977728,39.1109068822648,4.884649394052712
1113,117.42802859204203,2.1154634030295347,40.13650498262782,13.192156683245983
1114,120.25464468908194,2.066796837207921,37.04043752612691,3.530994583241057
1115,121.31629702144578,2.0898366165332414,38.967329661854976,6.045627185832039
1116,121.24486502065403,2.5317794335222628,37.40437186792637,5.421477282024445
1117,124.51440948414577,1.637530601298796,41.42190733060913,11.599362267686539
1118,119.88006168248931,1.9994523975702827,36.83096725223934,6.200378640839106
1119,122.09130686258906,2.7462577418319105,36.503976222026154,4.7973713258617705
1120,117.93525583675272,2.3181764146983275,41.04823439779634,8.614281705953884
1121,122.39598356193582,1.978803010132156,38.757005306555286,6.0366724303303565
1122,121.00963650557547,2.191616403565046,39.1992128828998,5.025811655446532
1123,118.67557865131799,2.2134909132135725,38.49627471216804,4.584715347057408
1124,120.26892897725796,2.3692250491811215,37.083945371640816,7.748931048538578
1125,120.42905518580281,2.567900400564513,39.84064970959209,7.34031611024275
1126,120.162519099055,2.277710336255843,36.174455943885675,3.461521839753946
1127,126.49115785102983,2.092042339397408,46.260518121818635,15.182106389575141
1128,120.69481739284558,2.357416888419641,39.7371461329432,4.804934976525339
1129,120.24392205845025,2.060349460627428,39.24388021635948,3.2026931278451305
1130,114.49790203140856,1.9933325008021943,46.40685138638183,16.45013438885803
1131,118.22795720886361,1.8480182256087112,38.6290476841531,6.615351393928483
1132,120.18447238418531,1.88697432109992,37.87324625937674,4.755615405777472
1133,118.87385670385241,2.0207109687751457,37.31095518958492,4.043826527122031
1134,125.28329353947117,1.964442046459826,40.78605058158093,11.957568992608834
1135,120.48869289627173,2.262647305474944,38.89567026891282,7.500929210314093
1136,124.99417717288658,1.960119634835193,42.35391313194121,12.383728628656892
1137,132.03436119521615,1.5712667395950515,48.22116240697599,21.811453274190676
1138,121.11540629290688,1.991217645082107,38.88188861062745,1.707879290964605
1139,120.72473101209124,2.105628070455716,38.607264360916695,6.5863550027487
1140,121.01176838002652,2.078910102425607,39.96288259979929,5.478193594391618
1141,126.32826450945457,2.5039049358618373,44.98576596462467,15.94290804646384
1142,113.80920674707123,2.07729148814217,50.7518070432552,26.97622298280285
1143,114.7952081922401,2.37618469263984,47.090077971291045,17.1076623860673
1144,119.31617042372605,2.196203480063828,39.897669891832024,0.7301984417453387
1145,121.04503643400646,2.1915390548654803,36.32719391814726,3.199146200297268
1146,123.13932371676844,2.0329239422303926,38.84860751808396,7.725332717503644
1147,122.46657031388517,2.188243469683847,38.42250466812944,6.003949183270515
1148,119.80883767007023,2.0469807746205166,37.99527596215775,3.386895047447804
1149,124.15903544904947,2.2340048628509144,40.77254371244901,5.9953637108876965
1150,124.19360574977347,2.1527500734752625,41.068499441541434,8.095934059692102
1151,121.57057927694186,2.0110744133616802,38.5815575566731,2.9463663761709915
1152,123.9842384747092,2.398378867940119,39.7292223946779,9.306191240560745
1153,121.8452003166396,2.2853680960042855,37.20071088275583,4.66831616294678
1154,119.25940261697306,2.1103874531715503,40.09287133135915,5.068863757199826
1155,131.16721702320302,2.229098609407062,50.805364263289896,18.622117577831
1156,121.3429006799939,2.1832354956996074,36.70166977687563,5.741086487222228
1157,121.00415352493891,2.0264818125473454,37.74820999124476,5.280963563263365
1158,125.56615607378768,2.214099245804233,40.320662302821816,12.881142264304776
1159,113.40229640152573,2.0757976490385253,50.74550379211082,25.74603093282514
1160,124.15083985287554,2.0110132328759804,51.50323326071668,30.775306586421944
1161,117.32008167823945,1.8754465339466952,40.23238871260044,7.97668149061978
1162,119.8738919925367,2.128278529292274,40.33896648052864,4.25611949477614
1163,120.2107146737253,2.313394131916745,36.63405333637522,4.668157644431412
1164,116.32729049190355,2.0610681293242283,43.72183794953912,16.765845903837036
1165,117.94601009983644,2.704141738431594,42.89462855747766,5.901609999813413
1166,118.33139079657693,2.3771371307305467,40.96717279256245,6.896460921905924
1167,128.61801468543527,2.460866026532096,50.726512087724544,25.698659125837526
1168,126.58540003801616,2.359048602414752,43.38898335737728,15.542510523417091
1169,119.72357680517759,2.5705729949877147,36.58775552834195,7.810781789029932
1170,119.87289180004892,2.042599603305492,37.74446483332255,5.058484445083493
1171,117.43746760871629,1.6878525228682757,39.89905919447995,9.196444305244812
1172,115.08479571900168,2.1107748783294236,44.76231018926143,18.99416876595032
1173,120.63767142213358,2.3116437151095077,37.6046745475219,8.686300858963461
1174,117.90665885194352,2.230303394349596,39.97220586006567,11.22331272089261
1175,120.73696335184776,2.255094522193557,38.645996953158544,4.964573517587535
1176,116.03936186796523,2.4641820005339747,41.80460966363828,13.71869873465754
1177,118.6378791792382,2.2764115148925,38.340598314839845,7.241631735246732
1178,121.46074399543878,2.3597825855182046,37.839128998784005,5.553598636345423
1179,122.13524975313021,2.0120874516294482,38.029403488985835,4.041115783432923
1180,122.29416307210025,1.9809212621567929,40.7558195922188,7.565728537841116
1181,116.90648414911318,2.5228227846048976,41.98843241526257,11.457462550184863
1182,123.64952576342024,2.220180307029414,37.44673033407882,7.571768611110572
1183,128.23914351962432,2.0753541633107733,47.24030288381589,23.070009542215324
1184,122.96185953528266,2.0757211012905765,39.556119263526654,6.6654562887949815
1185,120.9670201024836,2.0701753756723487,37.83757285148268,1.6032773096545379
1186,116.73319875285836,2.058208195790832,40.42781475744213,10.466823755252078
1187,120.01978711579832,1.9433704394792681,40.4968509095456,4.466400412113762
1188,122.13262760039768,1.8999159195558986,36.891376874204546,6.19428671528039
1189,122.90019267947126,2.1609991244691162,39.65336495654627,10.035471324086721
1190,120.56293751792231,2.08141482593592,38.3020908826959,6.3534824493983
1191,125.74851456086327,2.4214318570886593,43.74169963137941,15.84390062516334
1192,124.12328339005833,2.2586153306533836,42.364993111032675,9.840117826011792
1193,120.20437223916076,2.253063536015597,38.86939571122332,7.559159867242791
1194,123.32537761762453,2.05137591848911,38.46336033904421,10.62112534318409
1195,126.99475980408337,2.175794316844005,47.343961881570166,16.387510806654518
1196,127.07750226242739,2.272200220726288,45.30549813990085,16.613113387583645
1197,117.19320036945025,2.343239147942535,41.40080456878766,11.542843910410703
1198,118.12774735541284,2.181221634696327,38.133955065533826,8.080453276300018
1199,125.60324823887494,2.415824755864842,41.318511161177376,13.03513530438006
1200,117.71932874240332,2.201597861781589,40.434619529659656,8.494514270143359
1201,124.34093496585035,2.3585694237035364,53.17217085692349,24.94099787695134
1202,128.49187601021728,2.10202955828217,45.71321508294038,25.651499561718204
1203,122.30270279937122,1.8374823266862719,39.01982118676858,3.7042259879635253
1204,120.6825702095056,2.2536717976037046,36.95690989823874,6.539411877721596
1205,118.98325277674266,2.3450648126293254,40.55839368012608,7.619578019768522
1206,118.90994136865402,2.315069466361514,38.50348216067018,3.7287955134788815
1207,118.7917551003206,2.2844373322874882,37.61208706771624,5.328238310948201
1208,118.27352015115727,2.130282606809003,39.73395824589903,6.542680262346166
1209,128.07306191955578,2.038650749710882,47.81509958052909,23.782581536556073
1210,121.92228432067522,2.3103456538087563,39.836762524859,4.800346227589125
1211,123.74895306865469,2.285289483239655,39.66317272399955,7.682239408222575
1212,119.48385984883133,2.0878201818312347,38.308530200735596,3.2350083570240336
1213,134.3217657215789,2.4218848378384115,47.08718315541246,23.316095380475105
1214,118.7879826577519,2.02342689709048,37.77003288796902,7.047828928447271
1215,112.77970416175047,2.083295324241792,51.19021825510828,29.798743988784064
1216,116.72817124177162,2.5272850424683333,42.54553165999207,10.559793900595539
1217,115.38708209206078,2.3737163875467826,43.5014945166668,14.986704683013759
1218,114.02567028835001,2.1283981388217956,47.271067284022536,25.858547068793026
1219,117.29438717967588,2.25747614192871,42.10872744290026,6.364277177640073
1220,125.10736260608306,2.230958448904768,42.39407741010599,11.63407908226577
1221,120.8622478801165,1.6508772270045244,36.37419623704834,2.9047840831813425
1222,125.00074766319564,2.018705210105324,40.716439154380645,10.03259145924357
1223,122.27404598839271,2.189830676578144,37.18225147698849,4.55573812460821
1224,123.425932359717,2.128677704688139,41.60394760651561,5.386444136376153
1225,118.20721931455581,2.2494205129660845,40.89373082637962,7.997207671388556
1226,122.62424795799728,2.4258964625895842,38.03330161458598,1.2441081202888968
1227,123.25901412563047,2.1356928430692146,39.8717449565021,6.3866725712837775
1228,119.21239339407555,1.9884690407754273,36.93997618134976,6.146887128975706
1229,122.73457514891011,2.264970331702209,37.78748521184129,3.670437393354363
1230,122.75518205158198,2.1346753332864394,38.81406833324747,9.153347982722266
1231,119.29638687449675,2.1687872998356195,39.22640546379481,5.086333276370539
1232,117.51941785995992,2.1416452561693844,40.53848258421705,8.988838151064915
1233,117.32920217111536,2.6483675600021974,41.28686403804822,8.790948433752542
1234,121.26816717995654,1.751859147800411,38.11765839794835,5.070194143923931
1235,122.01373059324688,2.1223332193734707,38.013432314821614,8.045151178151126
1236,118.54316992558047,2.1992621948703217,38.94293381335773,12.011334932554895
1237,121.08241455811091,2.0437715015434446,37.447349940584374,6.619091742817266
1238,122.7686648120293,2.3799651664256567,38.98971730902551,8.36204948330509
1239,122.91639121546243,2.362651535743928,39.342022429913634,9.746606566552
1240,125.81082837237972,2.190449076302292,43.34956223578309,13.773279415829057
1241,124.95864057981393,2.1458652489312615,39.915407587831524,13.668268993914904
1242,117.89599655845471,2.1776086331536706,38.82105801384136,10.077755229335512
1243,126.21911724956787,2.179042669270438,44.51116701797461,15.007290685349908
1244,119.35397283587729,2.1843253943748477,40.50924448437871,6.813939864218241
1245,124.23910571860873,2.16240017969664,40.506337388417606,5.411439819314449
1246,121.21075854075838,2.250489862918479,37.47460327953048,5.770573301723595
1247,119.7223369267834,2.3506424129655734,38.6507756363811,2.8382277361834896
1248,115.39613973469771,1.953947970480285,43.43084712279999,13.103126067500735
1249,120.46815001832933,1.9898672201533705,39.76385627215809,5.6654720501990115
1250,116.16591197055261,1.8502963941032955,43.383621944678666,11.262193145876177
1251,123.9986276311126,2.37327948007152,39.10789451024211,8.333602557048764
1252,125.70205723713167,2.250064658638093,42.647221191556966,13.201295378206547
1253,118.52957593318025,2.301053503186554,38.65751181370018,7.683842516025329
1254,121.93610930180974,1.9141003523273064,39.897957107347516,3.7888745453471566
1255,118.75128628177528,2.556989624576028,38.849564828755874,8.677346212000495
1256,119.05169733657596,2.0782298183709287,39.03706978897742,6.359012194621279
1257,123.40093358198266,2.2336411614222516,40.01403044796693,8.05561251510743
1258,120.88053138828542,2.3708769321356744,37.04014341992679,2.9317601957154604
1259,126.39290892998613,2.002604048840786,44.65018498594303,15.04039099658109
1260,119.50507931602094,2.090735128297467,38.84841956751792,8.067035266199175
1261,124.09794263067091,2.235834354920175,38.0910922121174,10.402374490461412
1262,121.30198158016913,2.7714946150929416,38.348567867858414,3.717061408610157
1263,130.59846808788961,2.260224948570405,46.24232575067804,19.642026493254065
1264,119.61381126227717,2.5212722301261437,38.59169040740051,3.9940269386851117
1265,120.8463676035901,2.441134629038391,38.0515112684476,3.9610764749336527
1266,120.6419534741733,2.273602007298904,38.36512424405955,2.5866407327873935
1267,118.40822294397806,2.002160845673864,41.21635402116579,7.2885237502665134
1268,123.05245275720344,2.411950722163647,37.3934040748108,7.877359768740605
1269,123.01577191729292,1.9003779316703908,38.44913597680975,5.130567306669327
1270,122.84001955420726,2.5201750247354187,39.611452048822,6.212833248896542
1271,125.7645935271447,2.2400010616436514,43.619500953406295,12.726526043118623
1272,125.49296888383255,1.669955290540365,43.03831648538395,14.27009487691723
1273,119.83767146146768,2.1318987809936325,41.876872059302414,4.510828181091938
1274,122.15646218714595,2.330789564184588,39.09260523521736,4.575181072067819
1275,119.06683786329954,2.1525952253920466,40.292384621421434,4.900550402614815
1276,121.07240147995512,2.343001162198715,37.601959557837674,3.040566602855766
1277,119.14077670773152,2.029995166457541,37.469690389046534,7.41530042142902
1278,126.02221795832176,1.9388035254424787,43.14037545059198,13.771225114283448
1279,122.12746426606319,2.185710919390479,39.20520687042129,5.749050218601562
1280,120.32410970287629,2.206313133457983,38.629378303902044,7.781707889582348
1281,124.70021757275477,2.130323129787536,41.53638100063765,12.523016909266067
1282,114.27109222963422,2.445458229328439,47.68255624922331,17.919524738845013
1283,114.7562819559176,2.0299585249721885,46.09053989862316,20.075291133781626
1284,123.4670998311813,2.26263312146647,39.10523352936199,7.759032710806441
1285,121.18745218916384,2.2135939942327254,38.94954851632369,4.33527551475053
1286,121.77638353080836,1.8886568095727836,39.22555536174185,6.03356899077175
1287,116.8881720797125,1.9361939632662977,40.41145420155968,7.837366949200035
1288,120.92797549636387,2.2023822032497264,38.99218658366817,7.980836086468569
1289,127.21087917224416,2.596239999737393,45.64056682030449,19.679650816712336
1290,123.55501882136717,2.3158539623797623,40.045784806452275,5.840966696957118
1291,121.52609028994272,1.8548730349710736,37.811334153296606,4.184590426153108
1292,119.6389328786747,1.5779023869761326,40.443075929936285,2.6123979945233273
1293,119.77682415920488,2.346610718600876,37.78565799257558,5.127136923437816
1294,114.39948654347995,2.1807573034143606,47.816886528897705,19.53118150463867
1295,121.7986853048556,2.428253193902074,38.92890871238956,2.905554640132155
1296,123.62099763629375,2.0238564158577117,38.375171788920895,9.080104257358679
1297,116.11558008577109,2.2700424995717055,43.15394856561849,15.9760599249001
1298,118.94960763384887,2.3692346926055725,38.5783435981275,6.619453168225282
1299,117.41185964007639,2.1105072723587037,40.16448774492505,9.125433857471366
1300,118.00741129609284,2.114782885953787,39.398589271237384,9.160926246813865
1301,121.16579304314789,2.2050525662196785,39.4516661908722,5.1723065378641015
1302,114.53835331953573,2.308535269312066,46.40751716590565,17.75736672726497
1303,122.9042383589069,2.197133199097618,39.53407746753022,5.229055130120553
1304,123.33695071679442,2.3947992675518974,39.6104680062402,6.548240115632824
1305,130.09985190276558,2.107612962146594,47.51072138159573,20.319451436597546
1306,113.30980361904793,1.9343209589073782,51.68552675302821,25.916431896128216
1307,117.91110225939259,2.5953950736226363,38.26151646273949,8.939153060150863
1308,124.82199599571835,2.079073252691511,42.03020312269788,7.4155055187110435
1309,112.38821772974143,2.0863115832564505,53.656465515404676,32.42089156838033
1310,119.9226774222001,2.1868393357855633,38.26621469529363,5.612708557439274
1311,117.3419975867515,2.2134362219307966,39.261252029658756,14.73349078225143
1312,123.494167934913,2.1226632715023435,39.52768923194685,6.6408004873066675
1313,118.90714674835527,2.1965132206101985,40.16864318460418,7.347583297229774
1314,122.25225746428039,2.1920475537143655,37.2959376700767,11.124368473092236
1315,122.75292729942419,2.2349638654041617,37.886688693767425,6.644238037029339
1316,126.69230010316306,1.728502508202537,45.719509032821186,16.412300137940147
1317,120.37087997460635,2.57617526140157,38.71057806213831,3.4633756021967184
1318,122.1657375458301,2.1705423372930888,35.134534597735694,8.579336506712364
1319,116.39632801470495,2.316124523889397,45.282663337519516,10.415535498131183
1320,124.69028204621061,1.9243797316931954,41.683119476341396,10.777893295215966
1321,118.64242257097877,2.10579994775015,40.12879195463153,6.245604856354705
1322,119.26166209132799,2.0655368267359173,38.47819752997914,5.897897640755918
1323,120.93103183596745,2.4939447529017094,35.589086892565085,2.496193502318397
1324,116.15505852944646,2.0828372786328235,44.04129940730499,15.96765196987571
1325,121.7091870896797,2.3516159973880186,37.375903755496886,4.848216333614203
1326,123.99914544606753,2.069915909465361,40.685983351905215,6.039535340436897
1327,121.9080948528416,2.1094762120692114,37.89697858624508,7.868734825991266
1328,116.07441755104595,2.150889966959863,43.646950934369,12.733616916734569
1329,120.61619118757805,2.45676902536586,37.02491272915639,5.887312075860831
1330,123.30028959923642,1.8220294681939764,40.28779871836077,8.650657410179635
1331,115.17823482550568,1.9368672889451135,43.91155619303509,17.9631976395254
1332,117.66822535716508,1.8105389668620369,43.36139915248125,4.911645248775036
1333,123.71728517265271,1.9824995760477102,42.53373374157714,9.105451280189186
1334,121.83729584601159,2.0376799897615787,40.27674361453108,5.2542063677481465
1335,122.27711190459294,1.8771037491819222,40.01694594121452,5.1457006619722225
1336,126.76443390363227,2.0531704506770665,45.200400744752194,16.622801977217872
1337,122.45251361336923,1.7970571038133172,39.98066579281642,2.879366220469977
1338,123.03945283234286,1.996402255246464,38.79003148041832,7.020903487230385
1339,129.40331113437682,2.4400840799820402,51.51586755973222,27.32312969735182
1340,120.33720586991947,2.2807176140562206,40.05080697119112,4.810658172446622
1341,118.52656343278267,2.2374935344345057,40.813407261249786,7.638163378139354
1342,122.32616883456612,1.9994442887441772,38.34617839115832,7.856223789397527
1343,122.36087219110557,1.8927830081910553,36.81469455198489,4.2909255884501105
1344,119.36718228496676,1.972168784893144,37.82447973236314,8.89114879819161
1345,117.79956923937998,2.191358034620797,37.885917291421265,10.58398615041178
1346,128.16051770847923,2.373635355945334,50.50866815616121,22.32967633797362
1347,122.01321475820288,2.3804734834270644,36.14155125524939,3.452687845019095
1348,118.72991531765356,2.326122472496667,39.50660271349594,4.2603988165205715
1349,123.83938393706676,2.0524886271864116,38.676860899142405,8.538067717638416
1350,120.66165003015986,2.204909966480798,36.170471275960665,3.8392283616042415
1351,120.21606751641472,2.135731493992551,38.44506265180258,7.693870478622322
1352,122.74304590293492,2.15976204730105,38.234466783436766,4.972277880234665
1353,116.99516496848176,2.607425579391963,42.61816063558163,9.102271408287748
1354,122.09314433214324,1.8475999525992777,36.61500534745,6.062127653178107
1355,126.93015990396843,2.153064636815548,44.7521861879437,16.2048897417193
1356,122.44515075281166,2.4423497814392316,35.3555264825993,5.9472062318239605
1357,119.83374247827126,1.9068217009932926,35.45958376651125,7.549434539557291
1358,119.42797363067245,2.07125051494675,40.88132885226152,6.287679147221977
1359,119.72794608263015,2.094192300486472,41.064664374442685,5.996174884378766
1360,120.21271569805188,2.155342055589203,38.256903712651805,5.806714547158873
1361,119.82879974844936,1.8808085680787567,37.230798810752646,2.4632104286890555
1362,123.84056546733116,2.319057212067608,39.38715507518561,8.768575985835934
1363,115.62705178005216,2.333257456502629,45.48673242956522,15.607870396763449
1364,123.67220015627761,2.3016750650035895,38.90223808277756,9.395733707592031
1365,128.73863616030437,2.025925265141784,45.186923715960226,19.345483946120787
1366,122.16853813565565,2.2173021581574592,38.283823036760324,5.294216081018079
1367,117.50633747837732,2.0201119520861828,39.94579264819029,11.433533729117144
1368,125.11875630723326,2.1334806678456975,41.048063204252784,10.581455405966633
1369,124.86146837653281,2.6306935854341758,41.66172349824301,10.888426805784674
1370,123.97473062982523,2.2191390755192515,38.67683033310082,7.70597389409637
1371,116.30426019504003,1.9624946848025655,43.43824205880538,13.794830139914026
1372,123.57027532030476,2.2360670681327828,38.840336701332966,6.7968797407469586
1373,122.2550507716707,1.9296408147873383,38.51211103272637,8.8816514108039
1374,116.02365913388904,1.9601979214969978,45.247224387478845,17.700378146232804
1375,120.92467811031047,1.9917753728102419,37.78259848635957,6.862468368426651
1376,122.13005691600311,2.1111381095608635,39.476691941599015,8.575423655578918
1377,122.72383334885177,2.3873937991178407,36.324109598566,3.315552981482538
1378,121.54951023754145,2.315679639603368,37.45495961252306,2.605068813184513
1379,121.90281739222688,2.304599065649466,38.21531264101451,4.8743126586982655
1380,125.5681953159846,1.9802150868818917,45.09137974086479,12.582281789736127
1381,124.80070512072311,2.0917371289128703,38.63004136299413,9.879281700752436
1382,112.11212964327349,2.254400221376638,55.253659864694505,29.72792684298962
1383,120.01594048000318,2.0743360029223177,40.106737596748346,7.726954840628658
1384,120.48958181461376,2.1443267119397804,37.03678935242712,9.384160996768724
1385,115.56849442454639,2.28827173850599,44.21358516600704,17.95931507609227
1386,131.78921541144803,2.13024546375974,48.884039900427794,27.19858626858095
1387,124.87114909447257,2.2452119178204053,41.53673608839949,10.874655608849178
1388,117.63163963526917,2.518545691203914,42.53158895836246,7.569353036959812
1389,133.34204053039488,2.165628240202601,49.585045390293395,21.725931724219258
1390,118.16094722038105,2.4358675619438412,41.49935331497014,12.021694509910594
1391,118.917072726593,2.311874013461472,38.486478061283705,6.049727695442538
1392,125.57992026592711,1.906551601302647,41.65196428666959,11.677065603921973
1393,119.31807075765335,1.9795725941472953,38.32891476385185,8.293987043988714
1394,122.43285871593294,2.033280823386021,36.94484448058361,8.148582931355378
1395,115.19922384021093,2.0290330166134436,46.0313460973881,15.366137988619888
1396,126.77318444032413,2.181942050778637,44.83088334145832,16.368559738549116
1397,122.86822258355015,2.3229288096163647,37.89453066680038,5.467969025377653
1398,120.43425048778418,2.4510316833409447,38.71867188483324,5.444435198916424
1399,122.78419418099968,2.2616350177450166,37.21350624124631,8.411176781237424
1400,116.62955977026179,2.1108640887893584,43.20381739438965,10.357609440456581
1401,136.69338546995704,1.7835517512740253,50.697733047310024,27.140296999519443
1402,119.99564719596107,2.2141179150834676,39.728744779418236,5.746190967193788
1403,120.36738450334985,2.2051540387389985,37.57748566895398,9.759835887307798
1404,119.47586759360699,2.2365857507077918,39.33253807681312,6.618821537580729
1405,119.19998065148869,2.6212480595406666,38.946246410008094,6.149879096959679
1406,123.15347889604807,2.4481193092386144,39.9873161340882,7.915072956023932
1407,121.79331123532309,2.3570121836499975,38.281386357331684,4.7796920986457465
1408,129.2560155482989,2.0075845739856804,44.09000775109831,20.42528479066432
1409,120.97273646259472,2.0974010501606513,39.31159512711858,4.743269924050061
1410,122.59091941433927,2.1810310786143,38.44283760904747,5.598900746791032
1411,119.70156889383239,2.0449185751979293,39.39727403480326,2.7646699930676353
1412,127.9121687083696,2.300092904997024,49.40849719558158,21.783559827927846
1413,126.23263287429191,2.271381769843141,51.747062108924794,23.952955011922874
1414,124.90890570304525,1.9823384413890617,40.17226560823804,9.887235341559476
1415,125.24051309723501,2.439363341819225,42.807990924004464,11.956515349622453
1416,118.35830770150666,2.220462066761772,39.14105466574851,7.826781106534299
1417,127.91074819272352,1.8541857706515499,49.724214991617345,21.13442220564602
1418,124.08601987713048,2.1897314283310063,39.86351288432785,8.370723775014216
1419,124.01053092115103,2.256241291184581,41.32435792466819,6.882431318314387
1420,121.08686877978022,2.3945584722871485,38.55195599014995,5.223192551617992
1421,120.3265989095221,2.132504719374677,38.474130678132894,5.469078332554252
1422,120.35083263617722,2.3655876534894418,37.60649746021322,3.6370214351755497
1423,122.2106448485905,2.2374283973540434,38.62460130715209,6.221609813263839
1424,125.34367745260508,1.9369890781924843,43.701565968137864,12.300396878947272
1425,121.5620740753704,1.9169666453034975,37.999023902302454,4.994775707367189
1426,118.1745247682744,2.42451197402987,40.446855039509884,12.594147968728155
1427,123.55572389339343,2.439196835676354,39.49724751536228,7.218769082041547
1428,123.85556731382385,2.2645818460809446,39.95592348600047,7.52344757311398
1429,123.02944453818813,2.4991413442360058,41.146535913407746,5.83897888925888
1430,123.31104661022745,2.4113219698083217,40.73725505597305,5.224543228280167
1431,120.16012279651079,2.3367257458959445,38.258411577481425,6.750092784631765
1432,118.1201335818952,2.0177377022532657,40.10338904326495,6.7989014659077585
1433,127.99473129794636,2.5462857502064686,43.656274578009054,26.916812110757476
1434,115.93006392978064,2.3072602864416547,43.430072376200044,13.173829151515614
1435,133.05130105794373,2.1228322450776758,50.742534463514104,19.696109690467665
1436,120.74130877199757,2.0663459989389406,39.12052031975786,1.896364071170919
1437,119.6360381159579,2.2513567563027714,39.38327341063052,4.971551459789417
1438,119.48062072831324,1.865788183032309,60.00620348890913,52.04520093361464
1439,117.13331584394808,2.339934655070573,42.55935174966807,10.80719785731599
1440,124.47460601934982,2.009285837061195,40.540629354543626,12.39060345975314
1441,118.9396593998043,2.2741216217648574,37.650811983158455,8.112568165564623
1442,122.11783420073621,2.0956759325283683,40.01220188473532,6.632876794638133
1443,116.6888751670767,2.1471162574550595,43.99113810726988,15.282062206806934
1444,125.45998699531361,2.048618025446987,42.7189975566835,11.97744276892219
1445,120.5535142538305,2.16775411376384,38.96528857721397,5.389616112195797
1446,121.89912522909896,2.577875909203471,39.17553773044026,5.461166761006526
1447,128.20991735483324,2.4770119254097285,51.25074361663154,26.32721268148267
1448,125.70096431182715,2.2708957909990914,43.808283484497196,12.939452012647651
1449,120.04964657401013,2.1949411468870097,36.472702998873814,4.2843830612552445
1450,119.16101742690189,2.3688402381385774,41.35675859257734,7.500233438584906
1451,119.99081046428945,2.4259940788215113,39.60941593050134,4.005568590637331
1452,122.58068457027726,2.034036323558494,37.887302549502174,7.088093172715866
1453,120.6738051838223,2.1845122264735597,36.684896078717635,6.023538845204908
1454,119.77474315048924,1.8356083540863841,38.98653341592537,5.365573952713216
1455,125.54826187719803,2.424620422052179,42.1893328929082,13.5153821232155
1456,120.64594933548871,2.6130048515401714,38.45657137226764,2.4170722879784425
1457,128.1287261884157,2.2160165249246173,50.146551048930576,23.296186004808803
1458,121.28130194763173,1.774997975019397,37.28103431846727,4.348441544142701
1459,126.53448702209666,2.3217781033154066,43.287779861016745,21.358992106055297
1460,130.45350831812476,2.019182166770184,44.869523356400414,22.6130172704593
1461,123.98517777707329,2.067330111667108,39.26707878750103,7.185805331667748
1462,118.75370574029506,2.325315277958201,39.300008859712456,4.347269966913321
1463,118.35334640997903,2.250910825102545,37.79472618157466,10.131943102858926
1464,122.42508846054646,2.1023782449322796,38.11895542466716,5.245744825038763
1465,124.06451505164247,2.0700788734796673,40.995513008735514,6.983369448166849
1466,130.79801883574518,2.225167211044167,47.59991368736153,24.705931676061052
1467,117.01218066124054,2.118106889497527,40.47372931515322,12.000411857175134
1468,116.78319906450308,1.9781525732793988,40.393166548400224,12.628004118460801
1469,116.57587715322265,2.133487363704328,42.32652264862035,12.088027840994855
1470,115.52037144988792,2.267918524651037,45.33513502650999,16.011676426605973
1471,121.33940461428597,2.1643793066360737,38.55207069053401,5.681188866062848
1472,124.48763615729487,1.917298280350363,40.01018551477782,10.09641499267955
1473,120.9584110605331,2.397812924275108,38.387552296007506,6.00788724617291
1474,113.99271425225265,1.6522377126113335,50.755513893787075,24.465178970184617
1475,120.4086425729629,2.1107269689943133,38.34362288693436,5.429584500128293
1476,120.49532311043892,2.075960309089217,35.932941411264345,3.73721836192228
1477,127.49759612569886,2.229635775574283,47.55228663032415,19.70241015854624
1478,116.48287246994937,2.3123323615605473,45.14612110957948,13.773737948555949
1479,119.7888994319425,2.4253529616522074,36.64908015185855,2.318964484151016
1480,126.28814330968815,2.0575190253295683,44.19082318641363,11.604131711123122
1481,122.3949328581743,2.3173164674666964,38.133848226397376,7.62576781823043
1482,122.74627052790092,2.2391636775762924,38.79552921351296,9.155544616832897
1483,121.35521175477402,1.8576921249633556,38.28028638506042,2.8402813202183737
1484,122.02282496983752,2.580108051086822,39.71212118404488,5.7570324362055905
1485,123.41058954386347,1.9122449745519603,39.38862550109751,6.474693967602027
1486,118.49059241143243,2.283899454461943,41.04580524239897,6.90841704268709
1487,123.72198159461541,2.27799198883955,39.47706807989109,8.373723247135965
1488,116.74369064765483,2.2551273564658154,41.53037944046239,9.084205820880914
1489,122.01794071577777,2.1010846235676786,37.35802684823421,3.458957904357793
1490,121.55409698618762,2.3654505302281006,35.705332025566285,4.735080985985443
1491,119.08949142660447,1.887926505211381,39.161525297487515,6.201301417157336
1492,120.9296756464905,2.1868342422652156,40.67128838824663,3.0624162293438597
1493,119.07012552673679,2.0872250646895085,39.41507752663327,8.003876000992985
1494,117.6777258867286,2.0645404115865937,41.32102272282711,8.269761000388693
1495,119.9037943009977,2.285749557490709,37.72742600307673,4.819129975556784
1496,117.57763523034785,2.415495708543937,40.25913432698659,9.83645491723148
1497,122.00067213868907,2.1313488476326268,39.50032977524592,5.305544930673746
1498,117.43473496812767,2.3561362179851555,43.40774697682492,11.240096106143104
1499,123.20712877127227,2.2099481330889197,41.00604414739099,5.131493272720972
1500,117.33741488942066,2.0214535581523982,41.99801455093868,7.240050857862525
1501,119.24448576169888,2.1484095813517876,38.72369840620081,5.690044213089928
1502,119.06372943453295,2.140102821841677,39.09744620314022,6.6266490245194625
1503,125.107954859512,2.060668017498911,40.7330049728567,8.748916300940616
1504,122.02389883141143,2.285696585731167,36.348023362039,2.9301973187074997
1505,120.34362521211237,2.246929237540952,36.62994426459048,5.6971555382032575
1506,122.54603026731614,1.8818700603461165,38.590586154119194,4.596790277711738
1507,114.46770372327796,1.8696948009521286,47.00800688245816,17.375040864093652
1508,120.86628587211318,2.284936890641151,36.09365926682365,7.040406269195506
1509,127.19229395119477,2.036942714241093,46.387270570396076,17.42016665373969
1510,121.41027416984828,2.260408231020065,37.623072054972106,7.443555760399823
1511,121.21053082442494,2.3561863156218377,36.48504759829797,5.269607632919477
1512,122.6991979768908,1.9458094325188884,38.15396751442126,6.770587655539504
1513,123.77637625427447,1.9176925490847632,39.278579422234564,7.496043269270672
1514,114.80785325204144,2.534886336479059,45.633761614714025,13.575130207251995
1515,115.78478790644782,2.270314156592492,45.18832739396997,12.559558680254488
1516,121.65190300236705,2.116151868665346,35.61972302466763,5.109894160107735
1517,118.78388265811772,2.0132119094707477,36.49892004813384,7.611896986403125
1518,125.06727831288174,2.0979118302185444,41.64367715216021,7.589582863515917
1519,120.02295939135581,1.9618855327773381,38.334979183416756,5.432269677894055
1520,124.63845357734814,2.376682434818118,53.068754853058586,37.115930708478786
1521,117.06915685778361,2.044649769278736,40.69867055715329,11.053813046718709
1522,122.01425288044754,2.4187069176432536,60.03356591220515,41.55371091068476
1523,120.27421083442297,2.119874216045998,38.10637840832774,6.797022514120338
1524,120.4160092054804,1.991329963276537,37.500978378626,7.346329404185555
1525,119.68416559967612,2.1147396823972398,40.39730526324906,6.6780778677971515
1526,124.3445250209922,1.6751666444997166,40.03939105062667,10.749794484659084
1527,124.71541149320176,2.175846284665199,40.96780146680725,9.365848193080202
1528,120.47179588759606,2.1659761617739686,41.27942349003662,10.66157293593373
1529,114.38244963082175,2.364948549309594,47.38104574074456,18.211434227673628
1530,122.913572899526,1.8227390144033242,39.5285913979549,5.478880456602413
1531,122.72161670837659,2.43237327217271,39.49227436332578,7.949968738915598
1532,121.95911386748654,2.3641198589995316,39.15320000721078,6.952135273017629
1533,124.04258722285516,2.4504087127397325,40.412947586944554,9.366107089408981
1534,117.38903290097078,2.189455724799173,41.1205913785934,11.046784636781942
1535,127.22714169717393,2.4027793668205515,46.66143919445835,14.813294207087315
1536,118.02577396526021,1.905751193018619,39.19733243835537,11.315774696625267
1537,123.32259107432264,2.3426095130409066,39.60994888936615,6.700657432636558
1538,115.76922214731862,2.045767447580011,46.65666771635443,17.143561876750347
1539,130.05044499309736,1.869719633515413,50.49085425330266,18.092348854728602
1540,125.70074280484855,1.975171896367128,43.256429670705806,13.421424177681642
1541,120.19121054869737,2.2011062277258544,39.256489620376236,4.358294801413232
1542,123.60376007591168,2.0351401583564797,38.36157595589071,8.659876574523537
1543,121.73456170502966,2.27521470633916,37.7800419972095,5.9912871741644365
1544,120.67462971639947,1.8383524889991967,39.255495278158335,5.932543852756042
1545,125.22793600729133,1.774580491276828,43.86591478548078,9.44441580097287
1546,120.26635764357911,2.4744774868287154,37.11628481984567,5.280139557941816
1547,115.47971186655325,2.3807600258802872,44.075523034529965,15.52343598562982
1548,118.50995571494971,1.9901406328172386,42.19985905117465,8.311201268773182
1549,122.70869435897525,2.199400071305892,38.767459635426306,8.101537035661432
1550,122.22607822972378,2.403901412040265,40.701089486099065,6.012047990707279
1551,116.14211942427013,2.2838401216581214,43.46069532383031,11.034923942880397
1552,118.75453818983458,2.2296446192366957,39.42929609002356,7.169134297495843
1553,119.19666381747304,2.4190308162625196,38.31830655122853,11.29925231950142
1554,119.8670442582459,2.053857504959756,39.507711200773485,8.776666170747548
1555,116.73466787533519,2.206235689732926,43.76758360480867,5.916211177554537
1556,119.05204956482962,2.1964302723415217,37.48928949835058,6.648430806278376
1557,118.74130749569547,2.1454475904657917,38.66418648449376,8.756619238135675
1558,123.39175310526196,2.12203889771585,40.44810832332313,6.855747696906411
1559,123.50827606406976,2.2145736475656985,39.21570550986914,6.527834336481474
1560,120.54798757992467,2.2068814991971055,37.40354824104534,4.764278321107199
1561,119.78467663280074,1.990314471493095,39.63734719513954,6.766113832727031
1562,121.43376536732126,2.3603591819800895,39.475882692781475,3.0837603865480547
1563,118.46861716688771,2.0047229584467487,38.82520307263685,9.701273104779265
1564,117.44482054528093,2.1563533110905655,41.05672269654077,9.517368650113465
1565,118.08531425233028,2.14094390545599,38.29796922701168,6.396841431872209
1566,119.03207919168848,2.271620722531843,37.68787152409049,8.691714614382434
1567,117.39323122064395,1.7761792119565336,41.02334662787565,6.817324639996006
1568,121.5023846330949,2.378181962985892,38.096354694159174,4.233437427546457
1569,123.26211858872949,2.0646019304775676,37.86884079283479,5.904830554274617
1570,116.07999526752545,2.443992658955411,42.39465214272259,17.745745981298846
1571,121.0778990047697,2.1043670150967695,36.61677733514547,3.900584428815497
1572,120.31819903467436,2.190231282853198,38.69384537637735,1.2682644757614403
1573,122.0586769251641,2.582757208013685,35.68864434731301,4.486830172125846
1574,120.95988981887888,2.1445323582412663,36.68530354343025,6.066108749389428
1575,116.49384223221195,2.447769976934692,40.04537671002124,13.796670878377661
1576,117.08659317354278,2.207809017112912,41.91397244267501,14.885588963817954
1577,121.09121308431341,2.2830837660586982,35.65827674681388,7.8760173242356615
1578,124.18922085121108,2.213991717882275,40.278896478412086,9.116948301668613
1579,114.1360191497667,2.369570325260025,50.496512505192946,19.99629220093725
1580,122.0717523973849,2.06289367742939,40.428167879938236,8.687680740015079
1581,124.6878282163917,2.003190295396163,38.64433708986277,9.259756188145321
1582,120.52561978376075,2.0722847619245957,38.43744053182326,4.028264057537971
1583,122.70562773768197,2.2199420752648185,37.354353830206435,5.425767868749801
1584,118.82048584921681,2.1558362428899343,37.493985178938786,4.483251022808524
1585,120.62996478224169,2.3420549752942357,37.882612793016825,4.364385948608652
1586,115.97516809324473,2.460946339964304,45.15154435606514,13.594221664942031
1587,113.7325357439015,2.0048323325529984,50.39908461349374,25.07386040082732
1588,123.92257398379836,2.0532102416772138,38.94943330494276,7.452135705079317
1589,117.94651572405424,1.9127521163374293,40.96777276579157,6.055145618713629
1590,119.58786368048936,2.606074598151821,35.52188754522765,2.8507780497206374
1591,116.7020290148624,2.2609338998243658,41.085132471635404,12.063576626473543
1592,116.62909392043998,2.2959604640103155,41.132001382282006,12.024676106308672
1593,120.46110312970669,1.9319583229937904,38.165707063359235,4.248449291579156
1594,118.73831069817949,2.199766002198625,38.86167611679526,6.102166199354338
1595,122.17171009378356,2.3018495968826174,38.11812657794649,6.4186417626744205
1596,122.40286909883673,2.1494484618931153,38.20583378672564,8.530852479974603
1597,121.99463390360629,2.415141124965279,38.246774665770495,4.0639791008975
1598,121.73966245187817,2.662366225128566,38.822532376443746,5.560400578760774
1599,125.89108143528885,2.01058743458121,43.4571194073911,15.39365092992966
1600,117.69045931596085,1.9955825508046607,40.04001573706234,7.558953687383838
1601,120.82970191477095,2.024448786894285,38.528653080069404,5.180449485571158
1602,124.51133844361073,2.5212398320032983,41.78645009317588,9.443132537085942
1603,124.92007340894791,2.408471063405937,40.6579009589995,8.086980489456495
1604,116.59253268703182,2.1728944364412706,42.19644543539977,12.319166550263716
1605,120.0316981308668,2.207311932880175,39.71675240410927,5.588097867766817
1606,125.21017539718851,2.036691274760656,40.46603803207255,12.458611980514503
1607,122.5750452261171,2.378005431548637,40.89188169728186,3.8131843106546377
1608,121.60531539758729,2.1240196351782896,36.33970801356093,5.347186087691018
1609,120.32517745035257,2.1479846921090004,37.651210809606624,7.984679636675467
1610,119.81021713030599,2.3217579543058515,37.076181325004995,9.642703827589408
1611,121.89347909558,2.162401012383356,41.01993217266265,7.91165232402952
1612,120.2176402125481,2.153006801300431,37.48030406664349,3.1777945322221606
1613,120.86800627476222,2.2021150411058152,37.35273941208338,6.063097916108641
1614,121.24365598895662,2.3590710827586157,37.53108765108808,4.302800391907934
1615,118.89797826167015,2.5292986150967667,39.09635263571261,7.28588451289079
1616,122.64960105903246,2.3170972464492166,38.17168609129556,4.685202537910203
1617,130.0341584100878,2.3606628447248537,55.782771153274105,30.51000682297666
1618,115.49134141808916,2.1600291875797755,40.08799732292232,15.166279026691283
1619,122.00443882498894,2.0584404273662567,38.29626520449431,6.926059197159834
1620,118.6434107252814,2.3307972464470232,39.244921470070764,7.690929088801801
1621,122.78994799030967,2.2342481649201145,40.05500047439911,7.086970766642041
1622,121.14432816731637,1.9154742702500502,39.70636196913702,5.618356330619134
1623,123.36174979953164,2.1343860753148807,38.983109185619966,7.920853942662555
1624,124.64407038717722,2.1834205953036894,41.982532583250574,10.853809487610418
1625,121.59650546508136,2.097908426594304,36.64624071479358,4.8026418544414025
1626,124.50936209408395,2.4963471189084254,41.70698195313147,9.667959874284932
1627,113.7326765292551,2.2959678073804435,48.87485935538177,26.997087562206296
1628,125.93040212353966,2.47463498357773,41.8078436133879,13.977961740033715
1629,122.16269267086625,2.252685052330432,38.056142652649676,5.754019629672577
1630,124.34131440281007,2.2162775672850157,42.276778207810835,9.303014242179264
1631,117.21838519099128,2.0126804364779503,41.38144152176719,9.79118751249909
1632,118.42461336702345,2.2023859066393134,41.404610180031035,6.694239377190469
1633,121.4524087118488,2.202610785135088,37.07167567340193,5.6681249711891635
1634,120.94718254305387,1.9265772231931535,39.3628201663392,4.240117505593002
1635,121.87751262283096,2.092094506045921,37.32159820030206,5.193031575122977
1636,124.3619969988829,2.1353434802967275,40.779592513445444,7.654080394774227
1637,115.52781702256117,2.2826959088111445,44.869540715742936,15.885897717115173
1638,124.01883912232366,2.2922700223971413,40.864884976325236,9.499656770199602
1639,121.02567392086958,2.083736303606959,38.32610781893155,4.797592468743747
1640,120.3682762305139,2.2937739205083774,37.12685658343706,1.5237571922371052
1641,116.43954277340684,2.163584214130297,43.7199084631492,13.600925474160412
1642,122.55945087196828,1.6260759950290087,40.78616871748119,6.279509758972465
1643,113.51626566180379,2.1030595936096916,49.562437072900416,22.915058120618422
1644,123.01002143484001,2.4157977280284757,36.50303925769505,8.083278619394926
1645,116.37447191003372,1.8636388486744642,43.356127663294686,10.031420657513378
1646,121.16571952911417,2.222538240083108,37.57550733944477,7.195886505931927
1647,120.63057660428345,2.5170522428370576,37.85959048922472,5.138769198526258
1648,124.62556825661105,2.047877409397904,41.614875022786364,5.489817170954054
1649,120.44616897605694,2.2004298160855376,37.474170177904725,5.646181296878789
1650,118.84817046044844,1.939196748554416,38.669173918056295,6.048864129177554
1651,119.42953164248927,2.5254462283327146,38.41244621760978,5.0052161472159025
1652,124.94593658313946,2.183333474600677,43.33617153337534,9.247966484588586
1653,122.66252060446077,2.2093253685588037,38.647164932604106,5.925681163456049
1654,119.8045470572782,2.4708600931011246,36.70802804735824,4.778329214174206
1655,120.26701609811,2.3322956789290963,36.56355636261112,1.8603314280925267
1656,116.14175101918511,2.024874253500652,43.37356719326705,15.877833090542815
1657,122.20427002263978,2.070544415182537,36.85080218233607,5.243313654272652
1658,115.54457130614405,2.29898626090466,42.516579958422895,14.225919251642692
1659,123.33056904408991,2.075175788987412,40.02113824345365,4.957038227408431
1660,121.39872693672292,1.7765513375758948,38.92482422114429,6.720035037684507
1661,128.39955057867917,2.1893518402721845,49.56715923455286,21.89665132696753
1662,117.58957978345465,1.9039574677750384,40.94056961024989,9.525413992227561
1663,129.88199072172947,2.5232563507127455,50.71900749010466,15.226705109125582
1664,126.5746918728615,2.2353575275526305,45.62012688677636,15.07871896200336
1665,124.69330788490339,2.0189649886512853,41.78708996431344,7.877419987587134
1666,118.84174264010231,2.0602735170675093,35.63725129915617,5.651719269252236
1667,121.69429902795768,1.8221204824252162,37.79340260482194,5.385461442941074
1668,121.00619800488677,1.9801076226438994,38.673283895989776,5.647106675405689
1669,121.87406318892188,2.40326464050814,37.634483452459506,3.974769545942242
1670,127.12381674939216,2.6463572290984785,49.648599539641815,26.447512548255
1671,120.72310675162772,2.345279302639792,38.992777347800214,6.9148978736917535
1672,116.04603763664218,2.1815914922757944,43.50438628469228,10.630615825944782
1673,121.41888270079106,2.113608124869217,39.998897040150176,5.249500901133171
1674,122.39506408760768,2.008700837284728,39.89324696584264,4.074681836722297
1675,120.29499982080397,2.6119531798679483,37.95521215672375,3.373858911411845
1676,115.99334223918716,2.1622502596271254,43.257196803517424,14.469239551564003
1677,124.06444877483953,2.623125966012501,36.36056484783364,7.450818412297068
1678,122.13002761777769,2.4787039019220125,37.856478875769184,3.3350109060824185
1679,118.74935319712696,1.8518407137307453,37.35514086635849,9.489031925881893
1680,120.13013861480201,2.0668095208481416,38.45406334708169,7.2130006675409755
1681,116.3479248513763,2.066190975165236,42.959928625913285,9.103249798872339
1682,117.8212286038885,2.184030727178852,41.12762175235688,5.9351922128539005
1683,119.33278482629287,2.1879371493772495,40.4271850293293,7.3004306879092535
1684,124.80810451806848,2.799247819079629,41.156214945943816,9.734320724415545
1685,119.01753948824883,1.9845544251050484,41.829174135243754,9.426644212502868
1686,122.98466234391915,2.245793987132878,39.16874149504742,7.749648774007655
1687,119.3312197711291,2.3233015484935606,36.909380727667866,6.743674103617242
1688,121.76863743864081,2.199685599106161,37.39928333501451,3.465242114759776
1689,120.56167394335421,2.222036115556272,37.55769783062545,6.200981966419623
1690,123.7064754602875,1.9910382211386828,40.38126736826986,5.339801781972579
1691,119.34208485152247,2.2212972389205365,37.37328531040318,8.642003537322074
1692,116.12516242499244,2.3022797992348747,42.84072045654302,14.319477803081622
1693,116.71595800277274,2.265520116854226,41.82831111844662,10.056377446063008
1694,119.35117976877746,2.3140401807824187,38.015536744123324,7.680399967662465
1695,117.12791409089803,2.4825215801272464,42.35331083942616,14.706464539972146
1696,122.27165724860662,2.3873933083828685,39.18948247975039,5.352516765638855
1697,119.55611868893996,2.2142589226994875,39.97519178852941,6.975462694563417
1698,128.36128030508195,1.9656483296233445,49.49112576515267,23.345480998082675
1699,115.6130847550749,2.0799989450577763,45.94743412626371,15.518768763077135
1700,121.63126285400038,2.1560737696165173,36.314472202214795,2.4757268127344982
1701,117.50334562713243,2.2504691662682896,38.884950605437844,9.478301055491714
1702,128.96894066167593,2.104333447700121,46.43869489350038,21.18927179835684
1703,121.43840036735568,2.0128533601631298,38.05425807448319,8.685363984739181
1704,113.7913487378897,1.9623602621759328,50.99531521567044,19.97712264241715
1705,133.03575286167424,1.869764448188894,45.34940119599666,23.076002887417435
1706,126.89901313304992,2.1530098592450866,45.03593688120323,19.826847294242366
1707,119.59434127505736,1.9060669115859392,38.15386947731948,5.432190915834942
1708,121.80540435609709,1.9998948631685218,38.887385319304386,5.101487749215561
1709,124.17725724868873,2.1212196254311397,39.59997910299497,7.150045121244652
1710,120.49174414991631,1.9328165381217133,37.36338923672029,3.5184631807012616
1711,129.6083357196472,2.2759504376997395,43.94651697291173,19.79598721391396
1712,113.94521714846258,2.3480446127211376,48.20615399358598,21.423977408297386
1713,122.98707123012441,2.0901145960449203,40.399359735005326,4.702183621042819
1714,120.64917792984042,2.1125945384779996,38.14528055850245,5.467350427667308
1715,117.8606800606967,2.3074859540278156,39.206361666565314,7.152795803852469
1716,121.39244980186085,2.0572009805530644,39.64087087088335,4.342683024851055
1717,119.19059089390083,2.043453217680541,37.959493936233365,5.486696212822552
1718,119.36187899354186,2.439299695637258,40.43629914832307,6.047690304778088
1719,122.879502583937,2.3768375477425576,40.60184566313581,5.432193199889849
1720,116.85101452489609,2.320310000468784,41.85991281826418,9.207534594537584
1721,124.24667738682865,2.3851289242788187,38.3708867063286,9.052276162451474
1722,116.66717289433295,1.8045442549265276,45.10649676002216,13.79890486556385
1723,118.94562563409868,2.4707671093586216,39.43195876090385,6.921244684347835
1724,126.96113320160639,2.2784124233167486,45.39667085826792,16.47862933389952
1725,124.49479976109151,2.402156276801147,41.92996387063514,9.240790709865967
1726,121.30257237673587,2.2774323558232727,38.93313463262374,1.3358402514298335
1727,118.08435633194622,2.2097849649360315,41.574435014646035,7.910477075547883
1728,119.35925584923034,2.1449381575275894,37.731196975738804,5.3815411776278035
1729,121.22715347521566,2.2734288753772414,38.42536715089327,3.44448486524352
1730,121.11632202025275,2.13765041821909,36.461345479408635,3.7757489149077497
1731,120.71830011815952,2.3735752200130227,38.883692775617966,4.448328635274801
1732,120.90441920633903,1.88270867108956,37.97218087087037,7.088868215253234
1733,120.33543715991415,2.091684827641145,38.46247366118591,7.429490110830216
1734,116.52986591951596,2.6089646496953294,42.20580707245847,10.430296737166886
1735,119.39881669930142,2.074783907285522,38.23774788497105,5.112978777690152
1736,123.83533456735923,2.1522632553873047,38.639906337730544,7.077771819253448
1737,116.75816367759154,2.023483813329985,42.986057864032325,13.035747864681543
1738,120.41237791422823,2.267169134577165,40.012581185214955,5.5973173504904405
1739,118.45876282081038,2.052747021971561,38.697066141613924,7.636560979331449
1740,121.34518633113414,2.16287781303859,38.745816449166824,6.260602726620908
1741,119.79523713869287,2.3697733072070144,38.88115849349501,4.5748232672139615
1742,125.57992036142147,2.060247316237037,42.62517466848537,15.132869172209753
1743,135.44121674344382,2.3577222238530444,46.437524637598095,21.278529727933794
1744,116.93341018609064,2.3644458631120715,39.946097040766325,9.36176980234234
1745,123.08080683600247,2.4109912189438587,37.93727002302897,6.279098517848213
1746,118.5985792455876,2.228108198983608,36.48799462009546,9.559051389897872
1747,127.43734943386198,2.8482518153953573,50.99794554037748,23.42615159509584
1748,121.97283896233208,2.4109067393084165,38.686225640192525,7.3354052945061525
1749,119.47558299883659,2.2649755248813657,38.472297019637075,4.8251895114367285
1750,123.76785303060116,2.0248151171836533,36.83811572273358,6.426592615775926
1751,118.59901880930848,2.180588174825172,36.89720423764547,8.470883817448227
1752,119.08126568696677,2.485265395380007,38.80689529543939,4.827991612176974
1753,131.42122335182398,2.541906923125254,51.13364545426874,26.07688972745722
1754,119.24651988009938,2.495665820088046,37.76819490216006,6.9442317839547005
1755,124.40749382219822,2.3570384613459243,41.67736053136636,7.604026476423236
1756,122.94926851019194,1.9488679587408857,38.212049369484255,6.394135490099835
1757,126.30082625743742,2.297432363565134,44.25353801961389,13.991894501975185
1758,128.02969703208768,1.9517195243894006,50.45074988340813,23.15887958470104
1759,117.80477720100974,1.9025057613238485,39.79634160252466,12.360123722730796
1760,121.2182992947146,2.247831736915448,37.11334762758827,4.51234035823941
1761,117.35377901840536,2.3046398894539504,42.76837575861881,10.8673995266485
1762,118.58942162398037,2.380675419696161,39.33762055097303,7.2802480565949805
1763,119.04674421820742,2.299427248077219,40.25791241056536,6.58103248800719
1764,117.72281989017135,2.30631719714855,39.47195652249634,8.645078585899885
1765,117.73914945401492,2.003069483001525,42.16796865396453,7.292508051069963
1766,120.5527184265872,2.179004663063067,38.39972883419621,5.906787185706784
1767,117.22817290300213,1.8985766428731026,41.695093437001475,9.630728552529737
1768,123.61059357332667,1.799326174119961,39.670461841978714,5.866199422679496
1769,118.1549640340057,2.348128541968615,39.12361304592079,9.959909575002158
1770,129.70966380729882,2.0493751212418085,54.68662594631417,31.938503555794316
1771,119.60070820201038,2.374499700428611,37.85539654851645,5.4519181186202035
1772,121.22325468994286,2.4216695155760077,39.25837526588615,7.763552497821486
1773,116.9844423281553,2.0761365350753604,41.28346043431113,7.355091278056104
1774,126.28888445019568,2.31806221891106,42.20844632392269,17.408664081717852
1775,124.47045211048903,2.067768654277272,38.46643747177744,7.743056144560416
1776,121.92043919928194,1.8308242250746354,35.941652232289904,5.898434736740663
1777,116.82491209878334,2.2246618808884917,42.638260961054975,10.183654511180645
1778,121.65306732094632,2.105825224056848,36.596873718865886,3.595571947131196
1779,117.52356375734651,2.1119821978825737,41.048945477421775,11.92634753157218
1780,125.53330131676742,2.595068623569105,42.698727455031985,15.919598768062873
1781,123.50850366874484,1.8948286034534658,39.30024877096068,6.982077993400157
1782,121.29586101931199,2.2765742270742946,38.58918418780171,5.868038744131075
1783,113.4472354439333,2.0010385525710497,50.755530134880736,25.27377173194087
1784,117.951410466157,2.381652281853465,36.52200892647332,11.740827342020403
1785,123.13205950795961,2.259686247235013,38.57933629090278,2.7760013607566263
1786,124.75993944434178,2.275868869836123,41.66280589180824,10.864535157204434
1787,124.43842641562561,2.011022076479548,42.733378421429336,7.956431678611728
1788,116.06475969305149,2.0468824173423354,45.550846216769685,9.248477269770005
1789,121.93481215112,2.3854501014691776,36.420156559073114,4.8208486301430025
1790,124.14809717109708,2.554159544345513,39.725670586600664,12.17997323226435
1791,115.85915974669504,2.296061563444838,41.77826321437973,13.203390016739444
1792,120.97549600234296,2.0205158558457135,39.975982695741365,6.702664618538172
1793,121.84891143475622,2.267787704492414,39.47525620788629,7.729704892841347
1794,120.06762978697512,2.6854944088675223,38.647013380032064,5.48013604997053
1795,115.25829824825628,2.2204845621437825,45.46869390095319,16.967364327073362
1796,119.99033585877145,2.49236817187872,40.01909319963253,2.2958315649008667
1797,119.98535316620942,2.0519341268322577,39.80121455659886,4.199616529034408
1798,120.54097554590196,2.1915827896727227,39.551812864534156,6.997060693537994
1799,119.25323858118229,2.3239130412251088,39.26494241765635,6.383201693364952
1800,119.62666232495145,2.279465661652573,37.960935611967294,6.558068468140707
1801,134.1555441820791,2.046722263977768,46.92548003613807,20.739447264042674
1802,122.3716092754061,2.0380965085738803,39.47474311779526,10.023266695696236
1803,120.05627703514433,2.397656880620532,37.94810615709756,4.693726882780247
1804,119.73008832205919,2.438310162530029,37.89816505286499,8.814715566093644
1805,121.28629751858882,2.5024287116243844,39.4913398296387,5.4823443163953325
1806,115.04516062972493,2.560786096650574,47.96457556507164,20.8300172257258
1807,122.47880889440202,2.2269238872645194,37.50689814896656,3.6379481415664
1808,120.99825439891883,2.1377601511536817,37.65761099228472,5.550840260991733
1809,121.12304993245245,2.470198187755694,38.45954408228395,4.4572945606022
1810,123.97827635354284,2.3426138563703174,40.58400730544913,8.569542951440424
1811,114.94627185685043,2.003508948266482,45.38340110784176,20.349183449972045
1812,114.88111500343722,1.9932728668962179,48.68554261170271,19.024002010586496
1813,121.8487919205029,2.298386040271262,38.70722234455714,7.770883814560035
1814,120.9779377491016,2.1645450677032003,38.69090551445296,3.926750282799651
1815,121.52754852389499,2.194714009051861,40.34777694387931,3.734022136477265
1816,119.56740606696542,2.4145066729420392,37.867731470114876,5.948913520899428
1817,123.05949639014379,2.3518074289970072,38.81817414444841,6.611094744412297
1818,123.89118041327247,2.4659746496836865,38.209644422331756,7.772490662965655
1819,133.8107932553442,1.813692778725327,45.10253990834181,20.85178679654787
1820,120.1914317789458,2.2506795834442404,36.20822638386575,7.706261919553153
1821,114.46616289839535,2.3389377044794415,48.364230159918314,19.45246886340327
1822,123.3846322449151,1.8946828286624633,39.797019382658526,9.89981326242518
1823,124.78735886527454,2.069020871738006,40.7955090792121,10.244642904918491
1824,122.99813107715033,2.0319029675342164,38.74780529616107,7.829399699062567
1825,118.27310847516073,2.2043396342119834,40.62581256515855,8.86222640751509
1826,123.08876262037005,2.525570793738813,37.483309529579266,5.160903242822683
1827,123.66764209468047,2.6045178809329803,39.83100738365675,8.388395571808658
1828,125.83233036817717,2.0371424893853436,44.04667444158197,17.03682847001005
1829,118.28405923489333,2.305311450098715,37.30583723207559,8.259780264739542
1830,120.29799078791316,2.311759570428463,38.998839132860674,7.0849117320125545
1831,123.3165433585447,2.2775251543029498,37.00432088680383,8.395447100931309
1832,121.1779712214583,2.279795926947847,37.854095397239824,5.794480165377051
1833,117.53628443364104,2.2607485004902657,39.12700318009642,9.75337349730009
1834,122.28531048358278,2.5375140241612844,40.224065621702735,6.818107626053198
1835,122.79385106482701,2.4204933028736115,37.20368099101377,7.776502413277012
1836,121.2726849786261,1.9879692204803467,35.87111170191004,2.656913275751873
1837,121.68071327425783,2.35914421617611,38.27529930766038,5.832055185896047
1838,120.19801170477423,2.3784746749022907,37.60368687562234,5.075366855567795
1839,125.58266470071979,2.262993457430358,40.66419266976599,11.80638451278987
1840,118.2078542304907,2.426284874100546,40.398696918502814,10.390959619520334
1841,119.17930563543229,2.2376148068598076,36.14033537203252,4.9672469178876995
1842,121.03405509193533,2.2400935442152505,36.653141880485016,2.55034469766135
1843,123.72475748587277,2.224248108935409,38.88556298695332,9.310367003120021
1844,116.35814317270693,1.7963511828400665,43.783192766920884,10.042643854328155
1845,116.93808007572714,2.1839203212188254,43.313931440782156,7.311625866800414
1846,114.68304162602237,2.0663498851090862,48.212488803210384,20.892095695479057
1847,121.10135519828513,1.9627104043614887,37.80300410516737,5.505167782745524
1848,117.53325196665972,2.4868036569479046,37.48853450563341,10.304586966334721
1849,119.80789465894446,2.300841503706892,38.82075425930221,4.856777908379317
1850,123.0502723886643,2.194033783811091,40.83654157189022,4.040894253644584
1851,119.01121756557318,2.087039329779515,40.47408375588427,4.331343744146071
1852,121.71697427050444,2.2592339169257483,38.71492517567122,4.86275932767844
1853,120.07205248596966,2.3982872186635027,36.64308545589493,3.0838148760339994
1854,123.08355437679896,2.034606831290612,38.27216464032024,7.302820117764074
1855,122.47289700877883,2.199034325544678,40.99123235003269,5.080628877198973
1856,118.8550055418587,2.3736132997702346,37.170471874537135,7.1619189189039885
1857,120.4771795644586,1.812799774183174,36.56794146912484,5.590450866367115
1858,124.23560453293354,2.188486047518919,41.52852708909368,9.599116996145616
1859,122.2194682977877,2.1141417258904927,37.766655626200844,6.669502827107328
1860,116.66941762097149,2.1732340284489933,40.589585964275486,11.110469187062723
1861,123.03241598963129,2.0996742887256197,40.89511977841988,6.995291770822404
1862,117.63770707044766,2.2275249210414594,41.08647579529457,9.60517025443951
1863,125.37879051687912,2.584725444084544,41.721895892265984,7.295940649471288
1864,124.17470640350717,2.13521550521429,38.727820077993904,9.955965179097339
1865,121.89864497534704,2.2583422018188215,40.839292347195546,5.767537149919247
1866,121.4874218146522,2.5989492836818227,38.02048024121716,6.354845852852378
1867,120.352000006315,2.089996884325489,39.908905359409815,2.9019635657857195
1868,123.1034242493401,2.562935069785794,40.1350901939889,6.1485687176406305
1869,119.85058767466761,2.2010646013254216,37.61348068243552,3.588496075294503
1870,121.73026659898368,2.5563792451729856,37.450500197743345,6.801393871761378
1871,123.70299653621029,2.350040224989264,41.48757122776236,5.087445166237556
1872,119.25839971507067,2.2614216725164846,40.568570273948474,4.497165957710668
1873,119.08980250602885,2.186873863622683,36.36275721355726,7.49229590680755
1874,117.29746700975417,2.075191712024158,41.73063945892577,8.80225107902378
1875,117.70013448700887,2.2151583099928707,40.2380254827015,7.247247093440669
1876,115.33197453453134,2.379472291804005,43.72451267716421,18.16704635314677
1877,135.8085740187194,2.197377713800666,45.5651480016358,20.84327389759796
1878,126.60763508045659,2.136675438987629,43.16354983474251,17.57788518427648
1879,125.41851972475794,2.1498434931644455,41.68873768173657,13.645709175812808
1880,115.9591380852578,2.398495322716611,42.55224769296868,13.65360046524211
1881,123.24704948182422,2.445032291019971,38.46110225882583,6.578504329008704
1882,125.40852968476302,2.066569897246326,42.18280743415551,10.770942464289027
1883,119.58388905971015,2.0662824285105024,37.12094478246876,6.220564986983373
1884,121.31448703501515,2.2758717839334226,40.06689119847766,4.231608911398305
1885,114.77553154250552,2.5055064129514513,47.16494987064799,17.937576861159048
1886,121.82688212072759,2.429198061662512,40.48335342604404,6.579117739120145
1887,117.70296483875238,1.949629557564018,40.18339302818926,11.255278865553416
1888,121.6188685555257,2.147184806001628,37.37083267259782,6.090743884269641
1889,116.16027094121446,2.0138792890620976,45.43899531858062,16.807242220819475
1890,122.68286049588055,2.1464974956169485,37.871566616854786,4.850727220146141
1891,124.17598929382274,2.520881999207071,39.987340130199,5.238265983569237
1892,118.57214242868298,1.9154798702433968,40.232849958698814,8.620865325530636
1893,117.47553999762765,1.876226941343962,39.123756477044495,8.08115265788409
1894,114.31632856809506,2.0342891693132796,48.75240512835744,20.31499707400859
1895,120.17411804436695,2.2574621205151986,38.90840900703484,2.0761149823939604
1896,119.19705880372702,2.3241509641281515,40.365254244037196,4.629209465069319
1897,116.19183982172103,2.287489686972307,44.24310679991046,10.437209413495122
1898,122.40435814456774,2.4351370806462036,40.123860654347865,5.065101428876232
1899,119.60509181621958,1.8473828811532143,38.28452067439814,5.131371256034548
1900,117.66521852819977,2.4376673076717874,39.32509742790648,9.263193394573328
1901,119.28082554251462,2.137580935990742,41.3932044176678,8.589919917619385
1902,124.32104407068181,2.3462988619609737,38.44174911809182,10.346388705099631
1903,122.86910452564119,1.9353149146473592,36.91411437757397,3.3406207959204206
1904,120.59691920935468,2.2009913394018144,38.77041075989467,6.412095270989967
1905,122.91922555724105,2.247254154117803,40.92283574533534,6.701533283987299
1906,117.4011729352011,2.431150207499684,41.09575847300081,9.547174463946579
1907,121.10034731225379,1.882949075478447,39.30131011788971,5.1603952471960675
1908,121.45669922450806,2.206150509706981,35.45134277425303,5.661650576947076
1909,119.54350682365394,1.9829529417715714,37.8172934711679,4.627895427534146
1910,133.74352592399796,2.3010992088416553,46.15621846199708,22.408861941836662
1911,118.5806562906022,2.3554433072912255,40.30224352222184,9.49811272986542
1912,122.58044419410597,2.457434048501618,36.5381161225846,4.736810357330626
1913,122.71076219174701,2.092994109138325,36.982711101033985,4.267560392116178
1914,111.95680436983909,2.385445297137758,56.659697951629326,33.70554156091616
1915,124.68994768088136,2.4721803174954107,42.37582871290423,7.817423592837544
1916,111.55233904740646,1.8713506060289067,57.43016690383736,33.16711618554297
1917,119.09024802077602,2.3224689840196904,39.54359783221404,5.822015781310323
1918,124.17857890619904,2.3917022507560213,40.92186466678038,11.488558932698165
1919,132.61130223701153,2.1482547227225126,46.659850582416084,18.3863778696332
1920,116.45482345434442,1.9578452844949785,41.121781435106946,12.769816920363759
1921,117.60941510867832,2.3885911512219327,41.26349332810698,5.176341186353459
1922,124.18340781359392,1.9600982344884488,41.02652316569078,9.579368293315579
1923,115.04333595529923,2.16432971309782,46.968237963132154,17.796041425989443
1924,124.49987241298226,2.1919751884393346,41.100489870876494,8.22384924422921
1925,120.82918349296891,2.3431076103408,36.487369333873225,5.552308293340516
1926,117.30357447562845,2.074673688097494,41.90342577436954,10.305477652629042
1927,119.19234327586166,2.063083262234429,38.71708161881412,4.3306409274328175
1928,117.84660454258491,2.2197830957526223,39.560099962765804,9.310888099677966
1929,123.68529812266144,2.40127809552395,39.203355133313366,9.998346405450755
1930,123.2705262102648,2.65749000013063,38.23682930782238,6.571262441625128
1931,115.67060048498425,1.8985037600442451,45.404046734453786,13.49244573209704
1932,119.74886443259007,2.2630684035573156,36.500825692114375,5.4104669401900765
1933,118.32412444673274,1.9826929947531418,38.28373647959779,9.329873562423094
1934,125.00988090222405,2.403762248641349,41.11000711693146,8.497694902842602
1935,116.8146927338081,2.0122910905381537,43.95157142344721,12.43013961104349
1936,125.97311022452354,2.0650703563635355,44.81156628097803,12.567911385652279
1937,120.89678630749749,2.0821458281872007,35.86925063036901,5.663648427833502
1938,117.39800334022173,2.1847602122560392,42.611114801530064,8.668803555382254
1939,118.90045002957123,2.2646395193717415,40.72403049931083,5.665506312759638
1940,118.5149815936178,2.296740278721703,37.83235880178339,10.255241108866997
1941,117.04868295375194,2.1988464907634437,38.15694365621813,7.987252717976051
1942,121.29396326516417,1.934021795511884,37.925123059227104,6.152440777779627
1943,117.19346179285529,2.345557230062038,42.64689301902931,13.560922973608811
1944,114.24086475291162,2.1894082672673947,50.119540604195414,22.49255991124974
1945,119.82300294037066,2.43234695800294,37.172695413573116,3.155778391257196
1946,115.41114579110456,2.058452244104013,47.14933693708528,13.697349011961629
1947,118.66830130899069,1.8795450545298014,36.299788018282285,5.67479835935092
1948,118.1817810453296,2.193194799463385,39.2688529788439,8.279850358649993
1949,118.29923017671997,2.4591905376568532,39.06234081045433,8.182246292188209
1950,127.20298561492947,2.2321884273232104,47.96298485098644,16.25073723548828
1951,121.17487585822568,2.160066040165429,39.69452115019555,3.5524643769773223
1952,121.76065012788553,2.0259305964685135,39.36778024781491,3.8606892907062558
1953,115.49316528133889,2.5515532933361644,42.91583523273364,15.470411081109692
1954,118.97271428572554,1.9940794810230442,40.02557996214488,10.409381947408493
1955,121.66743815281869,2.054921148474352,38.75975877049591,3.5828603660587586
1956,117.82396036996968,2.314006839216805,38.04658540007162,6.874309823075091
1957,123.81499481490576,1.828795862022642,37.056205100305995,5.820501972007904
1958,117.27164058370681,2.454918133076268,42.40753214318066,11.272767063331969
1959,120.11226497881796,2.324838622843471,37.93924707165026,5.397276680666883
1960,119.18323991607576,2.3798462143622223,37.05539906436755,4.652385579366219
1961,121.50939404408393,2.311623402389931,37.7864625969512,4.601507193073034
1962,119.01448077724818,2.1677752965087262,39.340556453908896,5.0759307325513126
1963,120.1602297560801,1.9873702579689156,38.04744062909831,6.009018356160217
1964,120.26799671548824,2.171984911755008,36.10030033881401,10.48785563590064
1965,118.72339795208697,2.0049527376494733,41.59146568923694,8.06066328041188
1966,130.21461138018017,2.297231062015277,48.53212133869078,22.77068842587915
1967,121.73900396199602,2.3613559661096204,37.684157221110574,4.127690973318925
1968,120.72529676971519,2.4953617262396417,37.632978557567384,2.6739514970739044
1969,119.66557916626793,2.2743535281105727,38.85908298465673,7.217248126190133
1970,123.46928649461199,2.3849150713190372,37.87291485988167,8.624854466261622
1971,120.26891384417604,2.140571052553972,38.537066500290294,4.501478544820578
1972,131.55552767783539,2.1043445723983614,46.25978024840551,29.19854196410224
1973,121.3245390926532,2.2947343781633607,37.93147715508652,5.276967151812718
1974,126.25941871720964,2.1227054254566182,42.5663838036318,16.353565232278044
1975,116.84489575513427,2.2538371577655316,40.34476690582953,11.805486253858133
1976,123.3865563684716,1.9877615621329159,41.392482683679994,6.856919783194814
1977,115.13116940016188,2.02367446350474,45.654491636681094,15.440829651874465
1978,121.67354679050874,2.3270818602036583,38.36943479240253,5.082263322162542
1979,125.88275676558706,2.3773380150812193,40.63029517960925,15.144356042060384
1980,122.51487242584865,2.002868766206664,37.72876217657389,5.0377367506998905
1981,121.52893774347336,2.3341228621012844,38.661126284339204,6.133429949410782
1982,119.26260664671047,2.0934528653929454,38.91645499182378,4.1992893065735215
1983,121.09624632151451,2.203301035240062,35.2017991702093,6.685353012689457
1984,120.21860527224959,2.4833888831581294,38.403606390176556,6.008290741525576
1985,118.5634725154128,2.3614974468045897,39.78259300490734,4.993822722312743
1986,120.10138559202791,2.3591743976044386,39.84654232558562,5.057000154284197
1987,121.61498159794196,2.5817580716913935,37.231404065857745,7.1021085557374395
1988,118.62162708755501,2.0592241317900406,36.329775360167076,4.787668371487094
1989,118.50052635587748,2.002825005001491,38.078619092139185,5.351773520794708
1990,116.78324534346426,2.055575545954282,40.48563981282236,11.291312727601213
1991,122.21124758087558,2.149099789318677,39.280488095592894,9.766820633583098
1992,122.69050211209789,1.7290898771416214,35.096957861107725,4.9223307271775525
1993,121.7181473771332,2.1585143526606383,37.53059844606792,6.321528078561598
1994,123.99202852745887,2.091085853621018,41.82302575165853,8.827539422637262
1995,121.27238967495026,2.35675195347956,38.02569935138801,4.105880836752295
1996,122.21523390583384,2.2704838758020083,39.49010641912475,6.023031074452123
1997,121.94189601947645,2.0798606744461328,36.06083915091481,4.659622981046536
1998,120.71622593980355,2.317992169072581,35.935129730624666,4.54835559981276
1999,119.35445233279809,2.344652611964754,40.46413716270621,2.9913228784928236
2000,127.86387310895492,2.046290842041718,48.49638586776801,21.64303507329605
2001,119.59895196245412,2.1013951489235163,38.56610250364434,7.59530512381175
2002,118.93577909552664,1.7549273625804036,37.48382307080316,6.800461751944088
2003,122.34543045269533,1.9818680051261433,38.52925653030409,7.905528831626598
2004,121.78074868741452,2.0515060879152847,36.64438623399577,6.515971126810354
2005,116.64514620240799,2.2148332353212044,43.71517693522569,11.724534577413136
2006,124.48030258914758,2.0109234641280374,44.21093126747464,8.246318588496628
2007,120.70799681641242,2.0973096025901783,38.64788185879449,4.3059419915421815
2008,117.55611360483127,1.9549338636834803,39.783847469522215,6.557153825509371
2009,124.68523075449701,2.234222779706254,37.69404782741288,9.445874108674898
2010,122.93959427194808,2.2851429189169816,36.637842357845194,6.794106720192725
2011,129.6376328134597,2.2804730696839646,52.205792038240446,28.66058208633885
2012,126.50926680479894,2.202472226381052,43.3394951635687,16.827015868490697
2013,123.0422718419352,1.8917854006997212,38.435506994607046,5.016583434464337
2014,120.96839204156235,2.07600926722143,38.85214356082098,2.465549948577078
2015,125.92967829742751,2.1185386655363034,45.273356924718456,13.313155874956054
2016,121.49382312987188,2.119340937415875,37.79418648487823,6.827703898231486
2017,120.9129424671775,2.2149962435979673,37.475600452518805,4.783481615188062
2018,118.95306964033183,2.485108274474204,39.01489059447677,7.6962432965765695
2019,122.80373636185195,2.3624192425369204,37.89983310824373,5.994574348494256
2020,122.47746919870434,2.0024964440302613,37.734276387005565,7.326321157551655
2021,121.0455084336581,2.335680575059327,38.53589977665152,2.1659346129961485
2022,118.55104230301043,2.3280604735331476,39.56030560954661,10.347033858853145
2023,131.20062958333153,2.0387865054096874,48.57881846852304,20.218638264056118
2024,120.78362376413737,2.369773184527088,38.5808035702242,6.7244779628927045
2025,116.86622961192398,2.1679246728109476,43.25586188921549,10.663670577595934
2026,116.43738171089502,1.9180093019971112,41.187176113716475,12.266046967529212
2027,132.37971388542283,2.2910405449274287,46.046377002231964,26.80252823709335
2028,112.93414622333977,2.2433923647229053,51.37288362164074,28.45594771286029
2029,121.63677263357991,2.1544644741628347,38.60329470739831,6.211214417640403
2030,119.51794252096315,2.1925093830033404,39.37829773920649,7.979659902373006
2031,125.05556448132772,2.056182904222308,41.68330221488745,13.631764018707464
2032,119.47024855162299,2.3220261007594223,41.644354126555776,6.649509761709784
2033,123.04440106418087,2.191309873098215,40.775880356310246,9.91883255334814
2034,119.76956709216284,2.233289768789646,39.863491263629314,5.906535630603718
2035,121.35261927580704,2.2714283848857746,39.020926927888574,7.290655812065296
2036,123.28419324585217,1.9690828771147353,41.44022759561632,7.840705953060508
2037,119.5660772793938,2.02114339562359,36.58428947439757,4.876158229326551
2038,124.08932014194505,1.7580111080767584,41.88102582006178,8.884709522121291
2039,117.9195365809699,2.3129484516980816,38.799018467116795,9.477265773861244
2040,121.91323781193097,1.9575579952506468,37.44983987146415,5.4307247057342085
2041,123.86018314064235,2.2265139419791304,40.52955264884341,8.847654043500512
2042,123.04611622455003,2.2741976449879107,40.524236368124654,8.309496684249508
2043,126.94097911787978,2.320470567778504,44.265301612211836,17.508922537887056
2044,118.63333811633696,1.9591966172327884,38.565931122767324,1.5669943945575113
2045,116.72463732081938,2.186967676371862,42.148111422728405,14.786267401323066
2046,117.91756116366513,2.53405608415755,39.84803861343958,7.960076495492296
2047,123.04737195630015,2.5428629359968635,40.03242270364349,5.102873755024146
2048,122.54356109623507,2.3974646188053903,42.990873689498166,3.8980937384932868
2049,121.316995644907,2.267498627763768,38.56722389363945,4.595922969177576
2050,117.5188331477679,1.9989787222309245,39.7103196140665,8.372262049075593
2051,123.37728860932009,2.343724325078211,37.55786941920997,5.777707414820154
2052,117.20341518928332,2.168395754250632,40.748262281830925,8.948879766032926
2053,124.59274370536839,2.312105655054569,39.6173927613047,10.724243932076131
2054,129.85805911173358,2.073431309029577,55.87016119950064,36.520514467344114
2055,122.13599855437181,2.1654133774320146,38.87153652393716,7.210758486665507
2056,122.807635220539,2.2328294720152853,38.116741254034835,8.47657733272026
2057,119.47213471642377,2.249255618298772,41.094003429365564,5.299951253916315
2058,115.38833870463087,2.2987445428920497,43.971881833655814,16.42062406742648
2059,119.13156997460631,2.08416100309502,38.61276637888676,7.232177333964981
2060,117.61202475259388,1.9313431095779596,41.3561542466048,7.964271699041528
2061,116.51428581311345,2.524957007979959,43.586430350516544,11.433683984209031
2062,126.33931582018651,2.697850833804672,45.93267403209883,16.80155142052574
2063,121.84587380587989,2.289484142240476,38.71445597169543,7.5219821081060125
2064,122.17703149990335,1.935201581053978,39.670975204412635,5.8129706151966465
2065,120.04203066789162,2.0453609766314247,37.33725452944092,3.250398190961479
2066,120.46409964442535,2.301823513810194,39.256688170498606,4.738891448773214
2067,123.99010711494194,2.468223122336257,41.143110818145125,5.5907300400280775
2068,120.89975493204483,1.9574218730916289,39.96896347338245,5.346401754463249
2069,122.64515120787667,2.17513343583022,36.42646815939407,6.632548785288014
2070,120.39238667668045,2.239186412888794,36.90188461886721,4.814868082764627
2071,119.93932603873066,2.3729156902571753,39.317589695642745,6.05301156076827
2072,116.63856608663423,2.1312797811199244,38.73808944789874,12.649849377489272
2073,123.74689754797086,1.8872370617356151,54.75245411434789,34.268016857127336
2074,120.18915810669415,2.3242395118905805,39.52238795911753,3.147205046214768
2075,121.17513974517902,2.4249591930342476,37.25746044285953,4.729533657145361
2076,117.01299688620274,2.183481707650968,40.9379156423289,11.542369499006067
2077,120.89312791839264,2.2810480182612864,36.606134209790085,8.203549940120881
2078,121.16663294527055,2.105101754114586,37.328097382808075,4.6930593630038135
2079,114.31637518121593,2.0308454410548213,47.18724590546832,21.881390632244635
2080,118.16311355561355,2.405285136109444,38.88284977683042,9.685262277075525
2081,122.26251807057996,2.2774991695628923,37.39168778215916,5.384290530581466
2082,122.1998820611268,2.2980737198803767,37.96443151098015,7.8858756564408115
2083,125.08967080506862,2.500423029598923,52.16901632066292,33.93329474669382
2084,121.49118895654918,1.9890315331362856,40.48945011984726,7.907174301578817
2085,124.16946239861747,2.0895947463681157,39.697567531122885,9.586943284760011
2086,123.40892617287179,2.2315866697669393,39.724038848445694,11.715284631570668
2087,120.7046140602568,2.0871373524477517,37.26924777132837,4.061500584437042
2088,119.54927342869469,2.3566273070544903,37.696539160038185,9.972360068381928
2089,119.04903209856303,2.1625201558192035,36.62169896648381,7.991965541804101
2090,122.45024132701994,2.001493438500562,36.41992785729682,8.482855900059558
2091,121.60482231674295,2.2131543350375327,36.511380444113776,4.719961778561359
2092,122.95115241891682,2.234067754161358,39.07634495279398,8.136950452276883
2093,121.40880882067557,2.3869364125792663,39.435793175279635,7.969744539114043
2094,123.53816824607706,2.278628180629485,37.09464168502249,5.388822892812513
2095,121.29323685216887,2.292229278271967,37.305117485569916,4.919775812565172
2096,123.43253502000823,2.2640583368014453,37.52483193502916,3.2026492106089997
2097,123.69955058813657,2.1623554957416142,39.25970592076626,7.411818026254586
2098,118.50596744630307,2.056756176977747,40.76694398517729,5.826653865040838
2099,115.39475345470069,2.257767670331875,44.3311864212994,15.782817484619647
2100,125.78482785364511,2.133375046823272,42.97503500572437,18.768024535605186
2101,121.79564206520801,2.537964524088203,40.031067100414276,8.685392866489643
2102,115.68509372396203,2.4684364589546437,44.809881528735204,12.35192973334254
2103,118.787159558622,2.326567826470322,38.08914640761772,7.969734759688173
2104,123.39281030634646,2.275693387858597,39.46620892726117,8.721908472167799
2105,130.55594337289284,2.182408189803765,46.54281924965965,22.258161754138328
2106,119.41260960011071,1.947775253730573,39.10098443852215,6.420717344582478
2107,125.3427337669702,2.156765555335607,42.818996245866884,12.325133993862607
2108,117.75340984621019,2.2202800066810515,38.5415688672227,6.330560060902197
2109,118.52572459096001,2.2458912948889327,39.57454277855311,5.383187807159322
2110,121.65529807264963,2.2939072734031654,37.941626188689334,5.6776592124442935
2111,122.21041028936703,2.3842660395755373,39.03040109141698,5.901647377177312
2112,122.53866340645627,2.0615691856614267,39.601597883565745,4.682350618135849
2113,123.82483793816374,2.063384878558198,40.3762205482776,6.483583616188903
2114,121.6155937241127,2.4901713359486317,37.68921887990305,5.162053897233139
2115,122.51709021070907,2.35419631783863,39.719672822757644,7.689233758268472
2116,120.19645129612324,2.121845811573336,37.00707030508711,5.280668717026653
2117,121.19436474003382,2.1785577662095528,36.2916324920967,8.296410756466678
2118,121.33335595816627,2.1794572106650203,33.87057507293685,3.9168351276368663
2119,121.66680422103902,2.206314824456277,38.0066348939647,5.722528376982576
2120,123.39487340350655,2.2945366184477227,38.19378172479961,6.534235201290458
2121,122.72095161402898,2.7069985492199664,39.168649199620326,7.353711858425037
2122,121.13707270899057,2.2379513122325307,35.44153795180332,3.7215591484146326
2123,118.49170944668278,2.3325196300850504,38.54280261379994,11.064088257539284
2124,121.2097808999944,1.8627046587619716,38.62103264334437,2.0032392432564494
2125,120.91314486682319,2.103020001444233,36.662872648861345,8.462052790348174
2126,121.59886289742091,2.4457630005433213,38.610933862576346,5.496500960774363
2127,127.84022845213525,2.2804630782713233,47.56939018743968,22.625660552409343
2128,119.37630438652216,1.3221770830270327,38.537354435235976,8.658332921704227
2129,122.30909595928861,2.3348046404632394,39.15072649907958,7.429363121534552
2130,124.31223240845732,2.583632878925754,41.6522305061296,7.652758147865424
2131,121.30380593370809,1.8008184827760414,38.140545704695164,6.372474470873629
2132,128.2473198694337,2.5038775351291025,48.49698858043313,27.131476399466795
2133,119.82807819563243,1.6456088738748145,37.706697636327924,3.9948359973376877
2134,122.00467658919214,2.387599789010683,39.05010448276462,9.578295438373324
2135,118.52370219083176,2.198270274797552,38.02142152620473,8.079052517232277
2136,119.9102733210558,1.730005756951077,38.02976435602434,4.792493715532478
2137,121.77169512222964,2.2892275654479577,37.629363611698146,3.711179845829876
2138,123.62354259315396,2.430167949830412,39.37988434406581,7.184796066956824
2139,121.98919398547308,2.2727774007643147,36.90320375497296,1.8274478302797
2140,124.90325603293768,2.3169655274119227,38.94426202703041,9.743428189320833
2141,120.70560753716272,2.117664777532188,38.696032123626125,4.730771659435728
2142,119.97027755749909,1.8277220489557957,39.486643078425054,3.529728974692919
2143,140.95759058935792,2.3383728044674132,60.18099410577682,47.49401334864571
2144,122.2221367132703,2.549950783889259,38.80820000130717,5.307110404273262
2145,118.7696072074665,2.425916170845492,40.50256123127551,5.733118568377462
2146,118.84778233703099,1.8024248340797309,39.79373335192609,6.20307982744829
2147,118.07769226495284,1.8970211185578134,39.33710291735073,8.863663073710862
2148,123.90336500315604,2.030806451640532,38.6279509544653,8.289455219430234
2149,119.87043039203095,1.8814049097439716,38.3859755529894,4.314721957370173
2150,121.3948236745351,2.208837983911208,38.356415437975095,5.493301607567534
2151,120.80312310924137,2.278683161036105,38.13307707672792,5.117281859164287
2152,133.48649327434856,1.9139493433515267,47.23454965397824,18.130230823527782
2153,118.37509331205953,2.355425691855106,38.10838248512722,7.063388374474312
2154,117.66572591295665,2.320220788804003,40.99531918995784,10.191827004434764
2155,121.69532165226295,2.0903681750312595,38.718474726760824,6.456277963840352
2156,122.86297378256968,2.1654956028032033,39.02461645229941,5.977802728523248
2157,122.03085017060269,1.8100397648693938,38.37807519492359,6.857796536074414
2158,118.49069343979828,2.1335475687425856,41.56828060494564,5.541901350304209
2159,123.10020301048333,2.2014769948260655,38.158695170808095,4.9407215472678105
2160,118.69403112600354,2.233749519045638,40.83571396521857,6.583737926486187
2161,119.3832302011622,2.275775382404035,37.62083599814709,8.960256262417458
2162,118.0737440733618,2.248848348646115,41.32548996944411,8.507218902287418
2163,125.0335908808213,2.147131260546866,43.182746001750544,10.371254349480676
2164,122.96360677718478,2.2572389885108635,38.46729878216688,9.483375253684727
2165,122.87547946460451,2.40040639866205,40.9330850791528,5.885915100866904
2166,124.8663554055416,2.1809003853380715,41.89846155960127,14.678039593529643
2167,129.71921266954004,2.2635189781663354,53.584973133384125,30.83719641695423
2168,115.70139907787852,2.1627657874671766,43.69013420831348,13.104025520589836
2169,118.71103259928097,2.070648216704086,40.62525278548062,6.717692364325489
2170,119.08985723905897,2.304575933383521,40.00268609321824,6.003765782921062
2171,118.36245917061365,2.088954811165959,38.15500423607653,6.10014961427438
2172,117.6594919324285,2.2772293801984382,40.27394420704462,14.04939870082964
2173,120.07107550142837,2.2056510743020095,38.4544180368997,6.107405732246271
2174,117.22852848260284,2.1392130646959715,40.46939346364008,11.060473282264322
2175,122.03863133936598,2.134371433570668,41.302465753392035,4.699993663129457
2176,121.1602647964287,2.098375801516863,38.30941352352128,4.111417850725271
2177,132.3063985444708,1.8708397655821973,46.15664597855088,27.88768882222395
2178,122.57395820007858,2.2765790190323387,40.09312212896633,2.882971177537564
2179,122.8693212456227,2.2463093650556645,38.293982026963526,4.251584173466041
2180,128.99623959573373,2.369934050489699,49.007136324450386,26.36315257071423
2181,127.57554454816437,2.093708619538641,45.34426082881885,22.900215017418166
2182,121.7267364610945,2.5790767250953337,37.52644183433528,4.673268810717457
2183,115.22629726686314,2.1240528104300735,46.697633059029464,17.658163096542182
2184,117.89263518812473,2.024978071561061,42.165514573064314,8.632185116765598
2185,115.60444073401376,2.001263016031467,43.399368727501596,17.85211191204941
2186,121.05373735036905,1.8532155193540678,36.84386716753719,2.1900369613840898
2187,120.62240380543467,2.506525578478626,38.76904771443464,6.648232697225852
2188,119.54788033651168,2.4742134781537324,37.65395927036665,5.5601200644703646
2189,127.23387094844159,2.3201490325769516,46.200301047319286,20.558681419085296
2190,122.70184690963842,2.0207822384448444,39.776508771004394,4.657063014755445
2191,132.38882598824483,2.5622535363118244,48.42702536240459,23.452256466667258
2192,118.11367218737948,2.129656167695669,37.277741936223094,7.921048133933269
2193,117.90265083687386,2.1461948337546697,38.41917603814235,6.653122747902584
2194,121.11409704720056,2.487451816087215,38.01580625139594,2.7717716230637297
2195,121.5363221329219,2.3317821168961745,35.64083102164286,4.1978929130516915
2196,115.24543414194518,2.640220627750919,44.89899766474532,17.037129020232065
2197,120.44104822916644,2.249744452063804,36.259008486948765,3.8712162525627543
2198,121.04362345690787,2.120593840084255,40.13233937024365,4.573526282344553
2199,120.3330375861095,2.077639023308041,40.912549922734755,1.7726786280211413
2200,118.47848972172531,1.8306007645618747,38.02310686531319,6.721070080286628
2201,119.32744093604447,2.144280845438759,38.94922612498166,8.123923466434444
2202,120.45173649992434,2.428918667765476,36.817605578817435,6.645050122273484
2203,121.28148007319115,2.319766834531214,37.61532054428195,5.06257918070972
2204,122.87485390590676,2.2040616013120813,41.117827103411194,6.893217186499753
2205,124.3506542353477,2.0010131112367344,39.86321932502334,7.555714580069829
2206,120.08752205706553,2.2453746036025475,37.81132681828698,8.577849096973335
2207,119.58591579204239,2.4025627410390746,37.21463146498692,9.82862071389471
2208,122.35673258795634,2.286143851293997,39.89500532031332,6.157418058669302
2209,122.89361924087365,2.233347033926672,34.54662792918828,11.377330928809247
2210,119.65397865689745,2.040608469343759,37.82295364234816,4.541774203713507
2211,123.45021977859514,2.3734363628224027,39.261135009576044,4.924201381065577
2212,124.03671455758352,1.573619036251164,39.16935923812654,7.079287223705067
2213,125.00422804354189,2.276569141773029,42.650054449481715,10.394813274998066
2214,126.51279481083145,2.71406439618892,46.24863492695425,20.229743766501194
2215,118.31410997015574,1.8983253225336307,37.75142978878832,7.190699496274556
2216,121.04308444893078,2.151726109059727,40.721941029244775,3.567303650081244
2217,121.03496085951785,2.198417801975055,36.15003242591404,3.4933559583972498
2218,120.69597193754923,2.1074834371886846,39.69555515998526,7.398393584847382
2219,118.98728494920857,2.407274848511796,39.08600082074652,8.512730978275988
2220,116.39475778998369,2.2944902028710605,42.01100485259355,11.700480980448722
2221,121.28730628268991,2.230460074509464,37.48598286943749,1.6649008944789885
2222,118.61809745540147,2.359454512233856,39.20459451317388,5.041383171240096
2223,121.26657979031764,2.2033501418143486,38.28657747303619,8.49523596586116
2224,118.53846502073355,2.835972897764703,38.13681332313051,8.629439039597287
2225,117.59105912788254,2.2302693867313486,40.252471186328535,9.391683867918301
2226,121.72632491716838,2.239056419697941,37.11418586496006,8.935424788841893
2227,121.46785673310013,1.8579063900853452,36.468591397799536,8.997431391289377
2228,122.79577411109489,2.0913099345393156,37.646951811582035,6.260396386601053
2229,127.77617767589464,2.4294755363599623,46.60668143446038,21.237418018342357
2230,121.85959754675362,1.9329086299280256,37.61635836074899,4.352729083821748
2231,122.5037534778988,1.7684885651396092,39.05969777201334,5.450699836580699
2232,117.6595598805113,2.206463094237515,40.611802302647085,6.281471613141169
2233,117.01058693433724,2.4741489014949956,44.068039863524604,7.938661698218545
2234,125.90677128499733,2.2084762457392255,40.423220059684475,10.35368970422482
2235,118.13721268220675,2.1327750794747313,40.41316452600037,10.128683242568197
2236,117.76377337844721,1.8283024124518041,40.31244211421199,5.898942737582571
2237,120.87879334422868,2.290450824540439,39.06360347683227,8.910070236232837
2238,120.72040351853009,2.332255021776609,38.94860308794261,3.839642974078753
2239,118.2022298300258,1.84365350017978,39.50756466810371,11.24059609628593
2240,120.05458302198939,2.426906489739444,38.42108558802214,4.81923139036435
2241,124.81106472471532,2.353139105178422,40.228037177119255,7.307720152840411
2242,118.50141981262142,2.4264631885094694,40.17122262276816,9.824195939790663
2243,128.86246802438848,2.3167050183666684,50.020637164495945,26.327985131964585
2244,123.92204022478936,2.330736541762264,40.88830456680726,6.46691477584314
2245,122.52612042700791,2.304144179740348,38.482264105193835,5.385025938670626
2246,119.07639227598915,2.3736944643002396,38.18087801951191,4.774081057090111
2247,124.2993997896909,1.8362484461752164,50.159157082984166,26.746606577794758
2248,130.7562804922773,1.8997881132756973,48.64005614795124,21.69385984845683
2249,120.83041624576725,2.0527984199620457,39.69282179155858,4.542437715075571
2250,124.61358347863984,2.1740359656654897,45.0762985847848,6.314401293741961
2251,117.78659587790406,2.277627384661636,41.85754460281419,7.710417419495066
2252,120.73798836731443,2.2649363306457704,37.28017949938908,6.560713184234575
2253,123.09294844567418,2.4234211622912065,39.78241167474586,6.336242487755251
2254,113.61807124562205,2.4296990597160706,50.86375978551138,23.650368054781968
2255,124.20473712061059,2.0255229783412414,39.05676586350689,7.026143568718351
2256,117.33440322616005,2.247715222010094,39.317012849458,8.743712296459579
2257,122.0291860297165,2.0304336904556326,38.15076404683617,8.247729761822988
2258,121.7647177637933,2.162350592329287,39.17867440032929,3.239100852467354
2259,124.36221781353792,2.264358273809699,38.391641149765924,10.526141902687044
2260,122.70786558076998,1.5182575847056619,37.704529837284596,6.310286614409265
2261,113.63039947563706,2.682248807927937,50.69286983719943,24.67399442097233
2262,118.56718433381643,2.313281735479495,39.35633095168996,5.880030289042104
2263,121.42843590099517,2.080859344917319,39.88153831745623,4.595868066950497
2264,120.39556235302867,2.585473951046046,36.245598180897524,5.317002361849966
2265,122.48059326224599,2.1305137659027613,41.540088823290105,4.977987510115405
2266,123.44703632257608,2.226503877165612,37.31796691144101,7.92551636507178
2267,122.886200382932,2.102576837920475,36.144792580129284,7.314347290234328
2268,120.33574767808116,2.530398367488668,38.02048423903191,9.482573486388947
2269,115.2763552655265,2.1790030587388243,43.732427383502745,17.194599222051664
2270,119.58800812855007,2.229896820147902,38.3882362666506,2.2645413202784437
2271,122.29074125923076,2.4407564306050893,38.27067791698067,7.992840802991703
2272,117.61961351709351,2.3170278914922156,40.25943633450006,8.812100251727149
2273,122.95695166337688,2.189130386973186,37.74739081695877,10.363039124057767
2274,123.81601922152865,2.4220781944714926,40.307045134677736,10.770243949366671
2275,121.39328762651711,2.7076966458855907,37.6214902853804,4.294128275958035
2276,111.50228241443158,2.2634820897598846,59.280224985728644,38.14393905668072
2277,117.0379260755934,2.2233520175745136,41.219082623854995,9.565795643140952
2278,126.84718639152385,2.2341254167238165,44.267667863662204,17.17146861421551
2279,119.30573284161203,2.462085900166304,36.43749534748186,7.489060568669732
2280,114.84915600830011,2.080160452993416,46.09949173736785,20.556209025069077
2281,124.82926690376185,2.144336488057668,39.575956761682676,12.033040831969902
2282,121.04140233378538,1.8925114101746718,36.24542670350722,5.34308025426938
2283,124.42531551576894,1.9632264274720055,41.26690750605593,14.024980644052924
2284,121.85857189318003,2.096439999460406,35.85120097355451,4.764462221114089
2285,122.42153332225773,2.1888126011879154,40.280417928816384,2.8535837449725188
2286,122.125328667915,2.553816665154024,38.4862315140971,2.9552989528932545
2287,123.1622137669551,2.307198560985045,38.97154162194979,9.636923618136017
2288,128.0600343905239,2.0175842979620415,47.62050310826786,22.499789410674108
2289,124.01011964147348,2.0544039029271772,40.98706444156239,8.673496335897326
2290,116.10094811467884,2.4749497366461313,43.27637964883852,12.569452909417834
2291,122.3846506973646,2.425322069725839,37.529871026253666,5.010905433130841
2292,124.53859038111997,2.2056299820448406,41.01452892042512,8.08708552407052
2293,124.72837250026205,2.1114947068922336,38.87054643808507,10.960453070575783
2294,119.67752455251679,2.4249865671409285,36.25884181700923,5.627107614898083
2295,124.6113277800832,2.001334574655063,39.41292952285274,10.591101135146692
2296,123.87600143860874,2.278406079611505,40.27408998836612,8.739917428311056
2297,139.37915224849073,2.6545317981786667,58.846762298962794,42.1963697076085
2298,118.67499461762961,2.2410711364502918,40.55291605139376,4.320389321742657
2299,119.42705821315869,2.044878104147679,37.348325282434985,3.1289318202782597
2300,120.05103094977414,2.2820737405343077,38.94518748944879,11.265827814620922
2301,119.4803113348798,2.105998256196931,38.360048082442994,8.816838318017474
2302,118.24093567573283,1.9211768312493174,38.448777154834445,10.410699457998659
2303,112.4357059324114,2.3402072053744214,54.63726920467614,29.589743573371578
2304,127.1115121736301,2.4235668801099446,44.14627803149266,20.596740364639565
2305,122.1450099850697,2.1378186655854856,37.47057557811103,4.109677447540241
2306,131.70002043229093,2.1245528651807457,46.96351929661904,16.103417661369697
2307,126.99968166894024,2.007686921775634,45.75077012657725,16.679993356302308
2308,121.04146501941918,2.170012879906487,37.800583767451045,7.7203532022586
2309,125.00219007107081,2.087526323415362,40.98748448541108,12.403550074897776
2310,121.8104032794629,1.997793462659349,36.448052664018405,3.586772513295639
2311,123.5618626606691,2.5784337660799213,39.54108590493207,6.8989486069465045
2312,121.86564881719404,2.2932985633499015,37.121327846598234,6.88560578282781
2313,125.24323235890104,2.314479021605871,40.634677059420184,10.416911647212766
2314,121.17341198541044,2.376679913786486,37.693705980337086,5.361738966021584
2315,122.53797419507524,2.3542072433519614,39.474614724861645,6.7913877680742045
2316,131.15113453650434,2.117378009440657,48.79967150970678,20.166027255427156
2317,120.10631507980531,2.2545105245942936,37.48522313118348,5.962411770415727
2318,122.2554451886665,2.1461939031478683,37.60400150155588,4.509625287424282
2319,127.92659736321282,2.287692724955332,49.38166246790009,20.94536114493763
2320,131.02141109863396,2.268338177191633,45.45537904501435,17.079965494008835
2321,122.30034116784508,2.1234679478271596,39.40856965957372,2.8252709758231265
2322,124.89911474769528,1.9341402554156404,38.908460572043424,10.303060926281752
2323,124.53478517092726,2.229247411393102,38.90880508419373,11.124040439328216
2324,121.03632089493003,2.1591461024385405,37.33174464498768,2.577925173700483
2325,113.61149502083218,1.8219255504582486,52.83096266779139,24.82515120335177
2326,122.60177873781025,2.301532353777744,40.74509809549677,7.588792599143799
2327,114.11962979826853,2.393068422448555,49.33312278736862,18.279028778745445
2328,125.55680541591782,2.7056712950417903,43.03168972346244,11.95346236922948
2329,121.5253690006991,2.121760499335868,35.63976271070081,8.42440378628436
2330,124.09898946160317,2.092257620690187,40.316607462032955,9.60999542283363
2331,118.20345547163875,1.9781157939121519,39.00655751167564,4.383362871469194
2332,116.18722683276984,2.241728381297402,42.0341426893168,14.557819924305788
2333,121.80833859083762,2.240463636111671,38.344994498003274,4.007994038069248
2334,120.89582933613596,2.0377407330426505,37.389944323705464,6.517281201699698
2335,119.47622343891278,2.165014023599232,39.64090631154564,4.701507896300105
2336,121.26244997027156,1.8042668666221289,35.498412399220555,5.123346351030707
2337,129.5790512653,2.3852753495666494,54.28954138383178,29.938710954156296
2338,123.58702919684409,2.045864148065567,38.32957202380297,7.548451696066475
2339,124.25344567817629,2.1930687297174045,39.796153354195276,7.826885742864473
2340,123.6162043638154,1.9146613157404444,39.9018099054373,7.17086118668285
2341,125.5863326459418,2.0835292801076855,41.175078149237834,10.328406982940725
2342,120.41077781400769,2.144081769296495,38.289881993688624,6.25376720584953
2343,114.63023994620659,2.1977418306078342,46.65020582466646,19.73388699643925
2344,120.41538298768137,2.2959465031045028,37.21642802651037,2.24821083708444
2345,123.51638070098916,2.4878150166972444,38.78133357129416,9.302801795692405
2346,117.99361877514328,2.3465421885538715,39.78751471667462,8.028467700866313
2347,120.45326555348308,2.392432908629249,37.06757461576962,5.611970047101087
2348,118.85551379669283,2.489220821988628,39.02096345468175,8.26225455351663
2349,125.65629068071371,2.31394157630454,42.4081998305604,13.41202527663944
2350,123.32331674776034,2.1926585608762013,38.39284885810616,9.303116249724006
2351,123.01977592399628,2.4018223812510113,40.96428375636798,6.070561681913976
2352,122.92696407067501,2.4146018571923316,39.356713815858036,8.46503251921672
2353,120.88452731708841,2.3297131675932072,37.5054075644999,5.43822365300849
2354,121.61242447583525,1.9090744805927795,38.27213258256458,6.295775815073443
2355,117.32592780034982,2.0317079693810705,39.634871258407756,10.691477713200834
2356,114.22202986587324,2.1450291791939033,47.539190321793,23.636695316778116
2357,133.21350551309038,2.35592420414718,46.98094991730105,22.956750014535658
2358,122.00436979444365,2.195730716185888,36.60109482759512,4.711469126808063
2359,124.74872016211867,2.4273737266901128,41.59519889024526,8.900108615256556
2360,125.87114102985534,2.4630473257488563,42.56286677180615,13.41027234602886
2361,125.86699530349674,2.4398340937354415,42.74917485485542,12.046482411440183
2362,117.90612686078897,2.4411081128960577,39.36651540347657,6.551052668015965
2363,119.90797839165572,1.9926012190682565,42.10917023031601,1.5740792259155132
2364,122.48903631723228,2.296527099891155,37.626390718661845,3.032430964038282
2365,128.84890450100076,2.078494191808917,48.86388637043102,30.534127739152392
2366,125.58830753151314,1.8701867337281604,40.551652958576355,11.321047627012488
2367,124.47013120219498,2.142505773588833,41.63629173280244,13.031208265816682
2368,119.7978573377972,2.4649473931254504,40.05532083485144,6.471795185296417
2369,118.26208114341911,2.292148402023693,38.762827577563954,7.729129641718824
2370,123.44561443848804,2.6035618743211786,40.978461166509156,4.44221077164906
2371,117.58795008087348,2.2354460290536227,41.525325622929785,9.283600529308439
2372,120.26084731196106,2.6895605507185816,37.87387210288983,8.986370500921954
2373,120.64418835809404,2.2355042451034106,37.68927225449178,8.203820487212338
2374,125.93802747628071,2.2044960592307477,43.59963667277106,14.25549381490153
2375,119.900438360825,1.9441219824157008,39.40668044443568,3.44069263420129
2376,113.43832612042489,2.422112548058554,51.095843544704195,23.394004995393583
2377,122.56377840775365,2.0995749742119045,37.65813784754413,4.43596651554911
2378,118.83303225537783,2.070590472118255,38.80659566423703,9.272006584170644
2379,131.7756210308812,2.4562461127525146,48.7245278962735,23.818971764734346
2380,120.73121542738942,2.4316445337591914,38.34247186870921,5.597482187704122
2381,120.15151761296492,2.426410273442136,39.28850597439132,4.876119998894068
2382,123.45005580353258,2.127561773189004,40.02246064031721,10.243520647804152
2383,116.2481188771066,2.18980482693895,43.32304739254134,11.24384124449529
2384,119.39725590264149,2.18802912046083,38.70644207117545,6.197540347006837
2385,123.12051753066388,2.3565036361344798,40.15585862445009,7.653443508386134
2386,119.09633719643246,2.510712933698846,39.731499961234945,4.829055070755164
2387,116.01269920126309,2.2736293110396817,43.815158757973016,12.697372219335154
2388,123.07252156409588,2.594978217071472,38.043084756189074,5.347269571318405
2389,124.48159335436877,2.3794388836066123,41.167954749953665,12.134303326192036
2390,120.86051485630668,2.1530401211771166,37.917170025759944,8.844107463267369
2391,114.92137864474445,2.365742281225795,45.72818758297654,18.350478960648548
2392,123.18850621476633,2.5411880557417548,42.53611184691148,6.366730492843509
2393,115.85434756759896,2.599657796668267,41.824335870096256,13.327510591788881
2394,121.95727775822931,2.4373782689198165,39.44767047218284,5.524051242795812
2395,118.2488621432993,2.2051348907316,38.54365486391579,6.803644499570191
2396,117.40449821412241,2.1566613491888162,41.01463341644118,9.540314121812203
2397,119.63007894705297,2.3152139007122785,41.75203418690489,6.6419816556650835
2398,120.4317775750755,2.5347948990542095,36.81995318604988,4.542912262163778
2399,119.00295442380201,2.2867538244428904,37.93636757607519,6.235649542727402
2400,122.82498016246697,2.2909063743737623,38.709953712250474,6.0133298860519115
2401,130.87697719308846,2.2102795708634186,47.23632541167085,21.598430239510332
2402,124.03859170218264,2.134421787473758,41.1805419533885,7.592812870069823
2403,131.17325426740774,2.1675730986712165,45.869100356332595,27.939284638664553
2404,118.83757265955144,2.227085197049106,39.87895277279241,3.4722337458965593
2405,118.31558636011991,2.543619999247965,37.857390978454255,10.713258538593397
2406,115.89276147295294,2.15205724429384,41.38957382907335,14.586865860339527
2407,131.38408968396502,2.210522415182276,42.85294208482827,20.16640137637726
2408,119.90077860352079,2.0269244679186986,36.22676309981622,7.000548475450059
2409,113.6461938630031,2.343326213294631,51.87101182071238,22.78215024112853
2410,119.33928389441486,2.4733358357436566,36.618010618693475,4.428011037431895
2411,129.14028690841025,2.5248995691913514,49.26683649795211,16.636370679374647
2412,125.88460053572905,2.2406729049391423,43.78675677771879,13.081333581101262
2413,115.72138630313074,2.314870856655847,43.36775462829006,16.28080581021846
2414,116.53181252082443,2.1692899355659927,40.4183294959656,11.078496924251898
2415,124.44090589362767,2.3056037359389046,43.25671674922991,10.499011795419356
2416,125.20596578813829,2.262793030499843,40.589708662310294,6.892501558010122
2417,118.69055288995051,2.2116528774502977,38.918244960159996,6.334163400187605
2418,119.04053394929238,2.227550738455426,38.57274130871482,8.761388519818468
2419,122.91032972931527,2.29038445667873,39.72626102599181,6.15243043698443
2420,113.78599062946954,2.141169513030887,50.05028306245467,21.83930301061974
2421,115.23029957803277,2.1515006415843936,44.24883610198443,15.603302913675654
2422,120.12972645736279,2.541472402734311,37.74304734590685,-0.28816125617459587
2423,125.80466075500028,2.7421093537692767,42.78364912993642,11.357243995941316
2424,119.64923672668311,1.9591266102931915,39.37505086017732,7.847355104963518
2425,121.31290405437898,1.9481057591247883,36.50272147907811,4.12732287443354
2426,124.51474674494844,2.00856943443837,43.34130155363016,8.641071350591648
2427,127.53134267316226,2.179342316992289,46.39791776144219,15.70000983462543
2428,119.21176973324023,2.3791561022074514,38.69213463134669,3.2206268135206315
2429,120.94780615642638,2.3182505884096547,36.49261305180632,7.462046908396975
2430,126.6483711861628,2.234406227356094,43.331294637335525,17.53929272309294
2431,116.28118224690657,2.30578710939158,41.76203608531924,10.528400185683493
2432,124.18550131871685,2.0615827686743264,38.970751920376756,7.5535089840522485
2433,117.8432218496801,2.1511754456494763,39.65382049247288,8.632409449920296
2434,121.31766433801978,2.1959810903248407,36.74954580157004,2.9626760299795047
2435,120.24788095305915,1.8831567322256295,39.02866842105214,1.5901156925940816
2436,118.03016403782618,1.9677379590554809,38.92250457737471,7.984474238642383
2437,117.95238402425935,1.9756867877444684,38.88139174834223,9.53874336558554
2438,121.85688452918664,2.352821644736755,37.65067571784662,6.581516791212708
2439,124.08617191730431,2.2490709897144834,41.3860711049999,10.1965110186353
2440,130.5040539883395,2.322212240014789,50.12222645761598,18.9893407716808
2441,121.21735079207298,1.8320690020395074,37.880796711845534,5.326548107056347
2442,122.77063960550224,1.9032866627896796,36.8267780138068,5.787250022365264
2443,117.98798180365982,2.332643088051299,38.51037479749573,8.209569462834855
2444,123.29304677608006,1.6442660716667898,37.494841051752545,6.637937127147046
2445,123.53996360088522,2.444925871519961,41.118217911414845,6.203143739683346
2446,129.07124152612627,1.8353365712954421,53.021618810145476,22.26692705756315
2447,130.00544639306082,2.3686689783849957,45.26561737977069,24.959813019521917
2448,119.57994641482881,2.0222830750486076,37.70995834367331,6.5327745790678104
2449,123.38379420187862,2.4097807430343168,38.17726722621169,4.368715582599172
2450,123.53922292362763,2.8416321827832993,38.266864090997814,8.355628710242858
2451,119.34122982453219,1.745364473975775,39.20372540948576,5.313152339954733
2452,119.75019570151684,2.3390754295721297,37.96984528557193,4.950656373383754
2453,122.67750559847593,1.8383674572812523,41.324603574828686,4.7249210186921715
2454,118.43448885372256,2.285353784443501,41.073474209040334,8.523814502625134
2455,119.72734463715345,2.1586455672896214,40.0586478105748,4.247213299522951
2456,121.27773757884215,2.225956464492369,38.8897344632268,3.143012453373245
2457,124.087409922949,2.017662744734353,39.54760521545193,10.68655015146479
2458,119.12574428984342,2.3561082218993,39.54995173264046,6.089617384912307
2459,115.28860816770492,1.910328432405924,44.72291676275427,16.33677469071723
2460,115.05854785069354,2.4483274525797483,47.8855466672965,18.870980603400078
2461,117.09581949321098,2.1181499386779636,41.878940792475,9.26650416874924
2462,116.9291800735802,1.9194618645193822,41.986814938317956,10.110560177638698
2463,120.52070664827828,2.5189873646681398,38.21573332689938,5.861261753425012
2464,128.44596596108588,2.1865314694381697,49.60253223284447,26.06804929061061
2465,118.82145962455427,2.5815271940884053,37.180252962850574,7.281201547466143
2466,118.60033375655564,2.4442712258626687,41.65662175355314,5.779587555529627
2467,119.63442563137122,2.040370859042713,38.16825458868592,7.478075600354348
2468,125.09976342772168,2.18300203981265,39.86977956736219,12.121481378164313
2469,123.0520375272346,2.2242075879327152,37.948516111763425,7.461442182865244
2470,121.05000118735562,2.505260639997288,35.85450058458147,2.1476536093042817
2471,119.5708185301994,2.287503542673423,39.29911689745804,5.71844463493723
2472,119.65697876446863,2.235258524219292,37.04703449314893,3.594490648893743
2473,122.01601405685105,2.1600240825803385,38.44637057008428,5.491258181645274
2474,122.8109241273921,2.1898885928290723,40.19596030215319,1.9487747822192887
2475,118.18638573108814,2.460918417135665,38.8679915487934,5.043167529065592
2476,121.11309034240412,2.200741070159495,37.65427887268821,7.463640155737135
2477,114.70197933714462,2.1210005457403653,45.031937546454905,19.783973528826117
2478,121.65631273092885,2.0870985668772626,37.58989996653489,4.678511130061381
2479,123.36266265007193,2.089246969232768,42.57430916842526,5.42714886621189
2480,120.13178725666928,1.9195808007914472,39.17714765423358,3.40374523527317
2481,126.63123368803433,2.0499249383347045,44.6322248822739,16.67907343190664
2482,118.26816081294824,2.4996840551300648,38.84665352862433,7.159129482143613
2483,121.67406528744011,2.1586801478865008,38.044536668227614,8.29765705240893
2484,120.88894328533554,2.3408823337112197,38.171779368503586,4.853265689835558
2485,120.68907723092543,1.7042486964198333,37.47647743374289,5.345404474179762
2486,120.64560127918529,2.313662261793176,38.71670861423179,2.605802869355082
2487,121.33202559302936,2.1677294591261775,36.78477128169529,4.5532558202127085
2488,123.62867210473748,2.1037119954218984,38.27427777004994,7.954754631607905
2489,125.27098233245171,2.2361919914842265,42.49433791267049,10.876158678135068
2490,120.99302424203711,2.1008349492375946,36.4807764258301,4.277322817628663
2491,123.52747982373207,1.775225016022329,40.353116365783286,8.05698227944955
2492,118.82452246657297,2.3844495882343875,39.022629753542056,9.73461010942189
2493,123.37446190345132,2.248603512269639,36.86409326847479,7.448766069414454
2494,118.63782627613632,2.13721150905043,39.369919097605866,9.326906584198158
2495,124.38104580187321,2.006762925585513,38.324232945194495,10.382059267313254
2496,127.85298671991904,1.9060284967785732,49.23332454889746,23.697470856054288
2497,120.62153994728868,2.244778541413612,37.70818241450384,4.091663349665778
2498,114.20311517849703,2.522688192045072,50.569891002349905,20.97601290640175
2499,119.30097390694105,2.240633295348208,40.02777842396132,5.82507159826044
2500,124.81881291629684,1.923447678781435,39.82943280162724,11.342092980857993
2501,134.72439002974912,2.245023345407681,48.10989721908939,24.69280179301043
2502,121.77163215589259,2.1893314075506547,37.149359926652856,5.646002427515199
2503,124.12687190346,2.3728087252148464,38.56337595446298,10.287807262240788
2504,122.5018056616701,2.3213466354823455,40.86965196693359,4.919067279633925
2505,134.5622886184856,1.6028354931780155,51.33499983806567,29.859017406911516
2506,123.85021339760566,2.3090484408856917,41.00066205605409,9.973338684314923
2507,125.71727140348457,1.9993041180991833,42.52504270239356,14.275670380203524
2508,122.11226786010938,1.9156542517102604,38.03860301961427,5.887921516035612
2509,123.80630414463126,2.1623053179252874,39.690160320216826,9.311684364830533
2510,120.04790607343406,2.2821942218060025,39.637927340071,3.8186605117981802
2511,119.13547148416708,1.8718530779426352,39.169934831374874,6.7936516075083295
2512,126.29097968529882,2.3409152834115106,42.78424853013419,15.56903301655342
2513,121.67023449660033,2.3526677695063203,40.208095521207625,2.8311452381637627
2514,123.49512975417338,2.2093952392598997,38.98898779915327,8.280695452141543
2515,121.3835940446753,2.0264752739545906,37.44019560500463,2.878744958093177
2516,119.18180148214812,2.0041243991621416,35.04892919414639,5.544001281583656
2517,121.03404696700544,2.4051864263160456,38.82497449162144,5.275951541211762
2518,125.45158145507992,1.897755462700819,42.49096347082697,10.747402977121672
2519,122.72124423026621,2.4128940921638358,38.781693327631906,6.393791268457254
2520,128.79795344647977,2.166960168173913,51.16124987172978,30.81179272136228
2521,120.33274218461392,2.1808331000714287,37.350168066110015,3.797486432486034
2522,126.52511075738461,1.8583824589173352,44.23545219902121,16.963548580244726
2523,120.33722972826514,2.1706566739742827,38.69874730774647,3.9018451953015836
2524,115.41851605562404,2.3227171032022755,45.68450496963522,20.45068836946024
2525,126.86845154480989,1.932717982429604,45.27617811254496,17.04554347249539
2526,123.11541678041965,2.2997271734503695,40.218116136685616,4.5407869787273025
2527,120.78296013768032,2.2178024507358045,37.90769695108115,3.346237849836344
2528,119.84860501814559,2.071248877233539,37.63616194537194,7.844401524410603
2529,124.35529098235438,2.370934617298261,40.734695314158664,8.362904017228944
2530,119.3198514592988,1.7595486462042889,36.85383546209846,3.5968634567101865
2531,124.55959491599957,2.269336149748742,41.090091314325214,11.256804807646247
2532,122.68080538574519,2.5238870316146587,36.616686746660726,5.399196973884154
2533,121.75851396901078,2.4879886278201324,36.79053050908169,6.642867275541337
2534,121.45109589654035,2.2779613441077045,35.42046842300101,7.0487960765030815
2535,120.45759908618605,2.139663844773831,37.83707168681441,5.824450286693407
2536,136.02606917567664,2.072839488690474,49.3190948631249,29.59393302604585
2537,118.31743722048431,2.139414841218872,39.430951815123585,4.441639336541909
2538,115.97203210682635,2.3087614495835815,44.39836244291579,12.494056254158348
2539,131.46928207471746,2.038551238908117,50.60149613226659,26.549000873086825
2540,122.95683881700816,2.351484763610076,39.3677005968211,10.836456058867897
2541,122.48874757278648,2.626632103600665,37.49282559584065,9.391933960611375
2542,122.26395794581592,2.187623352974521,37.53563054797747,8.20766903912536
2543,120.0063248271536,1.9311210393433391,38.2180815474988,4.03675113477873
2544,123.44119638359513,1.9310510507367176,38.48831371348194,5.998525918583457
2545,120.85876980706092,2.3553131103423155,37.27887501307001,3.632717021822301
2546,119.48994796147295,2.1880507642079117,39.782486657030475,4.509578918393445
2547,120.03313693200826,2.375366179212811,39.53966448729808,8.363327221110591
2548,127.26398306620509,2.0932731501681303,44.49128622115163,18.469961814344316
2549,115.62157414565915,2.3661247095079663,43.30042185427097,15.112766121901233
2550,122.54934312331697,2.168340165310055,37.9248964020419,7.511497334973877
2551,115.79475767436648,2.0534991889352106,44.739616117099494,11.52238853333378
2552,120.66447665119878,2.1198003042395235,39.510764966927326,5.339428631568139
2553,119.65575479602202,1.9605891289153528,41.910097251607965,3.7483920244676776
2554,114.53641228029238,2.5978719117163225,46.585777281110666,19.26289982456349
2555,122.20601653034467,2.1807236372883025,37.77953736307757,4.594867236490105
2556,119.8218820072042,2.3289028177364393,39.07049266141785,4.473623284272837
2557,114.49246033806014,2.0926261734258405,46.42969420473716,20.45043079084421
2558,123.60266108140019,1.9896144356040355,39.30699541508207,7.991151111168086
2559,125.4485191517657,2.1532238978164133,41.81410144017915,11.708603805724588
2560,134.27993112010773,2.42023850667584,49.827310548115214,31.715336326374022
2561,122.11276496601955,2.0958536417203435,38.432617290509114,3.9830184267384316
2562,121.14278022958906,2.025893605454117,37.767415715577904,6.502148319061439
2563,125.11728552477697,2.231092848873829,43.38204918569233,10.741435890288852
2564,126.2153891145543,2.299804520143549,43.99119992536379,13.801138497612012
2565,124.51406297891444,2.528569633770637,39.085528774542524,8.01198177468629
2566,129.46993720592803,2.270750095674499,51.70268400208646,20.18396490117589
2567,121.62416904496625,2.3287985357062473,35.36730144319508,8.890570036850182
2568,122.36250004730343,2.3438550473840647,36.83421621759887,5.7294460694207245
2569,115.3901873963566,1.969396923613474,45.749557197158104,14.040132388126207
2570,122.4550180448244,2.0073335859060912,38.14421448042845,7.686733355659204
2571,128.0462746605361,1.9832207420788701,50.122257761524416,21.680831279095326
2572,122.98380211398245,1.933570848861671,36.308843655895615,7.116556897874125
2573,125.56758055246945,2.359091974974081,42.27461444620449,11.351222190343499
2574,121.56703566339898,2.2580100183327514,37.45257022968047,7.746004605920236
2575,120.77302319565015,2.21589921261829,39.253937220734,4.095587926772173
2576,122.18194130925103,1.6814566969195464,39.1819283554897,8.344874999777232
2577,118.47093739124826,2.611095371723724,40.242082484491746,5.445060077040468
2578,118.0122969195734,2.021145599169289,41.96763438280326,7.767707261017293
2579,124.92554412722504,2.6103625511877917,40.91166403078148,13.25345583639973
2580,125.2542612628862,1.9101517038697369,43.717327642327646,11.854089639597483
2581,117.9275704216792,2.0375197682886927,38.719293176879255,12.819723519239872
2582,124.00079629411698,1.7594301234980743,38.57591017303756,7.840305586022939
2583,120.73042407562133,2.2724249951885396,38.99455820232886,5.713816333276895
2584,122.05340658092034,1.9797486358377536,36.28796343350834,9.208166515546951
2585,122.4266777822487,1.9853999691803292,39.19238540570431,3.035939211216417
2586,124.08248645118539,1.9254971565651207,40.222086150620854,5.413877889564601
2587,121.25642642577589,2.355471012547573,39.4078745398553,3.711548542444793
2588,125.371502185436,2.3422927303135097,42.126929744158424,13.433919085044423
2589,121.95917980325576,2.5624067782157574,38.27526932707842,2.463291814910135
2590,122.93497124465556,2.0628586757854057,39.48574950868403,7.644833008643195
2591,118.41688596623453,2.2437638742093604,38.606500769438234,8.536110058531536
2592,136.56118008670995,1.9421329605196098,55.91719587006513,39.68416607569919
2593,122.4564572619354,2.1329921954529367,39.0834371780822,7.928865073019033
2594,123.2102920185698,2.0962309373437646,39.036711825747915,7.601582233819455
2595,116.01462398524423,2.2928899914990843,42.93836618937491,16.481243479766377
2596,118.44962372845478,2.403404361283638,39.32335287821443,8.500464182379558
2597,124.83743943254807,2.3982133381663,43.312634467854295,9.479946385674506
2598,121.88936246670707,2.031437545556478,37.59808850261934,3.3020869826227126
2599,115.06728282203034,2.3996935809246,45.12974378776418,16.437201942804865
2600,124.21869877984984,2.191182972578441,38.05952731172827,8.749867280752884
2601,119.31427330650656,2.135080620820597,38.57010956713014,6.527121039968957
2602,125.37508265621781,2.0582977026362164,43.06504517933485,7.842600250693429
2603,133.3256489092218,2.0880128411276897,46.6767126929898,24.186065889838687
2604,121.63459072666365,2.5484627692392468,38.22927806800054,5.395252248772568
2605,124.6547591936341,2.2614821532988048,42.181181892964815,10.915363812480255
2606,118.21777179035055,2.234922369500241,40.65357416076953,11.000199510461272
2607,117.92217489571479,2.1475506282926107,41.53089692056496,8.868294297744905
2608,132.52042520724217,2.689195722287606,46.221201197705156,19.99660374961322
2609,123.56423567882578,2.4610020977692852,41.48753867058331,4.047005786954294
2610,116.87428051689818,2.055787577040242,41.52414235917798,12.462867259049602
2611,115.8290927403438,2.1452769890590755,42.157246560282395,12.907132677780744
2612,123.55353487383576,2.1571510913258183,40.29735324420804,9.12917937976995
2613,119.13076723104228,2.22917439565652,39.78340599791958,9.078009189699745
2614,119.78409935994712,2.059754801473713,40.3662451720213,2.7837029729079203
2615,124.6466550151769,2.2877633046723393,53.885150478463494,30.86998000832935
2616,118.89516412550886,2.4904176264078632,41.503787685503816,9.206599500135468
2617,120.97654138044344,1.9372743781991675,38.805931241927425,7.13636732542356
2618,123.88417135863097,1.9743706525815867,40.1275115432286,4.12833461895165
2619,118.60918648467262,2.1033682889405387,37.45703958059238,5.5786573576671845
2620,126.13786597272073,2.112640887978434,44.20801218066945,12.006840402848738
2621,118.87787632504262,2.5996931749491865,38.2724955922665,7.770791346914511
2622,118.88241541508596,2.400341844002968,39.26147920180064,7.554778150615396
2623,125.76580841088318,2.388864470423653,43.06771170023642,8.023530865148517
2624,121.65552647232815,2.14712686129732,38.707790955808235,4.778820154050146
2625,119.28872334006411,2.1427373186426375,38.51773299510503,7.746331410042571
2626,120.51908729334016,1.9096589172469205,39.266407194866275,5.562101344325244
2627,125.19452809038039,2.356348045609564,38.330593891480255,11.635830212396286
2628,125.54522874083962,2.298210920961757,42.791994595147195,11.737198502528527
2629,118.46794114426221,2.457199472935657,40.973727563660766,5.431974929080164
2630,120.86845518875477,2.157834057328767,40.43486994921349,5.173650347686022
2631,121.27948616576947,2.171644170759921,38.96873449360902,5.326316938246518
2632,117.94265565739855,2.2340091057121274,42.246765903789466,9.640557638865605
2633,120.82737633678502,2.378379515101419,38.22617255888875,6.533779481346993
2634,121.01650086740027,1.9059568755805043,38.003781250002675,5.3632319939288955
2635,124.53464938470388,2.347211226747675,41.43686451620933,11.653137088186817
2636,124.74301758776473,2.195900887565434,41.078087177951154,9.391206362352658
2637,119.97945086508707,1.9882725464092608,37.21206980966717,2.82088550509854
2638,120.33674525403148,1.783078849469187,37.426967191399484,6.260369372212007
2639,123.05930613637247,2.1727052576243295,37.48716441002728,6.924380770495042
2640,119.18591580832627,2.489542596654814,39.410888543310534,7.295985388859925
2641,122.82478447038595,2.534936933348279,38.7473737961902,3.9629858654390433
2642,120.72748988915544,2.2710752421340192,37.54796563552723,8.628504184540365
2643,117.99486440901028,2.5924011327684497,39.25009589856282,9.710748558042525
2644,118.0338061900731,2.1914117834086513,40.59220050803023,7.7322129084187035
2645,125.48588195769642,2.3906607103285564,43.441672761238074,10.46573695110237
2646,120.51509341465578,2.109753822218715,36.5820613717755,7.32888851859984
2647,126.08509769108477,2.0970802321431705,42.014818005424345,12.15701389883515
2648,119.40772759178378,2.064498176623873,39.798635855139985,10.383959164793268
2649,121.90273612350762,1.7878942105751376,36.39161194187565,4.320136992231221
2650,128.41729784135654,2.4574184519893825,50.81532048279556,27.72466745133801
2651,117.72210109154383,2.071673512172397,42.465798634273,8.610117247282183
2652,115.1167750503107,2.039712244048961,47.71971912231336,20.317736279784945
2653,124.98842940699042,1.964005663677465,42.45889957742183,9.371399034120703
2654,118.43689177328147,2.1591281126927435,40.36674760193063,7.5351224428939965
2655,120.93581027127067,2.5526984621119486,40.92838615593575,6.730465839770097
2656,119.18365354760009,2.618755770164544,35.69109081397016,7.612636612023074
2657,121.83130462096148,1.8678266248395836,37.548398443118195,7.533321064441144
2658,118.0533377577242,2.129110400804744,41.01325944521144,7.312789411395888
2659,120.44218572756175,1.9931284459812604,37.62998137756333,5.470040775302176
2660,122.39442751232525,2.397667548242304,40.039485980357654,8.252488124891691
2661,117.8742424525498,2.2573187094587857,40.09831897559397,7.279640632638666
2662,118.82973950809775,2.0726861345240333,39.20747375103547,7.9363387270741
2663,119.92311321584455,2.214514616118204,37.89805366857579,5.189485345483306
2664,125.13606001811378,2.1045162757184586,52.424952813409114,29.71571785866724
2665,119.69006095332388,2.5228492188749794,37.666263915229536,5.9612245182898125
2666,121.368269273699,2.309391903003208,38.38235308263698,3.749729803791345
2667,119.76139828107587,2.3339646841832877,37.33057507241707,5.241629911309983
2668,120.15873287191165,1.6666165043934207,39.39486703231512,5.723076912226446
2669,120.93830482018959,2.186642264234238,38.85003108693028,5.006156605771099
2670,118.96719526645983,2.616642191811807,40.338346291895526,9.634501584255224
2671,123.14229395418732,2.465225814007337,37.54207148216157,8.725213743102731
2672,125.4515321868855,1.8305820828159396,40.1502310275707,12.686611530944807
2673,119.56042078419411,2.1373148334632814,38.45048394776637,4.475358164336054
2674,122.50411451758089,1.959696106816256,42.26616010366685,4.426182294093044
2675,120.25718681815259,2.5422203120725744,39.76746112461072,9.143360965126977
2676,122.13301076961936,2.248855656455182,37.56163674783743,3.7305173628885404
2677,125.85391654673009,2.046440888053713,43.735177060137175,13.662510319403053
2678,122.5768445833561,2.206831588708158,39.49287952448988,6.756056151283313
2679,115.50241492968999,1.6785268941863034,42.8702524402123,15.186689624035147
2680,122.40738645748557,1.983007739308685,40.21627569070202,3.9890706715528435
2681,124.82187760425793,2.207288745165262,40.99583328795702,8.821058333562604
2682,120.31305187300588,2.3691350736906647,37.98593240242955,4.326804700835604
2683,124.08646789896528,1.811737175880532,40.12670255735951,7.186162980684324
2684,118.86064182242897,2.123768938459514,40.49480993172706,9.324567441222776
2685,116.39482860548095,2.4019371477037645,41.6839359803754,12.605321862915781
2686,121.43762395838118,1.9097093351253458,35.82307223414904,4.271808062951761
2687,115.55492216568642,2.245836566956835,44.94259385755133,15.780325700954261
2688,120.25670986002987,2.213194900621201,35.46479013905383,6.662484301322222
2689,124.98921101420106,2.542876064071321,41.10960231980487,10.115054139028668
2690,115.07973499218653,2.1539727613776725,47.2538348846194,19.181102677793454
2691,117.03355993266692,2.165679880324986,42.214004372265315,8.29124751143338
2692,117.80070003999911,2.3709919506329378,41.60687733693642,11.00790898294277
2693,120.80370843489602,1.9347302663901313,38.814933458040485,5.19647618691862
2694,119.86627796449675,2.1558233586898283,41.41620647925127,5.558640510496691
2695,125.33732278325787,2.108854997831898,41.374009647803064,10.467601907675522
2696,123.95847982018427,2.17221763745898,40.44314380632708,5.930495748277648
2697,122.53534613281265,2.3696812897925676,37.949046691882955,2.8583740335907213
2698,121.45145397446605,2.310832297016435,39.28868000292279,3.8220580708668237
2699,122.21901230865296,2.050263538294265,38.24687068303679,6.8366759721710695
2700,118.32785469852854,2.2273398406654428,41.80537765595598,5.872697176882742
2701,123.6573520960255,2.498088322820105,38.86347369367269,4.729480503911715
2702,117.55266281148647,2.033726860240539,42.44377389551992,7.632222701366135
2703,123.58966868109691,2.2290333560794027,40.24648584283509,6.816051053990774
2704,124.67704175656837,2.1613678646122745,40.93234054768735,9.275770304783125
2705,132.08902705555425,2.187398996832645,49.58226808432075,23.104639601652153
2706,120.45373951721787,1.87386847555012,38.405291817098814,7.266392237765848
2707,133.36522981167212,2.482152570862441,46.00645810354904,23.529452923992874
2708,112.12929305268791,2.0451296198223634,55.04274478889729,36.55168337102153
2709,121.93700047730493,2.4052143940307067,37.28108831696184,2.4199655613371065
2710,120.6486026066966,2.075724678390498,37.59157317221321,3.617038596168113
2711,120.84305284952333,2.074899069620848,35.81733065843672,6.535743141228494
2712,123.19025078998327,2.4426246500930935,40.149916507357325,6.016360173560266
2713,120.76821634314935,2.398776920695585,36.406106042160154,6.854297574967612
2714,117.4653587443814,2.2417331797927966,40.465670365496216,9.96630659929052
2715,120.56165172044133,2.352230109961264,38.88473138104759,8.267740224037134
2716,121.20942200065056,2.1422894439487203,39.10086439858831,7.196510767496873
2717,121.35629512590114,2.198326474456222,35.720880649794594,7.260362766321384
2718,121.50195003858371,2.067675121507236,37.93602734727892,4.505627787913946
2719,124.22204403924752,2.3808129898600523,40.881613023270575,8.648373119457952
2720,117.63329288559414,2.06131733376653,40.56125863676304,8.587169308588875
2721,121.54467141411104,2.4970312689875707,39.81256417383255,2.442638359337578
2722,124.99878206571654,2.1368331663360354,40.44950779211219,13.592951888625198
2723,115.62270435949469,2.204101712803267,41.69761437994018,16.736593828691195
2724,121.55690471041817,2.351745604130867,39.121655250225984,4.652998464016298
2725,119.18532664388357,2.2047728842379164,38.026256710163715,8.831289550463552
2726,119.85079780813338,2.140418337142938,36.004443672252236,4.464534458407271
2727,118.1950967400353,2.193995310438306,39.52477999777092,4.461163314151195
2728,120.47439278132862,2.3787636707115167,39.66050321734149,7.21069456240968
2729,126.70789240472341,2.067429555572659,43.52537945170131,14.173748053444317
2730,117.08026588035064,2.1747525985453473,44.41694416525499,10.205537064374608
2731,117.37420899231563,2.2020573454674954,39.8029532220114,10.192859928480837
2732,116.96400283249314,2.3729170391055314,41.69675420031063,11.633629752646847
2733,126.35499668854712,2.180030925225713,42.723845554355236,16.848558343809923
2734,119.56674691288401,2.5616598188987445,38.506020623884865,7.0225927540129
2735,120.9205189129222,2.168692284456981,37.8275176252184,6.247006835588925
2736,119.75137288257066,2.1524632723189443,36.40665325621317,4.2432460015256295
2737,118.07228907695041,2.165793575676454,43.559303134403834,8.759084695938904
2738,120.27103299549525,1.9366717142683982,37.47296811688015,2.52544256968462
2739,128.62055517778333,1.992654630648263,50.133228143383036,28.49356305323449
2740,134.78904818821698,2.0938666220521815,50.87558599518298,20.55602788711789
2741,118.35589276484396,2.427165969770026,41.89661802397401,6.988720381214531
2742,123.00747971949123,2.1933747881275982,40.35096238972268,4.104630134308116
2743,118.42227940473423,2.103071162076859,37.900287402862055,6.138309270395329
2744,115.49326031957672,2.4453069491213193,44.94940173209168,15.838977657102797
2745,124.16048384476035,2.5102354265784523,37.75172056215756,7.691389959366504
2746,124.59628782459501,2.4510764921815524,42.01753955153173,11.900718031542286
2747,124.2427619782485,2.029382000552969,38.1876665743767,9.311538766980247
2748,130.32358688525753,2.100950275961269,42.77887828450953,16.56854387315902
2749,120.48299522459384,2.562747214062944,38.054642711073704,5.039747211276785
2750,123.32427321634019,2.248227938400005,39.76700264600652,9.408216962875006
2751,122.21363771577913,2.1464745870207844,37.984826620721634,7.442375455047039
2752,119.77972383897917,2.3436695922661674,40.30240503976701,3.5575111695752297
2753,115.98087735763369,2.4014598134716225,44.482361718655085,12.723818977824719
2754,121.35301310184023,2.0857100858143474,38.86555819529906,6.145717043025107
2755,124.34492988163196,2.2438879917239865,38.8632611282875,9.787391083013404
2756,117.28747630399411,2.385312013843412,43.24140134935818,8.028266339034179
2757,122.98015408319553,1.9679425708080296,37.81863755494104,7.9956940873011595
2758,122.02777925491445,2.202469091485228,40.49119780618637,3.8770547025372233
2759,123.32545961602024,1.977122069389857,41.818561307666265,9.5699877193364
2760,123.70312404912892,2.003283900614638,40.27396700956832,8.76336126561697
2761,118.8471577500314,2.087379984503939,40.36125757269822,4.6714989574105825
2762,115.98742585948867,2.2954239075758944,39.519902201133114,12.988819097162542
2763,119.34608947038308,2.1355954742723733,38.34828926865761,5.11912184638782
2764,123.75629468433372,2.070316375006319,41.1041906170104,8.16277190588465
2765,119.3197878990695,2.2103109126649922,39.82294814371323,5.800533340215923
2766,118.84846569604132,1.9706074543467142,37.43276162991457,4.643756015963454
2767,115.35381394003362,2.2857606435667823,44.63163309339868,13.708703580492651
2768,126.43320741910792,2.4262773523916623,41.19706827222935,16.57505433602319
2769,123.55971228841847,2.1841591918023977,39.97835863211029,8.037094492490088
2770,123.38667754195177,2.1594702013399587,36.80484361004166,7.394201749929489
2771,123.99994869901637,2.274688070643114,41.44955347890445,8.864282800880382
2772,122.78779592078455,1.7943061162336913,40.24070945489488,5.142728608733286
2773,120.24258054894347,2.3073634913195735,37.50953367073608,5.750374958466347
2774,120.49233127722117,2.820377160748973,38.734358766649656,10.11336520970087
2775,119.67455046976441,2.175464755777056,38.10427127930572,8.046563289440181
2776,129.1676963386865,2.1761749932567342,52.990958879337796,28.000966161523873
2777,122.72332729702828,2.348721400019937,37.161931283774116,5.245043620946619
2778,119.56221863181055,2.5290665336395928,39.26402776800868,0.488690486715476
2779,122.44303999991547,2.3949935688868274,36.324579377806586,7.95934644514554
2780,117.86630635464542,1.7688786242832901,37.781498678817655,10.131562724199636
2781,125.6639708276266,2.3126797675325497,42.62707044214234,11.780145216707846
2782,118.95068580299787,2.714386029048335,38.64931524567292,3.949646439845531
2783,122.55336484112965,2.3244882093518933,38.88483956224198,3.8495216733197304
2784,124.30453065220372,1.9690796173456502,39.55802328559064,9.86632892968479
2785,122.19278248703547,2.256365924883723,40.764399779024544,5.528208127523708
2786,121.29285697464088,1.9438625497317867,38.227654831864356,6.544042656112369
2787,121.03348646305365,2.446560737853772,38.302993007576816,5.364634433022293
2788,120.82503259964997,2.008823482394415,38.26313903068991,7.047556537936157
2789,130.94688432178214,2.214848726938405,48.56727957220204,22.498713240589613
2790,119.60660136771392,2.0284439996016306,39.17596578349028,7.454257134265144
2791,125.58673015831789,2.090710388490402,43.2030038495698,8.592934260076323
2792,120.66353643867602,2.4972301291720993,38.98168503650701,2.894366120889412
2793,118.5640315649134,2.2206914329787395,36.933468259521064,6.584611603071887
2794,119.39947744972932,2.0881595052548563,36.24066598970199,8.147766043184198
2795,124.41114911016139,1.9709544058226556,40.46103004649419,12.8455848676429
2796,134.4804172219243,1.825659702720113,47.66350105112147,23.11623848937576
2797,122.73702045252,1.9497438732954628,39.417545608806684,5.094031896977932
2798,120.20168428337965,2.2223918482888756,38.16622972918723,1.7086175601012474
2799,122.77742365753613,2.3960467537445327,39.45145608363168,7.946503352168205
2800,119.00496051265299,2.08792970151556,37.256366311906575,5.547701801756338
2801,120.1951965028281,2.514108720143803,38.128527965661924,11.04753390595154
2802,124.00639391091441,2.0564999155543546,38.2450751971232,6.958574073588563
2803,123.7102608046491,2.1523976554240245,40.1189283131106,11.77095245426127
2804,117.9560794775525,1.9840846559325498,37.59662891726263,9.864806280258144
2805,118.34786799598342,2.3981523469135713,40.000240044783524,5.708129099644552
2806,121.33697667372157,2.619502122808914,36.115282526132894,5.680816845944173
2807,126.35101036147549,1.8476366078127606,43.800742484307634,16.6872821614622
2808,115.06174799014612,2.1307675862730604,46.921230124041436,17.114013760605282
2809,121.86283211266856,2.452955969410007,38.459379421201405,7.052734889177597
2810,116.73426567212324,1.91061089571488,39.86386936748416,13.119089877371612
2811,119.03357392007081,2.3133367813942174,37.97659093801942,7.686434185867841
2812,129.2466433768374,2.4442944400415145,45.63703962636987,20.213462883742903
2813,119.69642413534564,2.2156457628713677,36.17066215819331,3.562372342536639
2814,130.02877722778987,2.310052614188027,45.99288119379814,24.81867786385203
2815,121.02234188716675,2.5521804772255217,38.728497661811005,5.534697567032862
2816,119.34070774344521,2.5896853108202293,39.17850287131619,2.5991411224600767
2817,116.46638210695212,2.1876065573931034,43.30522692337973,12.715339020440902
2818,123.41759579882061,2.0935244301401537,39.27036517207296,7.0617469031270055
2819,123.33390371816154,2.0160039777852607,38.84295616006766,4.642897763485474
2820,123.61384036107027,2.3953928300857426,38.108085390114184,6.958544359291655
2821,116.22372306158135,1.9256448884418065,42.44671713306771,12.591979428379265
2822,121.92664627301087,2.1494851924017597,36.47115522843867,9.167715273987227
2823,123.09553445300146,2.220537954190893,37.86736303635256,7.155167483037647
2824,117.80327358783728,2.099399497456249,40.36379807749758,10.74515689147429
2825,121.0284370693646,2.255964053003825,37.847029992917896,4.976433954887684
2826,120.63957339953787,2.712902663658552,42.01272606281376,1.685026185025583
2827,126.71066704156162,2.1756802819306915,43.425043696350684,17.891550833613437
2828,126.96593771473897,2.112918874514522,45.66770248247055,16.40678969943437
2829,115.84049518067638,2.403066364876371,42.00565605117235,13.879531246241234
2830,128.73117371775677,2.2479167288291046,50.64550871314835,24.119221095627193
2831,118.16280026442469,2.4878671542422754,39.31971337795096,8.155654760292599
2832,124.04008721241502,2.232937523963944,41.131612691102724,10.458584477763917
2833,124.00854374067757,2.1503153584057935,39.406727295722135,10.140169809951349
2834,117.9133602967904,1.843255022381089,39.84730034456155,11.548330694892257
2835,122.5291301609012,1.876053061237652,37.95499923956122,9.301506637255022
2836,131.17241571345423,1.8328602619145795,45.47565995644427,17.936228245343628
2837,132.21373397880382,2.2758678332568483,46.38062734182281,20.911962856216547
2838,121.71508413737995,1.9275501040265082,37.61597824156817,1.9434068644158975
2839,124.70865240464776,2.4511154731838767,41.121876233298224,11.214603710215098
2840,121.2337385837528,2.206049312971191,38.738650893009925,3.902266414718777
2841,120.47959038477843,2.151162616179666,37.75460629425097,4.365346528161805
2842,124.39779912247727,2.0312289849591325,40.212079409699854,8.829228486185382
2843,122.79922749106167,2.3244517496540413,36.47513119817709,7.059911154979655
2844,123.26862152239475,2.039100436091518,39.83391646704525,4.179215272943173
2845,118.93978131599835,2.002924399186024,38.02912297240504,4.293734780063563
2846,117.75968537766472,2.43766998412107,41.28118075707706,8.877336390511035
2847,119.24006135591662,2.2709242321550045,40.392796419016825,8.5617016895218
2848,119.07545370439017,2.153014114350346,38.57056372296711,6.44810238920387
2849,123.43721773282404,2.3282865969467434,37.97650199598657,5.77485715489132
2850,124.02555055591156,2.2017863746221398,39.992162159590706,4.322288165590363
2851,120.51909610244955,2.276602630090337,38.504191680333655,7.091027607152254
2852,125.43584895835549,2.036630419524909,41.91871031427483,10.688594459628316
2853,125.2422551206719,2.6140797217821246,41.226030339757614,9.318724838175163
2854,121.75453664084168,2.084076006464755,38.857843493228614,2.1401460095587415
2855,118.45213550821657,2.5112032653899954,40.075006720170435,4.737773172802056
2856,135.5081921084792,2.162226230139105,54.00306490694733,27.520606901322576
2857,120.81084621181193,2.3614194231309926,35.85758539939,4.758710105686177
2858,121.39111210893603,2.3468446998052275,38.62694475097969,2.956929799569487
2859,119.94722442061963,2.429370351030009,37.246308661044935,5.9407630185293945
2860,118.24164998847868,2.031875258567171,39.95251225091452,7.39472246927648
2861,116.44721776602259,2.4151270802557727,42.75662613658723,16.67652447395772
2862,122.9618918030276,2.5692879701822884,36.39115262313765,3.30871488522935
2863,118.57145673292048,2.148261404151629,39.40292711775204,7.571048757620567
2864,130.48454680989016,2.2069412134284248,58.45935048456627,37.01542934532699
2865,117.63317189390132,2.0953106715039693,41.322115069027156,7.209376956151626
2866,117.10211432755776,2.13071274956298,41.49514827381992,10.698709005550855
2867,122.58143001840166,2.5422845597864985,35.979860741547945,7.537551612258418
2868,125.74087178479861,1.9991530947739593,44.60489574242054,13.24988666482474
2869,132.4678751292458,2.0115762356298457,45.77875928124614,22.620308383244254
2870,122.77395150258054,2.5221801872828755,37.12800373719009,2.1638099023465776
2871,115.285003005878,2.3249096851776727,44.16136998921542,15.031173240663069
2872,118.89971420835552,2.624074049808505,39.27105556153129,9.546526632043083
2873,117.67179123967354,2.1099122724348294,41.32065363279677,10.809790776511147
2874,115.12535786516156,2.225256227447514,44.9581607334802,18.305969325752642
2875,121.36263872547406,2.067864611245639,39.102114535539755,7.58913666821168
2876,114.04723437300765,2.2286602337295394,46.304412092224744,18.477872482826825
2877,116.9011925051289,1.8451806605431393,40.3408523191806,12.591738267177373
2878,119.3346992385584,2.336990911331002,35.92643664493804,8.192932627717193
2879,118.42301390855167,2.264694816698468,38.2943619236834,6.272769744697455
2880,122.2288663568419,2.1884890675068163,40.292725094962464,10.724089907035594
2881,121.94729859489769,2.121927135080067,40.87256532309795,5.887144151481206
2882,123.77077611239991,2.02104920252638,39.993951667009696,3.7207589119998676
2883,123.33238957140931,2.3455425824065523,38.36685107537104,7.8284311855607465
2884,124.53651964702028,1.965782002859319,40.46340179592108,8.20970586783631
2885,120.99405295997194,2.3023791824098487,38.61534963888565,7.413503399015868
2886,121.94074739253168,2.6148902789618917,36.16282613731133,6.550845643237768
2887,122.5856924759495,2.49710429772886,37.80892360944666,4.943995282574237
2888,121.43913576191218,1.8989744114658695,39.90778584461117,8.12215272078607
2889,119.76869763925707,2.0926523879313397,36.97412012065877,7.51559440761058
2890,119.96942814354671,2.284290148111068,37.25992486824898,3.9986794463637625
2891,118.46556896517711,2.18594361559713,39.430286700236024,7.159283581530083
2892,122.30701217272048,1.9201188563435159,38.743906717676815,6.780040189325578
2893,120.70855296033602,2.2770631902946983,37.20618184286505,4.537629282657132
2894,118.94416137302603,2.19799662097674,39.02987763946234,6.043906493745586
2895,128.12193048578246,2.5828650817207564,46.415262001780164,19.89408187882361
2896,117.24776394387335,2.1493542594765107,43.64732796349005,8.102729087642864
2897,124.03440815783532,2.4336006770653182,39.861561537769035,4.180417360621891
2898,121.24371477554854,1.946582319374005,37.95938080625782,5.675145150568108
2899,118.32531993932287,1.9943981404206985,41.55954900370981,3.9249597957834887
2900,123.50649802376626,2.344332391961898,38.66824149970419,5.512112784125481
2901,119.26260868963745,2.416746156121475,36.94241734178029,2.8904785158608726
2902,116.63984805626208,2.0085214547851216,42.507727162302594,8.721779289622065
2903,124.16578909657932,2.2048154812967824,41.6039160654988,9.517852042233825
2904,119.33499933234505,1.9236841652941845,39.0792512648837,5.747894014537862
2905,119.73241282035275,2.1637560347389044,38.22737064194992,5.27141117491269
2906,121.12765806308245,2.3673845571248253,36.1206738627601,2.7054904144888696
2907,124.54202659064936,2.1130083001727713,40.68422950230188,8.34497006031022
2908,121.06211560168556,2.1501930588112397,39.60395024076524,5.9166152242898225
2909,117.28273690894979,1.9740409203407898,39.435617669377535,9.937349906747116
2910,131.89024794414706,2.070328317275015,44.02279478250368,25.09821366194022
2911,119.49653185478866,2.551622183242868,37.99356147020048,7.824820585322071
2912,126.85256431174135,2.2145849783434266,44.628536043245994,16.709160427383363
2913,120.99652886180654,1.9995384466698805,38.322302556610786,1.6807305738311902
2914,114.07138995651414,2.137045610016402,49.1375369832653,20.564347688916786
2915,122.10783141368259,1.8805144757666876,38.8326788732827,5.443942020741573
2916,127.02825315600671,1.9971680615719576,44.724911252139414,16.443617240708893
2917,125.88535289449071,2.4720679478092906,41.11088923618214,11.549549514763928
2918,126.67595829514535,2.171503515122679,45.42873553250039,16.60830523890488
2919,117.83874342531746,2.578146035220241,39.540884734886745,13.315315991033987
2920,123.82767242752801,2.180930432300789,42.1488669922213,7.070948657221649
2921,118.7618169268162,2.192804260761701,41.55194456801846,6.947981094445904
2922,121.69529713819247,2.3281788317084247,40.694253116998155,2.876335171893647
2923,117.05384747090683,1.66548248355612,40.203722180885926,13.01270392858282
2924,119.00218712886358,2.240987864730715,39.618256191741956,8.258951476195122
2925,118.9036352381728,2.19020270238781,40.099082219645716,8.269055690106033
2926,123.7855213684421,2.4972077787030296,40.69286894829819,10.499307294395667
2927,123.48222927717593,2.3929358788327235,38.89480435313124,6.544563190644139
2928,121.85814116092554,1.97326166289064,39.824923749311345,4.8831483305194405
2929,116.8136936040283,2.448427723725516,41.85615295528626,14.582575644918375
2930,120.03391775475586,2.147537094883801,38.371867241422784,6.728843612196245
2931,118.68703890287755,2.0191093547407912,37.177770100786134,2.855904702326761
2932,123.69599484575292,2.2394206501742406,40.43723986627667,8.608095726624528
2933,124.65237304373328,2.1594461288672364,40.59622711948555,8.763713782244086
2934,124.27479531669574,2.507693062805705,40.96355508130621,10.660025995035982
2935,118.65881979980723,2.2681244056982424,39.51149525029643,7.893955547319456
2936,112.50744732090261,2.241131784177201,54.10237677125662,27.136176600892142
2937,115.52241811579682,2.380129416571088,44.541431081386484,16.21214347829419
2938,125.40704363205485,2.4185743236185426,43.29542704152234,12.397904432970378
2939,119.75610968810855,2.35672101885946,38.08183758581324,6.432120812089186
2940,128.097154934278,2.483892694562991,49.30780048052648,29.66285007162914
2941,137.1737700471708,2.3217364825827578,52.79104008250383,36.42365599212452
2942,124.92199583101382,2.2335302929453404,40.332344103282615,11.370107034738583
2943,121.07579103795133,2.447834412417606,36.27972334642864,5.2455175734032915
2944,120.09045041770167,2.1818207719835723,36.853085362999614,7.670686507888297
2945,130.64659746188156,2.2066493032689323,45.50430883911232,26.07441255528481
2946,121.70420467500115,2.544315383459383,37.98362448532126,7.112200911422086
2947,125.96014657209079,2.5243848255910466,40.64018394508259,14.202860546753785
2948,122.3096490151354,2.1983648386153356,37.87858699345746,6.622121234556744
2949,123.25069000242134,2.1092896845388767,40.63443379960705,7.459445063306465
2950,124.62473733811753,2.4926347000417,40.30383419726214,9.83373725863949
2951,117.3740043968243,2.360083671583043,40.67740618567902,13.91557001984944
2952,123.34007186666953,2.263116250839473,40.56059486358451,5.693376308211159
2953,120.086836860549,2.135625457962011,39.21758675790134,7.686174495399332
2954,113.20010489310442,2.266339315742919,52.7127164232334,26.25429909636965
2955,114.40267441984398,2.19565830802246,43.971115365258015,17.62085026043978
2956,117.84383540429208,2.067132364085401,42.445082440118775,8.328677521505687
2957,122.64679200863701,2.225808465717447,39.423943828392666,5.110299287766311
2958,121.35277865255492,2.253084809127922,41.22729894932506,6.340955377188015
2959,121.57153679224456,2.1249209866159537,37.05484010706906,5.487799429762505
2960,127.04792479632874,2.380765137721904,43.75454096790699,16.060236978785685
2961,117.06582219393458,2.457766478462198,41.41449009588503,13.412129289038663
2962,120.91495660203046,2.3939795387310827,37.6436070948141,7.273785941342249
2963,121.94375012072283,2.144750322957201,39.04570932257943,8.525238012610684
2964,118.71755333873116,2.3511643008376746,40.54351065550046,7.47357982826746
2965,121.08781290975712,2.215592279492008,37.88821405522306,5.134806057758692
2966,125.73892926279301,1.9528508042868098,54.520350004532354,29.941028617708803
2967,125.37070927355259,2.334545875699549,42.882217667233064,10.788882304121804
2968,128.16917800258548,2.2292263281913898,46.9643349722424,22.320103869926378
2969,127.29734051081336,2.718709600413862,46.282452720843004,18.745986119485263
2970,120.89932959585589,2.491454172655712,39.35050501693739,2.42758188293384
2971,124.18696605273746,2.342230031386905,41.872196790660865,8.997028876649585
2972,120.83476110612742,2.2498341002576363,39.415162973272636,4.371719267904608
2973,120.90469411999236,2.232744451011604,37.78329967982491,4.7423300121326335
2974,119.18950906701177,1.9992621192733786,35.93940734797603,7.038448493186321
2975,121.36928418103545,1.852202554560018,37.83733366508916,7.6655427368016475
2976,121.98579595268355,2.025488178183687,37.228420588791835,3.9274646090733825
2977,118.56879862236295,2.190456596365914,39.13172030578358,6.629298439772727
2978,120.61236231083436,1.7788921443582033,37.16063969464068,3.7989349192379476
2979,119.10869351522295,2.0911356415454505,38.75998703615385,4.874620959957815
2980,128.128958615806,2.150477393375115,47.82979289009137,21.858036838121535
2981,120.72183461327398,2.1569146893029085,36.35209004838804,4.853826056481482
2982,125.79021967025933,2.0676552803623713,44.637663914996836,14.34432771933606
2983,120.39357077449617,2.13169723712372,36.82035151184199,5.937561695032004
2984,121.80379168875821,2.5447787656247725,38.14256895019495,3.4181000793626977
2985,116.90377137789966,2.3324290562981207,42.93226886397678,13.53158573902251
2986,119.61407496520962,2.08793984462037,39.61116876855136,7.666659253026919
2987,121.65265747944666,2.1863304423276073,39.12701425919504,3.636833888758747
2988,125.91661187597559,2.194337332869547,43.71180238342852,15.986386013291638
2989,121.68814661079644,2.04640891325197,39.04538436784704,5.986923999215643
2990,125.28953311969829,2.0461739564512293,43.833035337085484,11.342767959188025
2991,122.98626024162905,2.4021048040653428,39.420479916638776,7.261182496127402
2992,126.04494415234052,2.116043124496637,41.210958479193216,14.059047013393691
2993,120.81696912635432,1.981060722593826,37.32027689816053,6.247374548762298
2994,128.4096904030206,2.1913719311861115,50.98405370433411,24.772128647964617
2995,119.49527177096621,2.223601950625825,37.68290083569303,5.35136296582072
2996,118.62396831398722,1.8054591551612331,41.348153827342315,3.3268634581212293
2997,117.248836165964,2.1918507284365614,41.01353684753518,11.126577365623557
2998,128.22617648183,2.373595986869652,49.598701243008954,22.7662242623588
2999,123.54028747511548,2.290245877104367,40.88184075894254,8.936669718005966
3000,119.96422572652105,2.645959023038994,37.998317369530106,6.490672539284165
3001,124.87197036030784,2.450221896462436,41.52743413008918,9.786692063689435
3002,123.13184577386512,2.489786804950171,40.16870913797909,8.734345804288242
3003,127.09499516126434,2.7600171871828656,44.258820722900055,18.59133726303197
3004,116.20171821850627,2.35163125235492,42.6942841609114,13.569149229133483
3005,120.17738366422581,2.2326140415865403,39.22677276388702,5.174433867708921
3006,130.3977429034315,2.3947480586862664,47.920176394765576,21.577157618033535
3007,114.88158370313333,2.0881527133210014,48.14323791168872,16.947049508335525
3008,124.28701433481706,2.221537263898994,38.32828154656143,8.368480511880286
3009,120.16177067700959,2.0704544713843376,35.95757594921265,3.0949831636203466
3010,123.29285673545834,2.2795969115125767,40.15717471366361,8.420806250184404
3011,128.3152929964218,2.0696181823960362,50.89852193658209,22.823645956144603
3012,119.90494455533441,2.0626143000276564,38.0125872050348,4.726633644132103
3013,119.69442575376281,2.282694658621101,38.89550802479576,4.814403838254584
3014,121.3678589261444,2.1724577118438866,38.99853951262053,5.366533706858974
3015,124.06046679424857,1.8144957728566506,39.00259837210631,6.101816738691962
3016,119.24318962153853,1.9088886157375822,37.7601013077273,2.0180679414601768
3017,119.04401904889039,1.9705467017077074,39.08833355880103,7.408689189432545
3018,124.27728673774823,2.0234056187772054,41.53824948737433,4.943453284710097
3019,122.1737819038979,2.282884665895728,36.78736406647662,7.3050791748283865
3020,114.66134238468506,2.2437877694143276,46.581955758606306,22.223705851583325
3021,117.20128542164576,2.41305587433984,40.85714351730045,9.938556129253787
3022,125.65383117786435,2.3505603645883544,43.30813865560929,15.249387219990721
3023,122.24597767754432,2.4143805912365317,38.33023340103504,5.697273933396439
3024,118.63719261378452,2.321679238291825,38.518580264814254,10.192558762772002
3025,120.47173006257155,2.2419358618182983,39.68453072287857,4.4308602753616295
3026,121.04103368568518,2.4198703484575312,37.299335701832334,0.707313879257188
3027,123.28077341686851,2.38388255834802,38.76469875147281,6.868842268880572
3028,116.78938347593775,2.275219073510798,39.83149720609982,14.650382096927514
3029,118.39305767012158,2.454214374172029,38.56743898858896,8.59509169024597
3030,121.8461628400765,1.7308423514993208,38.82841704066456,4.4714829089523125
3031,120.6905128004641,2.1419073651719103,38.43785465513017,5.85843603597779
3032,134.47142454310355,2.138841906869654,48.199569894694655,29.053716374116043
3033,117.18852706818525,2.430536575496314,41.912288671919804,10.121892834547285
3034,122.1070988964411,2.514278999390154,40.983675199813945,10.619124950425908
3035,124.38390922007017,1.9099641259579476,39.54696867844771,8.224700445999531
3036,122.50913749616278,2.4822334348298556,36.395798249646155,7.901893965698584
3037,121.43124639326093,1.9657109627947464,36.67519526448115,6.712771457410616
3038,120.70276083204548,1.9717569508878356,37.10468986047152,3.901250786111894
3039,118.41196142640834,2.1531428595345274,38.20692258724566,6.737843772478847
3040,120.77680436343665,2.136358705573483,38.13271868621811,7.151823132474114
3041,124.90508814392926,1.8883165440566247,42.98338832783265,10.81249668059797
3042,120.63101162953961,2.3299755946985137,40.03151032671859,5.889989626919072
3043,118.24160763301992,2.3358804849453207,40.32952131144765,4.754716985536601
3044,119.4740340248273,2.4108083192327343,41.295939754714865,7.261397699892658
3045,121.62263592155539,2.113308934044427,37.6220036344421,5.881550425540773
3046,119.84210660873937,2.1920834570055105,36.17268300861235,5.547821943915572
3047,122.50444017749574,2.1939145670194717,39.86706634274057,6.677863626494437
3048,122.62081565832199,2.537599088293693,36.1877768383438,5.341951545855534
3049,134.2016714757565,1.6331510434733565,45.40769230546367,25.024463875000215
3050,125.4130343640216,2.0086111302021794,42.96061780771745,11.55662279419812
3051,134.7092074647505,2.20110816855836,48.2605800533251,19.215335542441714
3052,118.10385890114132,1.9828859530168996,39.59704072645668,12.278677808556502
3053,118.19904321561356,2.1483359285457766,38.19095191709409,9.678430002602976
3054,120.76510842297455,2.1747848927260183,37.998095185387314,3.3792199629888944
3055,119.60135639255782,2.0684627782415066,39.73512610229968,9.75363378351921
3056,117.47118714642107,2.2128937852205346,40.76551272572527,8.735954492725355
3057,119.63075543806372,2.3256298555515627,37.33316910395288,5.912155932819371
3058,119.52900990578098,2.1527467109938,36.85423860982738,7.662426820421175
3059,118.91727200674026,2.109361053206253,37.90183333881745,2.975236329462238
3060,120.02105259291949,2.1668470166692257,38.72086824382119,5.085069199852539
3061,124.65319763598683,2.1985127306708825,41.38277059393516,8.781714221815294
3062,121.61763792787264,1.8519360869331158,37.04326562341393,5.723168964615238
3063,128.66260813577196,2.292310783592256,48.04343670875103,26.45354160304387
3064,132.9311059090333,2.1097997541106412,47.00578425902437,22.965346959296177
3065,120.10079610079453,2.4523070149622104,37.01086526484836,5.248068811781138
3066,121.01281193623008,2.3182106951284953,38.89581733477606,7.223807059005833
3067,131.35665358280283,2.4340132808439314,44.5576384267159,23.321418328576833
3068,122.3492872672303,1.9977992412570185,37.116256158721406,5.915909164427121
3069,127.43780511016297,2.125722671762515,47.31709709945436,19.986821246528418
3070,118.37950655856953,1.9515083025085183,42.5757458918819,11.091634152110451
3071,123.66304278035098,2.058961758214135,40.533934295447025,8.010209453762615
3072,121.64402685260379,2.4504210849017185,38.268334618080054,4.367717545971319
3073,116.12959699803109,2.497498115584499,43.68508858564457,9.875190622194706
3074,123.38916622449376,1.9703733410391082,36.97933473468632,4.4733593262252125
3075,124.9296330384921,2.1083444663365434,39.93820099780758,9.71735633537148
3076,118.34275314828997,2.1847608655952104,36.28920385824175,7.465420287310118
3077,120.97230500953489,2.3171211283619564,40.24900480569892,4.144587681114449
3078,115.65140178777612,1.8480379472927018,46.27925246177945,15.879799548918594
3079,117.09769997497855,1.8793999836943125,41.860812090841506,9.449615635283049
3080,124.24889169061348,2.2979252287744805,40.49781502182367,7.1568244128107334
3081,119.55410883137695,1.8101922862164153,36.442865276483616,7.095733732204829
3082,117.56271077769208,2.110640518772226,40.31420063518883,11.937084563296201
3083,134.04862882704225,2.232418361711768,48.72307975262961,22.117313739382638
3084,119.38052146256383,2.2831331939866235,38.747837158962035,6.581008897670576
3085,131.77039069900354,2.1716563808912337,46.90119666665028,21.137110894171077
3086,123.2919106795922,2.1268486561904942,36.87013614590564,4.23687664874848
3087,117.39862658730353,2.3689141719432962,42.647773346739,8.62080658703034
3088,118.19336784068632,2.2570411852731516,39.64187155575667,10.113344248709485
3089,121.4776479756615,2.0705966756097083,35.7664384601321,3.8003101995883326
3090,124.00517035131944,2.2075445793364477,38.785285358205854,6.810276192102738
3091,124.83829693461854,2.276633804531239,39.58035571626089,10.424949011005184
3092,118.93830866687897,2.5436474482902764,38.76385907024904,6.758158764757949
3093,123.9058685974509,2.357264733658316,40.12723656773995,6.6636755087440775
3094,118.56915889024174,2.442911371190789,38.645795286633884,11.041966953111926
3095,126.66124897541108,2.0778785207400743,46.06110336698342,15.913218577638355
3096,117.48530982119884,2.095163418749,40.820113264265665,9.739377935130817
3097,125.11828431345437,2.1529240014374023,43.11226455187152,10.37271186860567
3098,118.96489306886195,2.1712854706723674,38.446812947151614,7.485527045495381
3099,127.24106400986327,1.998395008439422,50.52811686416081,21.179227354761508
3100,122.8330942594427,2.453186725311364,38.00541626356425,9.537043121614314
3101,117.85034875883451,2.3766703275517584,39.00813765773193,7.223801246339978
3102,119.38106071341822,2.1388644277396986,37.242421455875856,8.208848379745575
3103,123.4216617361936,2.328342129802771,39.01595507967913,8.296949504737402
3104,124.26319769460824,2.2445798326007678,38.10726410457572,10.778580275907927
3105,120.78078166565416,2.3439655961862753,38.393504166161094,5.042249219223362
3106,121.13844067098674,1.9311385752948742,35.52732157983007,4.851330567547998
3107,123.3508944011966,2.1708677853605134,39.42604718810146,8.912204396808717
3108,121.40857512373354,2.188392294418841,36.280098131656196,7.072342532613803
3109,116.99013493605104,2.3247284199223306,41.041702493243136,13.802525312215035
3110,118.47978052361545,2.0743124797635737,40.18323388488463,7.800267528557742
3111,121.72887182377016,1.7000138551835209,41.11212489884619,5.182801154914077
3112,124.76799549114286,1.9836600564634161,39.722113127664535,5.495504705456524
3113,133.35540795224335,2.187790402857819,51.26811827849975,26.19575833035375
3114,123.41654120439149,2.2127768451006666,38.34384142914661,6.4948069375342135
3115,121.89060135921272,2.536749624524997,37.043666152497906,3.385597803993234
3116,123.32132304654567,2.31654928813162,38.25601362205289,8.632837314571596
3117,118.93307236435875,2.216306055846298,40.01116818554308,4.206226620842122
3118,120.52498402319954,2.1935217446437125,37.415168215707965,4.326495838509948
3119,118.44519476384762,2.4208366764339386,42.360053062579865,6.60661009117193
3120,117.12889790680609,2.0819779095685127,41.837567944167816,12.733912854034546
3121,122.03400193607223,2.1719432424518805,36.92220134130994,4.418552378193068
3122,128.73947115680062,1.98214837597234,47.50653489813894,27.601873177338796
3123,123.13172270197794,2.483781209739061,37.9573320821362,7.1623262296379995
3124,122.69294667576659,2.2784997874003228,39.67062430716834,7.9193720787960356
3125,121.75219724110397,2.058495340799211,35.994062598160546,7.013438840354862
3126,122.72551166360041,2.1771089979363385,36.91178911570208,6.178550460975241
3127,120.86768240169482,2.301930152641256,37.23484179392679,1.9831682074337955
3128,132.93343802317116,2.149856217455545,47.89908287944245,21.27666474113588
3129,118.74895235167229,2.09310587565748,40.71776577057879,6.935609705653515
3130,122.1460883694813,2.0691452628031337,40.08367892914997,6.203149035721389
3131,123.07209482438662,2.267792379848223,39.63332890740676,5.301397160517904
3132,118.92398757297617,2.1283891441578633,38.84040567410919,8.87615178398144
3133,121.16067950687783,2.109248453047451,39.0386934948729,5.234913161174162
3134,119.06683222014898,1.932787648988919,37.33431948365068,4.759053221925901
3135,119.36782924080005,2.215528115305434,36.18802151656013,5.261760591906379
3136,117.51271899918332,2.1637553122416184,41.24307718229697,13.120626115066921
3137,124.92390226801632,2.135670330271607,40.07996003967409,11.851271149728614
3138,124.30362404163215,2.2397541354977437,40.316166246043856,11.011943588529842
3139,133.2255392279716,2.34960045254718,47.80827635905518,17.623988779117518
3140,127.11380745102582,2.340313094388094,46.54585656753993,16.973748126727372
3141,120.41333834063799,2.3105457001799525,39.29484681864695,4.0257577847235195
3142,130.39846348684296,2.151865944272856,58.51454324575371,36.46623867115048
3143,120.29465881237401,2.0866003328117517,38.36295144932956,5.043523687774013
3144,121.79109939044365,1.9912168717355128,37.56306454941304,4.48900400455777
3145,119.76688846678536,2.081368698532384,38.47461480701555,5.040465192914874
3146,122.15420923618694,2.203930019027314,37.51801022972043,4.157602781632105
3147,123.59040627644735,2.042742775669504,39.2208874303447,7.206876991857566
3148,120.64685918153543,2.2192114278234887,41.43106130694102,7.358757562467158
3149,126.50783152606462,2.0069086644176273,44.91081239744109,12.942708073884432
3150,121.74136278236372,1.8678016221985958,38.70623465266511,6.050677495182866
3151,121.83850469694161,2.3638812241729594,37.23755498415502,8.068257664648886
3152,118.18210714700747,2.1051170809268314,41.073009870167034,7.631126558556653
3153,122.29734713110619,2.032593269355222,39.35863825675214,4.784223897129112
3154,120.58451561549097,1.9812305717405125,39.0355363212812,7.016459369125915
3155,119.11445683905441,2.2846071949460804,39.061518683373016,4.5743239880752355
3156,118.59292933474008,2.4749815422935937,40.61912474575887,7.184782308760608
3157,129.28246647724572,2.1193852277987713,54.74502596389896,27.234034040611807
3158,120.18322052444499,2.156887325067484,38.514796911725426,1.8803032060446387
3159,116.48334519557807,2.4143263679778144,42.33904147020728,12.051289614697595
3160,118.83551347482903,1.8379108591283377,40.193642709031465,4.439300050969079
3161,120.84013969762374,2.5933737285825336,36.830259271053016,5.18677038537112
3162,122.69466780111111,2.6888200604652743,37.69846940554708,8.32372092096631
3163,122.71986921734847,1.6587324941159836,38.58145858170186,9.758367816365283
3164,123.09750511050723,2.1804993542166486,36.70413190252328,6.917540330503475
3165,119.00093304942428,2.0562105936260875,39.95505296366696,8.535204116263081
3166,122.05536537485479,2.147045645819053,36.99324708267176,6.3478576612574384
3167,118.2842156612572,2.1163229860768156,39.00966827845105,7.053503734733608
3168,119.07910675265656,2.362351819695872,38.53449931650802,2.834365731222674
3169,118.1551021790492,2.1774860186064022,39.831630462604856,11.123040685533752
3170,117.31599455074536,2.017818557160009,40.53906789368038,7.956869492914129
3171,124.29904941545983,2.1655629677409753,40.30683758864264,11.636569197669816
3172,123.13469627303455,2.302956847392482,38.92500827707613,7.814859357935935
3173,124.0276626469322,1.963255734446944,39.43554279788301,6.553935094299991
3174,121.12187050467531,1.8707532622060041,36.99811473744976,5.797995234424446
3175,123.40810386648195,2.5985485601670644,40.68168823265066,11.28216849755999
3176,115.54000284560811,2.071514664058313,41.822817750766134,18.551789027729786
3177,123.67557130594061,2.1725294026160955,39.30748029218567,6.731383827955003
3178,121.54907147301559,2.120440918834886,37.45675617269602,3.952754378316932
3179,122.94403976046242,2.309617540816429,39.37587286260136,6.713146977491106
3180,122.1780722270507,2.554557984618209,36.41474728239789,5.371272875209184
3181,117.94012902093566,2.315986768345857,39.41009734625776,10.75648467570325
3182,116.35607669628776,1.896326970492002,42.61145754898087,14.153327636967997
3183,118.79263208483282,1.9231753145982942,40.463039778321686,3.6901065466143277
3184,122.75124357194603,2.1202070449346166,39.10654834745616,7.144881902204239
3185,123.13928338704372,2.1463533600933467,37.46830267608835,6.461513867880437
3186,116.75937894011622,1.85560974609068,41.3225109998397,11.564508899188763
3187,117.95859196084854,2.3638681840348883,41.186902587794236,8.910548728310554
3188,118.75796937358339,1.9827358884237045,37.54486696685382,9.236930575452059
3189,119.89235431317287,2.498660312425151,38.1676758239762,7.487214269378797
3190,116.77764242435678,2.5641265194411442,41.910370180966005,10.015395016501216
3191,116.59163952496559,2.150349293473565,41.77388327922905,11.8904119886356
3192,118.45231058113659,2.287794528083637,42.93243602013608,6.619561834817306
3193,121.26738689229752,1.9536105555831598,37.479178167756146,2.029516171637849
3194,127.00497462202453,2.324735265295823,47.54563285555764,23.15579068728858
3195,120.64100911908753,2.1003615153131263,37.03216092328216,8.750139470764692
3196,124.28151373003963,1.9825529356823295,41.05510550889573,5.716033878029003
3197,116.96448281401811,2.142133002349403,42.71481164674565,10.854172227470185
3198,120.36001814892732,2.1068503983189277,37.3257536415646,5.2366893931174605
3199,124.1767458746274,2.1349681193992494,40.14906479764759,9.27879741953898
3200,131.12884272675598,2.389935980563272,46.63368588777897,20.876933773541037
3201,119.2216239583389,2.0429384814728535,37.20805174035707,3.5992073484240645
3202,124.60683702435007,2.5470045999547755,42.20987419269922,7.133910114168076
3203,120.0507735551882,1.9349880734349294,37.478025555927864,8.044134936065326
3204,124.42393457813726,2.523086054635719,37.44143613191959,7.436061447089872
3205,122.32979271249431,1.9966978756186613,40.68399970824636,4.869753866230013
3206,119.93718157597951,2.199797353492677,37.205784340554835,9.594155988217741
3207,122.48704064485234,2.101960777304396,38.16619881660499,4.5788657099297385
3208,121.99339349292272,2.131254265692429,40.350281196134475,6.195949957230181
3209,124.16473674510767,2.36027144727111,40.0191581840397,10.726687718630615
3210,119.30012883261844,2.4999653594457625,38.423366053990506,8.141215050253862
3211,121.12773880702302,2.4381049409911286,36.40696482670463,2.675715942603889
3212,120.80930139322562,2.1190287335316307,35.88271670138182,3.8573584348861436
3213,123.18285923908333,2.2368510444809107,38.83197023670835,7.442197615056777
3214,128.11305558283897,2.0435844252663276,48.618480264530795,32.2955979835005
3215,124.15262884953735,2.001689937485061,40.583778136519754,7.231803780609049
3216,122.44561919372829,1.9707398188542664,37.834119863110665,4.993570528835426
3217,116.91753227173787,2.1124853386031743,41.69297454465741,11.830481363967525
3218,124.74561475898955,2.2499211262029886,38.69814558908091,11.287721104928028
3219,127.92568855047297,1.8176369680496993,49.15055274449765,23.28028927252853
3220,124.10568530560316,2.190729259483847,40.331789466037726,6.967772282917667
3221,125.42365277840206,2.503205024909905,44.87087402128785,11.038154906177114
3222,133.71471556763456,2.424382213814825,45.74617562053148,17.233307432210907
3223,115.84933474881062,2.082963184694667,42.610987398768245,16.88366487942715
3224,115.28322660138068,1.920625418143443,45.12398950574008,16.185404575881527
3225,121.79075433599004,2.2919660612929653,37.71142459235456,5.376478736801213
3226,119.16486569603707,1.7365143499585,39.30601817038945,4.429437239188651
3227,118.16481353718521,2.4220308231765357,39.80338178160695,11.553529778220145
3228,120.80548527969711,2.1572825084233522,36.37039320344276,5.506342191314328
3229,122.90831439236999,2.5662600641154802,36.67469976577559,8.522316418202063
3230,116.49645160503735,1.854606902884707,42.80380925549247,12.355486546348171
3231,119.6084793771308,2.383629245041567,40.22404142504147,6.039722799317078
3232,125.68059911767298,2.1798982326371603,42.92291403134668,10.017215942507471
3233,117.66660602131374,2.133789893705584,41.501819951867475,5.002582843583759
3234,123.69625968021137,1.9260313069575712,40.91601147835405,10.123055594585054
3235,119.49733463919812,2.3191495813423435,38.84359010057492,6.138611722392449
3236,133.7453163128984,2.335227476955372,46.49018719632363,23.519502257632986
3237,124.40171527232889,2.557025560393178,40.799667205238265,6.876881248717676
3238,123.29797347765357,2.4016100525721185,40.730944816760456,5.332416798591852
3239,123.81839476686302,2.081220934208853,40.43639450809368,9.998545973814775
3240,117.43006004643533,1.9992274832764971,41.776502625529865,12.966838109818791
3241,124.45234509089802,1.926301713295523,40.02080094366311,8.191119693158836
3242,118.35665134463206,2.494644869127894,39.27414437737468,8.921370487732238
3243,121.80457947327177,2.044365143144427,37.988071084167785,5.787619217178649
3244,121.80056317969141,2.4960459737942617,38.07425890573124,5.195310505489488
3245,136.8048595050764,2.3050144081724135,52.62216835319366,22.65316241926729
3246,122.04456569578659,2.265980576318792,35.18872000157949,4.720807995041714
3247,118.38418906657336,2.1386263374879406,39.54504250063195,9.952217404135252
3248,116.81541102188328,2.3321345826004505,41.7490273930674,12.053479022901474
3249,131.7413763829483,2.1969058474326397,47.49936349522271,28.69057182492913
3250,121.57608719030864,2.126157341706238,38.946310200747995,7.922989386556045
3251,124.56306820696923,2.3392009573296404,39.85114986092489,10.194664813633986
3252,120.86132790401761,2.171205578155774,37.54008814488581,5.023518175738119
3253,116.64399048190143,2.0403330442522347,44.57787664286863,14.462126751283742
3254,123.99500201111273,2.3199653550921306,41.28637389464602,10.71311124846585
3255,119.85185111005057,2.1872028688742873,39.036847113056915,7.945116365914598
3256,122.06021071800517,2.297782002351561,38.74230030368379,-1.7934118807768016
3257,118.99287577171349,2.109228028329163,38.672196457731495,7.4463272726241385
3258,126.09733530172444,1.958175739063809,46.3154124241865,14.697012179205114
3259,118.28264904503209,2.5470147925028552,40.667297087614614,7.718158491600335
3260,119.95396776227086,2.509322282152715,37.26630546916627,6.741545509377107
3261,121.33309097836168,2.3767569922523926,36.20427595028756,5.733890417711683
3262,117.61423478603042,2.1224378629251457,41.258838741093875,10.500026222365905
3263,122.02461053862154,2.1399364053677856,38.15833201744597,5.05831192981453
3264,125.99692248014922,2.476465489179293,41.63561192294653,16.785775192752567
3265,119.4795673018495,2.1292339924865176,39.065739445138206,7.4890944207301935
3266,122.22494273899835,2.0734887927305405,37.98037132863648,6.75597017181687
3267,112.47675030328048,2.5744469351272907,54.67193718956416,31.564064831463313
3268,120.879319478497,2.190464463677226,38.57746631237463,7.403931810132354
3269,120.02956891362876,2.553685065702769,37.41643880054006,7.47081456786591
3270,118.4626574325278,1.9203216178619997,40.23908180078687,7.2390706549092885
3271,124.35249645584845,2.3036369765569007,39.825354539599445,11.015321093831014
3272,119.98864458696613,2.6142165198433234,37.66227831458878,5.888693176095402
3273,131.53446868743262,2.2059501489317728,46.659672670849346,31.169156229063073
3274,119.83070208815388,2.147199101546441,39.77106342961064,7.764223003315925
3275,115.05787079752827,1.9664496164803162,45.40321377648015,16.369457105336355
3276,117.49084203576142,2.4164686108870495,42.493297850688926,13.93831667624818
3277,123.97938980697268,2.0459743834718624,42.27141832805931,4.312991579281764
3278,114.45915299467208,2.1810382881220023,46.4518546224528,21.3849118487587
3279,118.62442241619131,1.9530995440414778,35.444247239366746,5.852309173896977
3280,119.76086782550173,2.511378920019487,39.69566108634555,9.313549549035619
3281,126.40522778860385,2.4309770621451365,43.98306377170478,15.906102130404397
3282,123.38267167303874,2.193683050157374,38.12292500925869,5.678782121859905
3283,119.27277136613539,1.9691702128826145,37.89099658780234,5.737821610557428
3284,125.04399246105821,2.5071814098485268,41.0585945377452,9.56738648731885
3285,118.70440095644653,2.126813654590571,40.84570151102985,6.463444979784105
3286,124.12820939157541,1.9789590318364965,40.3607372905717,8.00056242894915
3287,116.78748053763866,1.8475763975054913,43.57264866771065,9.98366592673858
3288,124.32709927854638,2.070806973621245,41.0777958691089,9.587477605263341
3289,119.74098569903994,1.9090723754940122,37.9467258010692,6.498116863980474
3290,117.81163685308206,2.0754358326954354,39.728980738285344,6.864998701394219
3291,120.32685479946343,2.348881746739543,38.82977875739567,2.2078829115682996
3292,121.85976695713266,2.1249199672049537,39.229177146659495,6.049536986286192
3293,119.4662798653703,2.2711386764227424,39.81333593071221,7.03395315510611
3294,122.71725586858551,2.055333068093554,38.30877283321364,7.619550549093326
3295,119.19271896064139,2.2130338132728467,38.94634585947535,7.390423989357646
3296,122.9231544211872,2.584180164417204,39.57292757613294,9.482644898606445
3297,133.32158847886112,2.1303027843946207,50.92319503237944,22.89066768640323
3298,120.8111385304054,2.2768858875239317,36.53242506008984,10.304157602333696
3299,119.63171483166556,1.8868945545063125,37.363732559701724,11.746501179641996
3300,121.46977646687232,2.5040212244833744,37.735205709029565,1.936846558564508
3301,122.70578660340446,2.104558674211027,39.5010050269843,2.0438343783758395
3302,127.39157737346798,2.4101067299813,48.624168234869856,19.48424799645099
3303,123.91220330757436,2.1753639408482193,38.10294281166734,9.126366453399074
3304,124.0255688444291,2.3223158730041615,39.23734618501464,8.259741874222147
3305,130.57438780406687,2.3342024854422,57.70193715480396,38.62091848544232
3306,122.59947127798031,2.109511932097457,39.59595998319711,5.58194798592248
3307,122.50239488506628,2.4183812871523704,37.81003818994308,4.671510186248828
3308,123.18244673039713,2.0482030272013803,38.489224185392935,5.835583172140411
3309,117.87220546947641,2.3555868440055088,38.31669134724283,8.243764617588656
3310,119.62390492710186,2.121958941166694,39.04502979368923,7.4654466310933705
3311,129.891388886564,2.269911589726412,48.14105429922569,24.707075150141495
3312,123.00760332938064,2.107601399529148,38.03644510271738,6.061624359307345
3313,120.46005885711429,2.2099951949413192,37.72677082448504,6.3854497569075255
3314,121.42849261897034,1.9850612596616468,39.5054874559033,4.886548918243361
3315,124.37110932246024,2.249511396937759,39.193810193259445,11.299282368618663
3316,123.67576728998283,2.2088375669919174,38.48098320939658,5.958843865303104
3317,120.49866489057213,2.0919692891855055,39.68322229793322,3.128876774896344
3318,118.92301519967751,2.188994406721941,39.04755776579406,7.288648215904583
3319,124.51935166812488,2.2268008952335823,41.59556428179084,10.303190735679804
3320,123.39906266082059,2.0767285893469776,39.788487846126976,5.571002538931765
3321,124.74880867774345,2.1742482848540665,52.12493016453207,36.430473533612286
3322,120.02922278938433,1.998889611821016,37.75454099149004,9.187222875991186
3323,121.51309793225197,2.669146607792202,39.13894471660684,4.099221316431076
3324,123.4143721230752,2.411823732041637,40.793459942864686,10.066088740228183
3325,123.8213146343133,2.2546188211263103,41.160604429594805,3.4598845662252566
3326,121.88010860364396,2.434422585495339,36.6292969301838,7.51572021073709
3327,122.81426734721245,1.8041495046632445,40.420528844773116,4.7222988373624615
3328,121.19882408737227,1.6884640524331989,37.54338099344133,7.068373951948861
3329,128.73153642973352,2.120141787650019,44.94862788121422,19.16620277885062
3330,120.19008038777211,1.9242871712795784,37.924187345420684,5.299463106604069
3331,121.05887267858434,2.152678895110334,39.08122948412577,3.661993463869798
3332,120.89249432494238,2.2411313281189797,38.70514608267379,4.797671788773405
3333,115.15472399622524,2.3840828996681225,45.18479300785655,20.63539370107459
3334,119.76780166171876,1.9723472031449574,39.42299443081124,5.526327647174592
3335,121.17423752457637,2.2799261372320143,38.188497672280775,9.220198635698765
3336,120.12775302509233,2.2028779386304467,37.42251634755064,4.733241308756064
3337,120.23484623391408,2.269501861986617,37.20835539502016,8.239264037247334
3338,122.51277324949422,2.09604560984928,39.03677153671287,2.9121530641605267
3339,117.65523272014923,2.476627027972424,40.35396993783899,8.57124664950755
3340,115.95306913675124,2.179298270314055,41.81557575101311,13.09641992632633
3341,119.92067364840631,2.554836444700754,39.35759792310416,8.529371522150162
3342,123.36875465705555,2.0419222692635555,38.61006216035917,7.515822212331361
3343,126.23141442240858,2.348565467991111,46.09064885136201,10.811335878314317
3344,123.42459754119369,2.1880663038878945,37.469421131386625,4.768289288892104
3345,116.44838234440657,2.1344515166666476,42.322867946889154,10.526969875127588
3346,120.27966155793202,2.3264630680935094,37.20418425387561,7.156306173705446
3347,121.79556658135274,2.1401653041620823,36.87119448428982,6.951038383824776
3348,121.55053246246314,1.6676069325685345,37.43385098650377,4.735321174652878
3349,122.6718441141229,1.5874263753651388,40.9166516949721,5.136103351801202
3350,118.15714826597164,2.4544844320568098,39.964378537070324,9.389769751198914
3351,121.2013235714073,2.4460516915759394,36.97969640925226,3.068092037520742
3352,122.303000772306,2.5774681892511895,35.996301489339984,6.663804912526188
3353,123.55957995524135,2.1964943503435648,37.20354759014813,8.200791535599095
3354,118.50227368350035,1.9414730396004218,38.67509799811533,6.861802636420368
3355,119.93001371154702,2.1160832314698,37.42807716526477,6.356292863703945
3356,112.61816519177265,2.202284903072263,53.164868127425734,29.98328343418598
3357,119.0734679005089,1.9985923551429783,35.8626967641147,7.444131115666779
3358,119.37431383178976,2.5297149445947733,38.46224214029173,3.590205045016351
3359,117.83928802468093,2.6479005759287477,41.53387074969483,9.864088829828425
3360,121.51339766572121,2.295656140146036,40.167680597470415,7.2427945331631145
3361,120.82656916065967,2.197827250660361,35.54383722403526,5.820335088684447
3362,113.99643697950941,1.9410066043051137,47.74916630902541,23.509773360577988
3363,121.66807470483545,2.5092867792312106,36.987687219206116,5.1473666308557915
3364,118.12219519455401,2.2152613621698096,40.01142516539792,9.792148050286595
3365,122.5056357734906,2.1421671203178776,36.91302238989183,6.117398222006842
3366,117.02626113204114,2.296234817734908,43.660874353304614,8.54562177009067
3367,121.09302026944592,2.082857694202163,38.058482822707575,6.761439163962922
3368,120.12219368045183,2.229375034624364,38.009429489531534,2.364812506858779
3369,121.93961584334602,1.911506629830868,40.26476099919232,6.046288790721325
3370,121.38656156071917,2.417417437850487,38.01201265354129,4.5222770289897145
3371,120.2089910574335,2.1791177917728657,38.65804736083674,4.567554377088111
3372,116.23755582646284,2.4317601721268027,42.01375463605311,13.46508470198011
3373,116.4206553132708,2.1597727644316764,40.83183482260179,11.191991653402047
3374,119.18995048881412,2.1727600582432043,37.92731131029224,7.319889158373367
3375,120.97433235981828,1.9575365143416086,40.84321353273382,5.308144191695178
3376,119.11443136368274,2.351951394603629,39.60510843087097,5.2715206711089895
3377,122.93815698479634,2.0248320091953818,39.18331483774163,9.057299557288195
3378,120.13441515044379,2.1027155253601544,36.89554676175112,5.851319955692485
3379,118.00846055318351,2.2002094372165075,41.153473858888006,9.530779665157201
3380,120.13790149173748,2.2242448367378715,36.39850578774073,8.151643429321364
3381,121.7001654925813,1.8587806119564483,36.07067759315326,8.031920318959875
3382,122.0071426283562,2.1538388269023967,37.496600720501355,6.656610058175044
3383,126.8229753091787,2.359046043728743,48.000387304836934,16.49241392603805
3384,118.9263810459894,2.12433239309522,41.413239526725434,3.988526251930501
3385,120.77221614906976,2.155053649157336,37.42480679947811,5.610872249872131
3386,122.32098423514022,2.2324812101685456,37.507441133230195,7.890459972374176
3387,120.92738882647747,2.1748079134906004,35.86868927142676,5.875043490729354
3388,119.44808374743518,1.9938968995224793,38.63129763527058,-0.5017542753178095
3389,116.19730275333285,2.1927307752666194,43.28511476307629,14.926183389270768
3390,119.41641286693566,2.3988146340011793,39.57812773621752,7.8475602668763385
3391,117.67152252057481,1.989764810546582,41.62124748015166,8.505244647784235
3392,115.64751928851629,2.1251036221028365,44.046142455733104,17.105054601363488
3393,118.53339559082119,1.9236737352129847,40.061346445691136,8.522582346330543
3394,117.754015665624,2.3882763900980692,39.407180617582675,7.585282099319194
3395,122.80973829040813,2.1815283586324243,39.41868888291815,8.761775558732875
3396,122.86338469598431,2.0299600732788274,38.10448285391035,4.00706472992837
3397,118.19797420229929,2.2184531200286357,40.32459275637268,7.839207124869123
3398,120.19329124525433,1.9592799570209096,38.6352231061673,5.129468260977196
3399,115.23944774745114,1.9933008937079189,45.38991640935965,15.246054299862335
3400,119.46754615443365,1.907973294029644,39.5495528871412,6.599153524609918
3401,122.23684389217728,1.98664415248852,36.29503342622668,8.225124893954492
3402,123.55730745780372,2.4714675167999616,38.05436963173525,9.859647058345114
3403,118.78955404675693,2.053376333743481,38.72385811306696,8.285086967282666
3404,124.26075006763531,2.2932450245302958,38.462905616813096,5.699119088181735
3405,116.30135504330823,2.0327397160088156,42.328074305468775,10.38873317849921
3406,117.13235382265424,2.351906749152644,40.803891746089384,10.751261761139709
3407,123.19995178347742,1.994783599813737,40.7673422495843,6.828879169310185
3408,126.18047580854606,2.2078455855523513,44.08950632562372,13.646713688779048
3409,122.52963916336945,2.21057026197379,39.85301356230803,9.63904266470394
3410,120.87493860174456,2.6655610672853185,38.39561801218603,5.40660841469193
3411,114.19493038578115,2.3260850575960332,47.49160648735855,22.4387245672902
3412,114.73041412626522,2.0814191971341454,46.82152739626011,20.834695833649207
3413,121.4011695643772,2.337009792730103,38.983660378375994,5.36074901116158
3414,119.89000572432936,2.6276348940970418,39.8224809286201,10.55424867124106
3415,117.57191093532843,1.874072781903141,40.413391737955806,7.526420747734438
3416,121.20315100057316,2.031503591486255,35.86731563537863,4.062908594363025
3417,121.35690723927421,2.1526204881773414,35.794881276389724,3.4532151073694557
3418,123.92768919247484,2.11658235457161,39.461363688549525,11.169028146918778
3419,131.0380003385753,2.1334486603340252,41.13669480703585,20.285738674418436
3420,124.80802254183659,1.9391535468813514,43.52386365486772,9.241473853532142
3421,121.02478149160132,2.4807912107100027,38.77614830773137,3.5588498304000122
3422,120.64246151609726,1.9154782803046764,37.2017563164973,7.876033769759962
3423,124.29936777736627,2.1599574380755002,38.95234022845959,9.697246364756829
3424,117.96683327187155,2.4091661183521396,41.360576912906545,11.099829280589947
3425,129.7247871051251,2.19396302857083,53.299091904200296,31.728384743930082
3426,122.16329818231688,2.0041211666194463,36.97402299273462,6.645559043967454
3427,122.18057068379679,1.9302648687252086,37.3108946486422,6.258244043767751
3428,122.62779751931505,2.154000160794444,38.73125308700204,4.941592132050153
3429,126.81912307352809,2.048594086829907,46.25671920676236,16.777893768966333
3430,123.45677297618508,2.2410462183405957,40.87833526387329,5.062330355612796
3431,116.02432646508784,1.9197097704551642,44.80507465635627,14.80386745919061
3432,125.35075819277927,2.3626071473775245,42.165407129453065,13.271556516271604
3433,119.94322060372045,2.223109904632893,39.57237075821145,7.472180222540448
3434,121.3321807258019,2.2379672788704954,37.15197618944147,6.505055709132909
3435,117.03431268625667,2.488215355648004,39.0927428726841,10.460737295278932
3436,122.63122625618408,2.112440900325627,37.7129274085265,9.080058910248784
3437,118.9807397007906,2.0548366610533555,37.848892005752745,8.322480381273277
3438,121.31052587777977,2.0904472743306255,37.199630597230666,7.8719871854183125
3439,129.44174411663204,2.161494686095349,45.646504788037376,20.416294159424197
3440,126.96753968538114,2.1818070210417346,45.235094126398124,17.425396118726503
3441,127.14500693045133,2.0338604526796455,47.11346661688653,19.15335952945036
3442,121.1441908276657,1.7953829493933884,40.234408252313585,6.678950696819229
3443,121.19833090524345,2.0878141998241926,35.7657033160177,3.030397905475733
3444,119.8423268043165,2.2719651332573783,36.62079057518992,3.5278235022816977
3445,124.42861950365864,2.2272516612506985,39.55731483784443,6.8457089679132945
3446,119.98034840196654,2.4399108939651657,39.22419610456945,5.358501115292477
3447,119.69385444859833,2.591097308792758,38.108891888453236,5.163803258004195
3448,124.03363787736139,2.351866754291694,39.08330893957687,5.6932613760756405
3449,129.69615519975878,2.476504128481645,47.813962894191754,24.14285681862932
3450,120.88295939320956,2.353354858452624,39.24632101704489,5.023118534511731
3451,116.09793657731592,2.5419798511854768,43.26226172875306,15.856835353152292
3452,123.18299006988181,2.5701707268582537,37.987313047337864,10.692566226172577
3453,137.7438154930623,2.3902330341557856,51.1943562373495,32.882524384384716
3454,123.23579865567936,2.3412760292849173,38.79648636733394,5.625980479462326
3455,125.53157741939664,2.1589535656125265,42.20442544283571,13.616094184754362
3456,118.37708337785027,2.1917325438072184,38.847411869302476,7.625567616671173
3457,121.73260527428742,2.132432533729948,39.320554528859745,4.931610688584965
3458,118.07620423445489,2.324250322179011,40.20553226352112,6.5549614572751835
3459,120.29392680869783,2.0559303925281305,39.456089803781154,4.492470698494657
3460,132.25282437811956,2.161778758044018,50.2871017984336,21.556382608897398
3461,121.31564390062023,1.7289660229643402,38.61859383536636,6.762654020313916
3462,116.62081282993621,2.544617978954502,41.560581410148586,12.882996697432894
3463,116.92340977283297,2.1559050834827365,43.00851343553714,14.485100429645954
3464,116.7183918123786,2.2911160874673158,42.63844122086932,12.897501375615613
3465,122.52350302881273,2.4915573389422807,41.89501163518627,6.818531874249028
3466,127.39807306053567,2.260058687488236,47.40890831039258,18.945530916385387
3467,125.22362055640066,2.4888687404186864,42.83156798369736,9.47246004604883
3468,115.1224458826472,1.9516524375697268,45.97759238721523,16.20817730132283
3469,125.40533540801633,2.6794753179195405,42.140707443138375,10.662749560745173
3470,123.9028412927454,2.4174220396977533,39.517398251127084,3.283547695733308
3471,116.20957016886085,2.2418404984973286,43.43112495081107,11.315475901582827
3472,120.06007498819746,2.485015866525089,38.871889463476656,8.553409206329553
3473,124.39611947563701,1.9662730228021257,42.038102317953964,9.937110027102433
3474,122.70634388389783,2.1422770242461016,39.042059804820305,5.503667982384753
3475,116.94180533759724,2.488850079280476,41.02141173389713,11.721242033350014
3476,122.8933006829682,1.8265879638210072,38.363699049169455,2.743137017758941
3477,114.37374815215017,2.312091554991761,45.93976895547518,21.10351040417525
3478,120.30925125515265,2.306435231969031,40.264547438915805,7.794232139958087
3479,124.52766598514015,2.5938451633644326,40.03424830902015,9.325429256480357
3480,121.0570220682711,1.883408916055553,39.258387931758655,1.8343579308221898
3481,119.45329359511797,2.521926211406327,38.88582226931398,5.25081822994036
3482,123.75697338669428,2.0881058513702198,40.06704987617815,10.29091357969712
3483,132.8661221214628,2.110598108017629,48.24386917918364,25.31333601032946
3484,125.06112304788755,1.9555991226080416,40.60425993500368,8.277662963421431
3485,123.7104615281838,1.982429592506615,38.35715635242861,12.269806033966915
3486,124.35226186120515,2.2807044694907845,42.719290114386354,6.750944674265964
3487,123.27201652805635,1.977533617043729,39.283802405315896,6.545163981251331
3488,121.82313881226106,2.3480568667305834,39.61191072097907,3.4661117252485076
3489,121.27747789926782,2.0674067906060496,39.81731769554688,3.2585440662678877
3490,120.26449487079806,1.9573932388302706,37.58491190578914,4.53025160838203
3491,117.24165829151485,2.0944381707280213,41.658086623208796,11.352481642916217
3492,118.03853432265859,2.267341438351261,39.98797537891441,10.721607381242166
3493,120.12575510600085,2.1445293476137963,36.66376896570843,4.733786920277581
3494,121.74850169476753,2.20684202366656,37.882132084479835,3.4768164225230946
3495,125.46651905381322,2.339241492367217,43.15271290808782,13.091842061980408
3496,120.87042859358591,2.41648429032339,37.354955493345116,6.1710068622415
3497,124.11077650172076,2.137980938282114,39.706628543621356,9.04364069283188
3498,124.34587853493957,1.9911555968847685,40.237501785523925,9.642121754222075
3499,120.28251492716475,2.2152188957845036,40.85824079324624,5.166298442356494
3500,122.84353965524757,2.2941299172208147,36.3634368430677,6.576010084820787
