Batch_ID,Temperature_C,Pression_bar,Cycle_Time_min,Taux_Defauts_pct,anomaly_iso
1,121.94462294723874,2.151294391655028,36.29736585497547,6.465431647509294,False
2,117.77604927065448,2.464427178815696,39.12885804104461,8.356506160057542,False
3,123.32639870700002,2.3271686676531864,38.25572584291308,5.877001504221361,False
4,123.91575062081276,1.9619032490623287,39.6001835248729,7.647596745372592,False
6,116.96324352872682,2.529622432364776,42.50414156046647,12.279985811567126,False
7,121.39630524981858,2.16375379309066,35.94787956533148,5.60840278048785,False
8,120.0196479637349,2.289543006019014,36.15780551894925,7.612590041520787,False
9,120.9479164117367,2.309175767547829,37.566541339071705,7.611732135749328,False
10,118.35556382452192,1.99267542016708,39.310120745577166,9.198679229868183,False
11,123.72613372207476,2.302141589842703,37.74396008082377,6.763366117541906,False
12,123.41115499982972,1.921232969593075,38.49023355986302,8.174222895125839,False
13,121.20469516243978,2.074875178719721,37.48786106145096,6.163146290697469,False
14,124.49444774160092,2.4151445934988387,40.17516897300274,7.92420803264444,False
15,122.44927896098136,2.271351258061672,38.65953601975958,2.9532094286570185,False
16,118.33619336506196,2.139104438450695,38.70103792368415,3.84027934530732,False
17,122.14312743065577,2.289292204249038,40.20867006100863,5.790084544164256,False
18,118.0274639374301,2.1879815504489737,40.57857957317493,8.858865183394645,False
19,123.72319593405254,2.202515700470367,38.58222756411914,5.550143635794514,False
20,126.8257770261324,2.331363705344028,44.56498696443708,23.978344793147635,False
21,120.42692667300967,2.0545264518681736,38.23347078257099,5.604159047000893,False
22,118.88911841234778,2.2080672811109383,40.55941855380673,9.32349734532037,False
23,124.78987814988947,2.1375463610786696,40.37940164843089,10.931129889822245,False
24,120.52095860558671,1.8828793250799487,39.048026051700255,3.254284443576112,False
25,119.67218375129436,2.01590884875014,38.44229193638909,6.687817901865626,False
27,122.65015847521538,2.276944662917047,40.27722394696276,5.112573234478488,False
28,122.13287659952864,1.9352823397197223,38.53842316171749,2.909216591527092,False
29,122.27947109594756,1.891929124830318,38.01918277545948,5.9635287220604,False
30,122.33554510932444,2.1775672199778837,39.05099744517219,3.922683451563402,False
31,127.63910756269844,2.5122373066352965,47.46251979513216,22.75689878999396,False
32,119.7401134492077,2.1626483730391297,40.53360834436265,4.981924249493038,False
33,119.41204753987824,2.4613999106808038,38.65676156506361,9.35929965779964,False
34,118.47730454243158,2.270386154163732,38.8727428994933,3.391495861786927,False
35,122.90953620998404,2.294250091569179,38.20469266629674,6.732326635909856,False
36,124.49981410743476,1.9328558981390864,39.11776747229354,12.202890591502282,False
37,120.6467628812699,2.387504584349952,38.75097768817204,3.552093561531198,False
38,118.39551492141617,2.1330135925452787,38.42632079197313,7.271688105906678,False
40,123.01683764225658,2.0371660036027777,37.21406392634703,5.324513406238735,False
41,123.30408793073067,2.2354098695019826,39.33335454602375,7.522870435505699,False
42,122.6837782317461,2.2704005907875264,40.119014895461135,3.730987154897416,False
43,118.93691990740504,2.169193336684827,36.13846469905083,6.47886412943414,False
44,121.71970010150685,2.2809090386172315,40.73769821887381,6.36167793423882,False
45,121.36172600833626,2.1467205849614985,37.475915298765976,4.837117945152788,False
46,121.67793464985994,2.0701880493917444,38.28453498249654,3.4604704063452765,False
47,123.7014292116394,2.521096676558793,40.348382345980944,9.711554182267374,False
48,121.69314620120151,2.4097905732722884,39.04966713732304,6.755646306756047,False
49,123.10463204552288,2.0478270509903647,39.33053385008678,4.772060990987525,False
50,121.20949511541556,2.313688861118923,39.306255363562535,2.756556497641215,False
51,121.89627013593896,2.0514642290597696,38.85151796124508,3.672498664413342,False
52,122.95699350009949,1.9630630712675357,41.131706665116944,7.576457260226762,False
53,116.48281695844744,2.4067618882797954,43.16811318450681,12.865318428840382,False
54,120.00901922929236,1.859180074870519,40.77007561118872,7.044872164416163,False
55,119.54184477169234,2.3853711827153083,39.63917015967396,5.3244904201481695,False
56,119.01947867044564,2.1494555374853883,36.51546707860161,4.815867606636722,False
57,120.14705902119728,2.1576906793838946,41.5544853108348,7.200436237649878,False
58,125.63431806482664,2.281950243924658,41.97827152269488,11.66536419853524,False
59,118.31592354135094,2.3162397623988507,41.52914583565455,8.075934558678485,False
60,124.0016628992336,2.0347313646342187,40.01702711139506,5.408635861903187,False
61,115.783103707991,2.343545121750013,45.366938857630345,13.642962616338709,False
62,119.9618564070441,2.222674107605045,37.342080682185454,7.495062751647264,False
63,121.50453450182552,1.9487890414263929,38.86947001999357,3.928172595563584,False
64,122.81728922721376,2.1660251032840523,38.39741112076365,7.903446308129368,False
65,123.20480239735784,2.476255803111785,41.12215783957374,2.4724663412306587,False
66,123.45937642911976,2.5353189596491394,39.9009457500663,6.254142193716417,False
67,119.91895227602984,2.343469691521736,39.47383155362227,5.283458636356919,False
68,119.56670944273984,1.961931302366326,35.63865086782186,9.229839213886477,False
69,123.65972523189716,2.2981213804911778,39.44506594429669,5.4547289361892,False
70,120.406956592867,2.3701721807718386,38.61109123177945,6.597982430309845,False
71,117.04537239765244,2.345141596663745,41.73129686248644,12.681848200009924,False
72,117.4868096365892,2.356990857737584,41.964855814336936,8.149046955582723,False
73,118.149697913395,2.2726526158495064,39.31165331800037,7.333782192048571,False
74,122.54119830656668,2.185517532233892,38.58598752498109,6.300446947300007,False
75,121.44151978181876,2.0783265008191965,39.57848153164169,2.4534074635422427,False
76,123.14050459761008,1.8204128962997008,36.04569148064681,5.938919873799876,False
77,119.67551679635676,2.26792835334267,39.15209191861113,8.238602392654775,False
78,121.49147304233782,2.237210568730438,37.61908979150424,6.277585153613075,False
79,122.93933022129876,2.3115151685649638,37.64140681367368,6.218523147516764,False
80,120.04102572686726,1.9324912613414211,38.63982645599548,5.736708567274982,False
81,122.41600323642795,2.3290033378630124,40.03680102227764,7.005493002457635,False
82,118.94802958269338,2.6109090189241555,40.27721515149977,8.141283188754743,False
83,119.87453307564827,2.2156900261555825,38.10302173533952,4.586149649213114,False
84,119.81661252860518,2.187666936158692,39.44655255252916,8.606111859840354,False
85,117.29289709867398,2.2618004712171405,42.15186289060396,12.510975754645797,False
86,122.5096146904353,2.606467404942068,38.38778338134605,7.284417277423427,False
87,119.54485274537156,1.995270447660022,37.56483505959892,4.3394849913212505,False
88,121.03873176805584,2.240641386678781,37.17452579250945,3.262099629585729,False
89,122.49031464260833,2.0400685155404714,39.57783765500258,5.356815993356931,False
90,122.38424664569284,2.0905990558310013,38.36675967291811,5.986102257163526,False
91,123.06269383781564,2.1900819384236123,37.575998405434014,3.3290125094347216,False
92,120.6946949980208,2.469464648322712,35.83018476556951,6.172540854217719,False
93,119.68777523266311,2.5601981201377475,39.460206332528,8.248855145316405,False
94,120.75287354619016,2.289628428925341,37.30262377757448,6.316675885139087,False
95,115.7692632547301,2.1246810553953037,44.44883759998245,13.491712089082792,False
96,116.51395133548844,2.698547773327704,44.0390381556704,10.734254962067189,False
97,116.89963120170135,2.1144891037340963,39.99726352214391,11.65427795265213,False
98,117.9085348344354,2.0857728171280527,40.043895916711165,8.253727845322235,False
99,122.23930010284263,1.8450113910842547,38.11598785379474,6.579330891803255,False
100,118.19301492838382,2.479218313848949,40.227082080617095,9.100978425247344,False
101,119.82769608247789,2.3936491184742588,39.913253222454856,7.755595771163051,False
102,125.0276077231368,2.683561107223289,39.84046991466253,8.726533875048816,False
103,119.89558168970956,1.922095329556375,39.00908009022054,6.047984932350359,False
104,123.28629826224795,2.491634161495822,40.49095605116259,6.338903402858812,False
105,118.10578519196936,2.2140271036732257,39.60053527496141,7.944361190781126,False
106,120.36314357061036,2.3612200433600274,37.910547853803024,6.984331959149842,False
107,118.0549316297772,1.8704445717791056,40.45213827484349,10.084638855647734,False
108,119.94899746470826,2.49361636453306,38.691275593678455,8.24365515094533,False
109,123.60495522611792,2.357303350266366,40.24993257019466,8.383648581227387,False
110,115.64530668810372,2.1922179930427568,45.03766758650428,15.026427260127369,False
111,122.34671329499216,2.3290225375322247,37.12243607645955,5.354303752662292,False
112,121.73698036723006,2.0469009397915503,39.406837260586585,2.094064517039024,False
113,119.15813513733994,2.0841119828836603,40.2631606687537,8.932859745612964,False
114,116.5172206513958,2.107311077274921,42.66287611321732,11.621751754702563,False
115,121.223601473913,1.8294544276619449,36.06859757769536,6.178703580703152,False
116,119.3585726019022,2.372351698840673,38.44357304090962,7.43309276503975,False
117,121.72129625519958,2.438318722836513,38.36718666333103,3.015994433522462,False
118,121.06774165112267,2.059731170047232,36.51302925576244,3.447247980280584,False
119,125.96551456309484,2.269640603188964,42.956214190137416,16.769055030112874,False
120,120.25799755483362,2.146891905074153,36.28894467447313,5.944526149820243,False
121,117.8271577728722,2.2656547924162065,41.00420400809632,7.620311967218647,False
122,121.55575446836458,2.074484551757794,38.283691775776255,5.068042739045188,False
123,121.68198972031249,2.023314968782473,35.96280608103609,7.4266386116965535,False
124,125.21348148324536,2.4104149772047485,42.36265808617991,13.188896684873209,False
125,123.5888448623352,2.1872258829751017,39.40100426706528,4.7601858541784425,False
126,122.10630028336348,2.6044217901706954,38.94059663731415,8.733504413916137,False
127,125.53623896278064,2.209261992958828,42.01804990015677,14.237793633504712,False
128,117.31483453159916,2.0147843919299016,39.94577457552274,9.66345261157388,False
129,119.01677024847578,2.445388175287188,37.86320604001763,4.312347444701019,False
130,118.12761458164287,2.326160032829204,39.11551027663702,10.090325713172485,False
131,119.79158961021712,2.345374572739285,38.34572887298511,6.616301735107105,False
132,116.73227294257543,2.438120135773584,42.19931473712042,8.804906064488012,False
133,122.96896793512464,2.0694407412308413,38.604967799350256,6.115943812161247,False
134,120.3111096389938,2.174549338202943,37.55408997079172,11.305828066626267,False
135,116.44050048704176,2.165710033702441,42.116763629499495,12.507515872120653,False
136,117.85170484825662,1.9418506926168764,43.44062994090701,7.259372697634064,False
137,121.9718929270956,2.1472819699683514,37.20586399263479,3.614457963525848,False
138,123.59819236047258,2.467275891575365,38.75976916813393,10.929699308222226,False
139,127.18986576424454,2.2474676207587696,50.71118674033927,20.220796392975952,False
141,122.2846692431556,1.888832117667013,36.56910764847338,6.249183312283585,False
142,117.93243182790124,2.5329552117496545,41.16568775307459,10.87612761879799,False
143,114.39065652973294,2.181936197948974,46.42730208779012,18.877388647645624,False
144,121.82990553326589,2.0705179588596767,39.3333034628586,5.749982981689478,False
145,118.479882604538,2.1452016470205995,39.122967207938366,7.968248768866776,False
146,119.71239249344298,1.9045384491365336,37.79301067567101,8.406925752392617,False
147,119.1024999229146,2.484619029902324,40.88402589883447,7.065979066155565,False
148,120.5635482521092,2.1213894124827943,38.77822958666914,4.078199235584119,False
149,124.3045387154417,2.4734803055476844,41.66728101549164,9.143731936597275,False
150,121.48685055908057,2.2103303428894634,38.617540746088885,2.0977731287325136,False
151,120.50823200518006,2.4859063949136884,37.4754259864294,0.8748019230417201,False
152,117.78947336624,2.251338899808617,41.0624066248738,10.387167046334582,False
153,115.80848287141647,2.3706465325738155,45.50138703169252,13.921134149749548,False
154,119.49244548187268,2.343818609217668,38.675157994100566,5.498759350731627,False
155,120.8332740924632,2.324658213250394,40.34825084186413,6.788527825681956,False
156,126.48058273209764,2.269586895436542,45.7137265225032,18.36719521076315,False
157,131.42018587506635,2.1534298567768837,49.47001918983814,22.710627660815675,False
158,124.04649248417148,2.5830869383145725,40.368778110668096,12.111729137053503,False
159,119.45218364452865,2.01861260298082,38.70547007111614,6.993616769301462,False
160,117.32667432410724,2.200861528468632,39.34192031338458,10.496868113212566,False
161,118.00813803707965,2.2029771750415192,39.852178506586135,8.789672064568109,False
162,118.75179919993916,2.2804881506687043,39.39951193517023,4.526600825034082,False
163,127.598256170549,2.1141054708211,47.03722593063488,22.25434192298205,False
164,118.4537012944044,2.262949261117918,39.86538028590203,2.822887546312203,False
165,123.59931653158267,2.166231482959407,39.51411795236062,6.450875822151662,False
167,123.88787633991016,2.201910457251369,40.69680864140028,6.6183919996291065,False
168,122.19334799492816,1.9798869333939697,38.53059675000009,4.840091549111323,False
169,120.51442251725992,1.85312284751022,36.27449604949113,8.777338497942203,False
170,120.87363616898016,2.2273746641378773,40.33145248019933,7.303234119211694,False
171,118.97015814416888,2.2975766684039134,38.72199845298797,5.3390176923565535,False
172,122.38282382459444,2.3053396084209155,38.31553199076686,4.977094234605596,False
173,119.58955121094358,2.313434141403939,37.992383369731954,3.4699705230442466,False
174,117.20062213232151,1.813482195811878,40.5408247270239,11.591833456903416,False
175,117.0383935196092,1.927796614418506,43.46002716160507,10.218503411136169,False
176,121.53502254493856,2.5947042873627346,39.86483242369226,1.5639008985577498,False
178,121.49597400207766,2.322168206227338,37.91436764560218,6.120156452601394,False
179,120.63222118905936,2.062612475666831,38.8346108563488,7.077309287854519,False
180,121.88606103276788,2.215934547853513,38.26865899013392,5.33541234413052,False
182,121.68008575422796,2.312308230923929,38.54129135724107,9.13578371451644,False
183,119.7261255844154,2.22735482346334,37.783501254840736,5.780478305927488,False
184,124.42949500118566,2.1103420452711537,40.91545945509909,10.68367006714117,False
185,122.329144959231,1.9899655760638584,38.65414499429095,4.793193890512322,False
186,125.76084357518758,2.2535548394985025,43.77025576806437,14.443799379699778,False
187,121.5680267553879,1.957456240191482,37.26610592214574,2.5472339526249934,False
188,117.20414600166644,2.285496208424168,42.09304892560576,9.36504931496729,False
189,116.75870648233844,2.7252969818073804,40.7792806138151,9.200278691125789,False
191,126.34336373442822,2.343669577378833,43.59373534275913,17.568930675879987,False
192,120.44349043882394,2.1828785404517705,36.6744673320839,4.144976822411103,False
193,119.81211930447844,1.812249474599295,39.63079428869577,7.058557829778232,False
194,125.53047730595082,1.9355427208199636,41.255781197295065,15.266632462815782,False
195,117.5681583856652,2.456558571220543,39.68246687186497,9.269741007211758,False
196,118.22634624123694,2.0420487839750443,41.324524161802735,9.780761810332091,False
197,122.99431306353604,2.0601495803671908,38.13324509857616,7.60111292885016,False
198,119.77672411913528,2.166869904863196,38.08462336307566,5.944971526355599,False
199,120.98412221316778,1.9875907482306887,36.68441776171373,6.625687856142307,False
200,120.493327014574,1.9546462530896729,39.1393144230248,8.785733500940692,False
201,122.0464811012767,2.189905185443716,39.34168411042082,4.372482009599001,False
202,125.36319377007251,2.021694109065593,43.14887084790442,10.040629245985356,False
203,121.2808132113954,2.051796284044221,38.71613710978485,3.293561984147819,False
204,122.99621025915826,2.043761794770599,38.97233403205443,8.484112532068496,False
205,114.64446648680384,2.304472042766894,46.20472770519973,21.483280667019724,False
206,120.84897295401665,2.1535748619009287,36.94555791843023,4.187613035681986,False
207,118.3859861620921,2.164285606421229,41.18015222064045,3.5331481767361463,False
208,117.22167951268676,2.3193891794617767,42.1349008083118,8.914459190844005,False
209,118.27772766252087,2.171592078353412,38.72907317410834,8.834691275624715,False
210,119.96421733382748,2.1443492463085656,38.28780735962963,5.448722041972829,False
211,123.83929788130364,2.2940900711140344,39.38340512005006,8.364225079406559,False
212,116.88818257500736,2.3336395687115266,40.25287544060663,10.12311049304198,False
213,121.09495762704267,2.1705853000982795,38.23293051881308,7.129925269775305,False
214,119.4990747566659,2.2161215551241047,37.9554703854261,6.640536228460938,False
215,119.98421340747792,2.0436419540533346,36.98870326215608,6.675418438032887,False
216,124.10854925844428,2.027863391367095,38.20300494789408,8.884302270011743,False
217,122.66815785471218,2.3538295003933616,36.57926058794497,7.17026223074388,False
218,125.1459341330725,2.2889884125089246,41.298675397867605,12.087355650065296,False
219,120.5210323943253,2.291059687683316,37.93984673125047,3.516951695092028,False
220,118.84257790382082,2.256170869745105,37.88609236902706,7.537884416591495,False
221,120.30603766767044,2.209240655162991,38.95190967406669,6.87241982824068,False
222,121.7517400529408,2.339282378164554,38.03911437926514,7.5925583732886,False
223,121.5473774112065,2.387021752204557,38.81586775044405,6.095471292343749,False
224,117.63839697607656,2.3822456010381297,40.24829844865524,7.321155226067998,False
225,121.2805183230464,2.179844416810803,36.99405899073501,3.686038759157064,False
226,121.7075078234306,2.477398545981768,38.25847765292761,4.54841720769486,False
227,128.80416951635516,2.2456921363464644,49.75763673917775,26.876753069461888,False
228,126.81821829497318,2.32647523851316,46.14863618497897,16.81583385230178,False
229,118.35494561326766,2.256417578166976,38.320894827462766,5.513618523371463,False
230,120.10911157919756,2.249401341496835,39.36831236372385,3.331320697213356,False
231,116.4633297943053,2.0528496019499363,42.08791037203788,8.416290422010613,False
232,119.1688082567132,2.340270167668965,40.11901147535288,0.4466397648894045,False
233,121.97837551113004,2.769058878981528,36.75117795580657,5.28464106065829,False
234,124.73814622475352,2.125040985041984,40.19312157253312,14.499245731945075,False
235,118.73984010299482,2.2141989430849898,39.61904643810985,10.401794061214376,False
236,118.97214603578983,2.110758947130548,40.42632839549061,4.780627412023366,False
237,114.34340400781016,2.102396019687613,49.91485102552171,20.993410836175386,False
238,120.4957356463108,2.5088898956237347,38.10971817123349,2.506297819345244,False
239,117.70651532323537,2.0654057964545074,42.77541840956116,6.503456351998811,False
240,119.35873777516515,2.105183905326728,38.21605925717429,3.8676116562367033,False
241,118.28173158768048,1.88250143525374,41.05397420458296,7.357696606055441,False
242,120.70778608181708,2.048477655091551,36.79395027822847,4.883212881490182,False
243,115.55104198679444,1.8583200214093307,45.07831221345118,16.07203394491999,False
244,116.45215973928794,2.326360939842386,39.5060262750164,13.699109003371888,False
246,117.00898999805052,2.126664241269896,42.11087522135038,10.8436400367403,False
247,117.59996470679062,1.8666484134019528,38.83708229105459,7.167840235562902,False
248,126.69443193779608,2.379999932885947,45.68887661474815,13.994749936878511,False
250,117.36814345064144,2.459869386110708,40.250167788392346,11.050204520435164,False
251,119.8584282339571,2.1435941904420117,37.02706209896933,5.014090222591546,False
252,122.05882220791558,2.073636862183444,37.63020038234339,2.037258064424965,False
253,126.35896269765732,2.164408488850863,43.06250984793476,15.131599408110109,False
254,117.94074305687246,2.351555352187237,39.9274140442756,6.102908035032355,False
255,120.23963867757946,2.154515873848869,38.25991066729379,8.557072025270234,False
256,123.4097464857914,2.100655059441259,38.87970002764664,6.132646073009434,False
257,122.34777483084652,2.1602336794042256,40.576296351068805,7.130635321188507,False
258,119.83391617918667,1.9456289630998231,37.3639203593827,7.744942769038377,False
259,120.58514881000028,2.279406320458796,39.84672546519763,3.445871468587088,False
260,116.73782299405306,1.842654681231018,40.64294261539927,11.702643013861929,False
261,120.26166139367854,2.111175709126897,38.21454249839265,6.44238937679213,False
262,120.17419878097223,2.3518770417661488,39.688065514848994,5.658219406250915,False
263,121.7197266578414,2.2606096565865434,39.584725719570976,6.067393704391293,False
264,119.27848562166103,2.318064114597278,38.1056593190518,3.710968266427321,False
265,122.46176941988992,2.1869908654562384,39.19168000021632,7.000538260381469,False
266,124.13941903524147,2.433949236197104,40.715842222107526,7.72587118866463,False
267,121.48183091577224,2.3849398393539585,37.349154494736105,5.945213685227742,False
268,122.09044486603752,2.2892282008495357,39.062330319583374,7.364153308601444,False
269,121.16478157749138,2.385509155462709,40.4272134766898,6.480239703182912,False
270,121.00026161858338,2.3500847108807155,38.61321087963916,5.862567502385499,False
271,118.76317009601718,2.1121072973306223,39.83701305704927,8.171236569523714,False
272,121.98113221118726,1.9312202176617332,39.08557796314334,6.844898147928912,False
273,120.6984115449182,2.284072425168525,36.120740641610816,8.073286665312981,False
274,127.48882175768485,2.309217846166286,47.86134979182911,19.87198640207222,False
276,130.97436806072045,2.012735744990941,43.29474866060787,20.03453936787423,False
277,118.63452264994622,2.018713788144568,42.041530596140895,6.226682624215434,False
278,117.5515244368514,2.2919800532615544,40.2869963235628,6.825186100283376,False
279,124.69254315457547,2.185766602229383,40.03744615306599,10.909343563648036,False
280,121.81452259795611,1.8228476778857745,39.64431570633968,5.040761471133125,False
281,122.488444550514,2.275021632750838,37.25542267589496,3.681111430688879,False
282,115.59178344038,1.8295154170022088,43.85309251081798,16.38811189033349,False
283,123.87505929283036,2.010948689625325,41.44228032458586,10.81224080660714,False
284,122.40870304846452,2.4703362745720217,38.49217557622607,2.798044659614379,False
285,117.55766487831512,2.564975803561423,38.576851481132266,11.289802372406148,False
286,119.53827309690516,1.956868726305608,39.17724851725028,1.1273976588141386,False
287,121.8175233335052,2.134121692517461,37.63163012152114,4.673375942944037,False
288,121.16264707490436,2.2085245046157413,40.0076268281038,8.706239158102132,False
289,120.09426932400898,2.5562453855163136,37.39243354071048,4.863306127926458,False
290,120.67918636899552,2.10142621043512,39.38923647072812,5.406905437103283,False
291,130.8577444842556,2.1046231953933447,50.38307396622179,19.784813320463964,False
292,121.47294378751764,2.5097451116925726,36.9429824907983,2.0169868624378,False
293,125.5616251162788,2.1250421694563486,42.32667628733676,12.619928417108456,False
295,120.26576418002,1.9045714069775144,37.00405301433475,8.927095632942208,False
296,121.5471885062546,2.165753451181535,38.41725478822315,2.956887762586129,False
297,121.91758136803,1.8680806323347192,37.892833850972494,4.769759747179311,False
298,119.847064797904,1.9889132438088597,37.9738492645797,3.901364850516384,False
299,115.5541624743164,2.367840271030453,44.58819210887215,13.614618797636668,False
300,122.01678599951374,2.1900189217826576,38.32009195938971,7.703914000505206,False
301,126.35478566390896,2.1361788518894054,44.52126549120796,15.286443181043314,False
302,116.24502964475997,2.0502500752038166,42.19566922833272,12.057832404513643,False
303,123.67786684246438,2.1558687853517435,38.85589034005876,6.72593257691874,False
304,119.98157180831905,2.2602226334201387,38.074019250482046,4.492887147367446,False
305,120.80989452793057,2.3965832412923525,37.94976588630583,4.312422994604142,False
306,117.73601461681776,1.6749706631806398,39.77328798602742,6.526314049419968,False
307,119.9631858656968,2.033647765147438,38.65761791551183,5.084658111307943,False
309,122.80623125016189,2.180227376807543,37.76813755581187,4.902051223005129,False
310,126.37016597677082,2.280675248505345,43.98060400191101,15.588126803302869,False
311,124.64997685583086,2.253508057225311,39.817963087442415,10.31860587905982,False
312,122.36116870468167,2.1390264274013187,40.52556907262462,4.790843377757444,False
313,126.40619703112016,2.094629360802565,44.45445299538677,15.155583332296455,False
315,123.56676334807088,2.4297484699645486,38.8212203783449,11.53471912109407,False
316,120.0806300440424,2.0535984134188574,38.16544044901699,3.493063029324615,False
317,121.20629202916354,2.187438655371209,36.42953290469166,3.477444363935481,False
318,118.83798614776914,2.2366684427996844,38.80758471046879,4.8231401377485446,False
319,124.06771019724404,2.512070185974892,38.85227513076603,10.502198534943528,False
320,117.34725876834392,2.1399383483527377,40.57472941101387,9.112675807710312,False
321,123.42528606149476,2.3917613312021926,35.9661512094245,7.7140854308612115,False
322,120.408981721734,2.4463958806530046,36.610442402177206,9.116493845069254,False
323,124.63086598974868,2.1872491470018707,42.80340564968164,9.794232633239917,False
324,123.3276938650669,2.157856204184648,40.27151199432323,8.438228126653447,False
326,123.2654015425298,2.1488353731514835,40.933087363329406,5.878602483891438,False
327,116.12667520747496,2.370847972115367,44.09972844877044,15.52466037701326,False
328,120.79244516401558,2.246201995451103,37.42074809119404,3.600646116188829,False
329,117.36677770295609,2.2470579418339742,39.55564070699687,12.36587808515194,False
330,119.39333248866456,1.9749552979240328,40.05867169532039,4.987326338295964,False
331,125.68480814315784,2.006501984524953,42.91237238110716,11.973460899350716,False
332,122.97635481378286,2.628689364955396,42.10154489828827,4.498965557596038,False
333,118.83331567140588,2.1644348549422623,38.55816724673659,5.086989462369738,False
334,117.85747616403476,2.045045600884328,42.737364944328746,7.845557408439163,False
335,121.1016244879164,2.48621983311786,37.798442730135264,0.5840523777603339,False
336,117.2286635369185,2.256361709736711,42.86591849434528,9.734711102985186,False
337,118.9194651400706,2.3156309833729045,41.157996825146114,5.749867805424626,False
338,121.96722936180886,2.172390584943693,36.87598227380101,7.028457510783293,False
339,124.58146731193077,2.1362653818846398,40.19142228163616,10.493081240127974,False
340,122.88716056389576,2.166082725500542,37.440629505255046,5.101970128784515,False
342,132.16541091319502,2.182414518116021,49.63473860437139,20.508416912631827,False
343,121.223304077021,2.2592066154085235,37.7553533550554,8.040770102289084,False
344,122.28305988465534,2.570092646768751,38.43024960702177,4.213806040796886,False
345,126.01025001311874,2.2171998130010437,44.24568401813565,12.61836655447846,False
347,119.16757938190756,2.181202913443076,40.41150417589842,3.559342851634832,False
348,122.8318096006594,2.7479008266216614,38.284393398533055,6.95774112946222,False
349,116.09705736169278,2.373273246997008,43.98066793130603,13.999112609124946,False
350,125.57544204896588,2.037822211238282,43.41255407855503,14.96438200059296,False
351,122.14190549937204,2.318221302886112,40.068904126282135,7.635058974004807,False
352,123.62441035611457,2.051597315022052,39.37894193368395,12.165157158658891,False
353,119.23007464928244,1.9292384960906288,35.928451167608976,6.156064253161351,False
354,123.52266743889524,2.130326127353186,39.47431311908735,6.932341681329026,False
355,124.31226182356602,2.2183052878477723,40.67455616093772,6.569447379995127,False
356,121.72192186242522,1.825568899513321,36.77011854171629,6.705908429611642,False
357,121.72664276736596,1.970168141892273,38.30789998726318,5.610018457725885,False
358,121.83806404177336,2.2020671126364717,37.68519332924079,6.683228947860018,False
359,118.32362967930791,2.118365364802209,37.83027064649866,5.542699316165551,False
360,120.5426610912549,2.2789622542292185,38.91894531655154,5.941253566258985,False
361,120.5271801493977,1.957066334538288,37.31634019828006,5.668124788005746,False
362,122.18852097949583,2.34282274971066,37.7824750869562,5.9585703173436135,False
363,124.09945516542192,1.9632481805879607,39.51210440946812,7.264112587299211,False
364,117.71853814586692,2.528546860387526,41.97508039473209,11.228513997297112,False
365,120.61247200600933,1.8568483431243368,37.97984813784241,9.148146681202478,False
366,125.59251219774282,1.9814891459233177,42.74288678972122,10.472255250280336,False
367,118.69487649068104,2.283474160606366,38.59616376580496,8.428601598851833,False
368,118.4510249464,2.532846650299528,40.031127110183895,2.0061305508095346,False
369,121.6271491946767,2.2630086072232345,39.84064300771027,6.608019543350945,False
370,123.6175940905045,2.3125715840364784,40.34961480371416,4.044835816496088,False
371,121.03542077223804,2.203507380334612,38.89320306857862,4.2030011598784895,False
372,125.11977783035466,1.9947203091769612,42.52206452937564,8.645652422685547,False
373,123.65606134595625,2.1019723303521243,37.75771017586171,7.259469815315138,False
374,123.6096422073592,1.9576180560037448,38.35929665788584,9.177289384549558,False
375,122.71776115410468,1.9442580064446255,38.38267113248237,2.7038509828115367,False
376,128.21572461107286,2.280349783863949,48.51104671058417,22.740327171915176,False
377,120.36399876451526,1.975364403582408,36.70509133355559,4.366173489287833,False
378,114.7890808945938,2.2639108013446725,44.052785086326175,21.705423146221435,False
380,119.58113176403384,2.259276604023351,38.10941793108204,3.6679029596422974,False
381,121.3344293774634,2.1022634862074074,37.93435118500778,4.343685732820937,False
382,125.05960712306764,2.481323106730129,40.594720289635774,13.924741550714028,False
383,116.03299542271732,2.2647437791158134,43.53025236005252,15.192191166632078,False
384,117.11989363627096,2.4471565785988285,40.74816585346622,8.72468530927737,False
385,116.03603839493157,2.048870656714961,44.83874692323663,13.316886162879934,False
386,118.53817750092118,2.211228668048834,39.12321191050127,6.87449212396426,False
387,122.36287347865267,2.0037825683767445,39.313863451961495,4.827932779989164,False
388,122.6249823127196,2.1172789514511168,38.84510274464643,2.874795533816824,False
389,121.85644995591852,2.1475791554510746,36.338679084921154,4.169246025206553,False
390,116.62042575993368,2.0548283558625724,42.10189188687724,14.55271336463262,False
392,121.16849611471018,1.9172965352694693,37.865688917265935,5.013754931359603,False
393,119.53749429572116,1.7320503768585207,37.5018929833107,6.215621756288642,False
395,123.17605624128592,2.325498779334369,37.296687929646616,6.87418933352604,False
396,121.42854843938191,1.880300293597344,38.05951620114054,7.342774989522507,False
397,123.35641256466516,1.926375430749339,39.96572989581275,6.006895734321851,False
398,121.71055525975672,2.558179714246583,39.29094977107864,4.883852477054044,False
399,122.64320058736456,2.0727007900303493,37.60060571221985,6.168888033519858,False
400,118.81551288510336,2.264209201832968,39.07291273400221,5.3993417947884765,False
401,120.44320461712248,2.328463429300099,38.30759570643167,4.921443601292186,False
402,121.61000589963656,2.332505225956256,40.09312774687571,7.017534297202206,False
403,123.543638273794,1.8955371538783885,37.49769196796496,5.943840817693828,False
404,119.77940236610382,2.153788064020102,37.14333557985969,5.721619663186443,False
405,122.61561849276956,1.8763545460963216,42.22005032567628,7.460171838108912,False
406,120.17589974506232,2.6892635717820648,37.79438460149867,3.8712139378217056,False
407,120.6356192812828,1.88102494719688,35.570918174923776,7.3277568638289186,False
408,123.57150903027464,1.990431956226036,38.69746972605986,7.652909153925895,False
409,114.82151284973212,1.9918798290316992,42.79867957462191,18.247063342764225,False
410,116.98093578296825,1.900667904655424,41.86682990593052,7.038026182198367,False
411,116.40522526792724,2.4705187819513093,43.69735025283041,11.879320553647377,False
413,118.89738023551897,2.1048501761374765,38.36068107335004,10.063508991619909,False
415,120.11685939421402,1.752614900254796,35.89630610820948,7.612788905734673,False
416,121.61314925401976,2.15117825629558,36.36466686583569,3.034284512815056,False
417,124.37657423980346,2.1367269153677118,40.21172605508862,8.949476017175897,False
418,125.11582701002985,2.0697407747279715,40.74877174612121,13.448429432196772,False
419,120.78567240234896,2.244275050795246,37.628079023489605,3.5293839659303483,False
420,125.19611625766512,2.2790346285630974,40.23075074729667,13.196510071793444,False
421,121.28559264114574,2.2646166515875805,38.29655142616681,6.621851047577443,False
422,118.40406550613488,2.136775025606303,39.28854968648256,8.080581495808241,False
423,127.88205466522444,1.979675634085148,49.49935131761064,21.431294950250106,False
424,116.41033681104844,2.3331666195613434,42.8948211519881,10.698792072118284,False
425,118.24678505342568,2.2025027518843063,39.93633945349368,11.226288048510373,False
426,119.89014826696926,2.3776715049669304,36.39079003035935,6.831658587934624,False
427,123.49111356007369,2.3580151098944464,40.005611306358574,8.019147006097375,False
428,126.33438647661455,1.915647586190577,43.83012307566963,14.375073157076606,False
429,116.71523730233118,1.91315555850848,41.82244430262902,11.697673077587936,False
430,122.21776515160576,2.0488918562518945,39.688993121490434,6.031996000505941,False
431,117.77431378861164,1.9887469183418665,39.35384511408304,9.601531838013113,False
433,120.59363138286804,2.270261935197584,39.91414768884277,3.771101509421732,False
434,115.32419193987266,2.4198367987570624,46.065875138363104,13.688644762966948,False
435,131.8288461497225,2.279297363482184,49.47026379482396,21.97465870183328,False
436,119.12449779029292,2.241729916374674,35.93167065918053,3.1114150475985825,False
437,119.34490926104198,2.439945956068834,40.005136966458544,5.543807983476703,False
438,117.68376752500195,2.29394546794701,40.56422810194137,8.081628562668733,False
439,118.97172184226858,2.213620192687544,37.93630399066078,7.574190864978799,False
440,122.32646036615424,2.496090606786137,39.91272040953745,9.582758353466298,False
441,120.41334254309714,2.223036176630558,36.95569018864159,1.6257362546921383,False
442,122.0188522070757,2.139131879016416,37.67697132466964,9.884272494557017,False
443,122.12195774717942,2.03243534824447,38.9592910946324,5.197733412933425,False
444,125.09405113213732,2.3406050918090826,40.239792346862735,11.727275631522115,False
445,119.93736293232044,2.447410108368494,38.10609827578428,2.907038038677265,False
446,116.42174076777825,2.189882519713314,44.02717901052062,14.430216142528357,False
448,119.97238666649852,1.805996993605685,39.8539718537726,5.452808125858772,False
449,124.45523657818988,2.1889093250384173,42.10018822388527,5.697499215625818,False
450,122.18846905086566,2.191981017579113,38.32080074541852,5.834574486013048,False
451,120.59347365636962,2.0546011255185306,34.9985942177098,6.86491609907441,False
452,122.08120527154352,2.676772207596375,36.819677080847065,5.1602222863066585,False
454,127.43863964006664,2.118453845679113,45.10501084484937,21.8621289717167,False
455,121.21508151891162,2.205192422686701,37.58547684798798,3.9981097937144554,False
456,121.49659083928292,1.7994372522948343,38.494277339360885,8.31702719329595,False
457,124.3363444881458,2.048026414931017,42.35930470407775,9.181978522470953,False
458,118.37845079842124,2.396647993889081,38.76442884219488,7.699898052201284,False
459,122.0325181551166,2.074210929013445,37.39800660113391,5.761197132171069,False
460,120.91982517134304,2.034224967439946,37.933234664248886,5.333949727890699,False
461,121.9731154555184,2.46190512730288,38.66451667250227,0.534180413767916,False
462,118.41655670155684,2.468050880190366,39.26779856516467,7.183500590134332,False
463,116.0723407707422,2.3033980944322288,44.70605045908326,11.107140621732684,False
464,114.573751348427,2.1089765331922665,46.04638079806863,22.743872940355136,False
465,117.53610924973222,2.1521057869767355,40.79588782194671,12.413046379697018,False
466,119.57810661668806,2.039170007685009,39.0235682978925,7.526306109392813,False
467,120.09110608138884,2.0010453761942717,37.66143674128583,5.036042723407032,False
468,127.0054166035315,1.9911167023383136,47.02592920556176,15.907531624143113,False
469,124.42857944671262,2.076389118642959,40.77978064854749,8.064901055423421,False
470,118.01751753934096,1.993055801863051,40.982443785288496,12.004340192058049,False
472,119.738057467314,2.243880533950781,38.83967571320983,1.28174346119717,False
473,120.1184721020757,2.246919116178688,37.34885083175598,7.42929646830884,False
474,121.57450951318768,2.5401585516856637,37.2526102430149,8.166477329134098,False
475,122.91943046262372,2.06633232632906,40.40224235009395,9.641984460913164,False
476,119.94829869995957,2.2592201179246545,39.06950021526792,7.559987676651094,False
477,124.2979397514765,2.2625425158549604,39.06295473687204,11.289629698275204,False
478,117.45999149895854,2.1492324877748934,40.99208769328935,9.68665580630775,False
479,121.01965109332303,2.348866717749936,34.91417608680708,1.2551734732799171,False
481,121.69154720213837,2.2654822190395083,39.35454823681866,6.548371404071776,False
482,125.44296497047914,2.148872058990441,42.18009703503452,11.851965097640766,False
483,121.28371255233697,2.128493978289093,38.17099488928362,4.884583858718473,False
484,122.80040899552236,1.9264492202405883,34.791828340778466,4.502691118770448,False
485,120.82397209738264,2.038816444276462,37.49688717737297,3.307541425658103,False
486,128.45295395351465,2.0755984952196624,45.58666434305208,23.084483000234997,False
487,118.5836045701512,1.975205647514113,39.88944955016456,10.804896508460237,False
488,122.3339342127684,2.287984793337533,39.64252613121337,5.817753620030333,False
490,123.06331423257164,2.01838751353417,38.72124588050178,4.82641265944609,False
491,124.36438971378232,2.256688287148928,38.75845333393212,10.38258356605645,False
492,122.1362473624354,1.9931777720940584,38.01815477417596,8.99520375009148,False
493,120.11262892597736,2.139015565812168,36.533186451945525,2.5700611161593145,False
494,122.40729329585696,2.061934084164445,36.03347321677703,6.774544316631928,False
495,120.04311352780611,2.3203791297212883,36.79070579740313,6.5446133632592485,False
496,123.90019608894195,2.0642423652315647,41.81174059809431,9.14635045229959,False
497,115.32264113893312,2.4023320827413297,44.73939923824635,19.6026948419792,False
498,119.9596171588322,2.1508558452675604,38.52396779229358,9.447273362793922,False
499,114.8284828151156,2.070079258081034,45.71173223337368,18.08704953920513,False
500,116.36531142629566,1.9493389475309677,40.39795807326215,13.997148338426022,False
501,125.22797291242313,2.2506409020590703,43.14961315100904,11.616558272743806,False
502,123.77507344411222,2.3790436804452364,36.87036959463545,6.694342360490485,False
503,118.76961127681714,2.254664251307375,38.37318896860112,7.455668747849364,False
506,119.31516392540884,2.138494447056597,37.680097485726094,4.5192911113616905,False
507,128.50328653796694,2.1363945132385864,47.996498023612446,24.0239928890668,False
508,122.3481412415373,2.2939393438970708,37.35842537753336,4.969895584164963,False
509,119.26532591324658,2.0323961639148638,37.68861533729028,4.65253945117049,False
510,122.44174864945094,2.4332576613064973,37.45227907330099,6.523248913918538,False
511,116.16102910571723,2.272320104368717,44.41251681672736,14.189886743457365,False
512,120.07829757563734,2.2512917821717067,36.60921416741584,7.358420817362277,False
513,121.30838016634878,2.3373907335541637,38.412194688709015,3.6038019529438574,False
514,120.73308797935476,2.544565976673812,38.22145939427158,4.127725205533018,False
515,130.1829080323798,2.234191070437501,48.76874495231895,27.29565561644016,False
516,122.06840020133176,2.1773919258257237,38.07805394458726,5.286975504833469,False
517,123.0718106561348,2.501743924664516,39.97279812422904,6.759588743783883,False
518,118.86604592508463,2.3935100831982274,38.7779410191242,6.461118927195008,False
519,123.7832277660727,2.135804031923256,40.26890878008461,10.063983434814432,False
520,126.04970453763436,2.201037289731804,41.65607008840772,16.351267064450354,False
521,117.99253648908062,2.23907618318776,36.56010259011409,10.480788260447842,False
522,118.24814346728486,2.2723625889209966,40.156808072497945,7.900928493405784,False
523,125.14093144259272,1.9286800298121771,42.33294697054666,9.543931267059444,False
524,120.40683364124531,1.891503078439688,38.69555922551228,8.981051062947987,False
525,125.35184631540632,2.0225219955995093,41.48407232846037,13.455485279735974,False
526,119.62813929313424,2.007052311397732,40.35067932366278,4.991048565019252,False
527,125.5106412864392,2.0712351972055,41.87825349882646,15.026315494419867,False
528,121.40760603209692,2.326942128418001,38.58369411460247,4.240492998098345,False
529,121.80050935230037,2.1662141687350527,38.91400644159177,8.104621794150562,False
530,125.8506258671767,2.239278921002038,45.410647894405066,16.243740675993845,False
531,119.87851151992308,1.955139317991548,37.86456350468117,3.889390477636839,False
532,118.08252150263264,2.1076715594158117,39.02341899407431,9.284429049650164,False
533,128.8229730656402,2.317451532348968,46.77526823550856,23.336289144356336,False
534,122.40223524699373,2.3189904916353603,40.45065512000176,10.856519769983077,False
535,116.1461468762404,2.0550852343624184,43.731010011509866,12.035589427956433,False
536,122.97615979821848,2.2323324772759108,39.448125098243466,9.288654868121483,False
537,119.329808915385,2.639769570696467,42.66541393072913,6.209295824958351,False
538,124.55821924827404,2.1964804141488727,41.207961491675526,7.272731527772681,False
540,118.56164609717707,2.165247522127568,39.05335069869973,7.28563246048357,False
541,115.77194873117428,2.218435421505367,42.74593728378017,12.75449065739549,False
542,118.43868865427174,2.1697663238618903,38.92864056518878,8.089240409232609,False
543,121.76776429343772,2.1937290598647,37.60631515868016,7.226149289044579,False
544,120.44439746110577,1.911310640612632,37.3047810114825,5.760624206146826,False
545,120.21452953626115,2.00747390498281,36.32446478990733,4.386433577470376,False
546,120.50652689872182,2.1701329525857007,40.123825578144704,5.003133565616553,False
547,121.63050354592184,2.166946405995513,38.47596009648231,5.330504774589442,False
548,117.87353826997636,2.086762145028,39.857334203736215,9.034078124469826,False
549,123.19123388678706,2.1645972827847126,40.04126048662333,8.989205529567434,False
550,123.054264508195,2.2122029710828413,39.54078804462274,7.193686465803951,False
551,122.19361760673392,2.3778826913049054,38.6718370106078,3.033529452490365,False
552,122.72525367252892,2.18015765295479,39.54532754620327,5.173365045322573,False
553,121.91889580250684,2.2798206410596507,38.35987645597648,5.810969320256251,False
554,127.3087272384663,2.091679939713216,47.62729655534974,21.265850300691152,False
555,120.73000806973722,2.3144191447196967,38.99508303247065,7.691421713761905,False
556,120.0480420231628,2.275146059522472,38.41090363326872,8.889080545398551,False
557,118.66406450089212,2.3731634006359643,38.91393798277337,7.357975484998006,False
558,117.7999857212087,2.342692092488898,42.24233724647309,10.234319418018613,False
559,117.14213745843666,2.3177471245762296,40.65301074400599,7.645609270993489,False
560,126.9638276365924,2.180316518268444,51.074001306104535,21.61664275499384,False
561,120.78089081687858,2.2489878454088936,38.54864287746897,3.173801299169211,False
562,122.03631489834292,2.412701785690305,37.44384347713331,5.457057527050591,False
563,121.1585403815117,2.0695850861194414,36.95536061066044,10.965490207256526,False
564,118.6268406399679,2.0743184442606277,38.77900714945295,7.747912920599612,False
565,123.79057214846188,2.2362862795900726,39.07332253234137,6.2843074040773,False
566,123.29217928413294,2.283055938053091,37.26032916140328,7.813729166032893,False
567,120.50509024699174,2.035178700147199,37.206942238721936,4.3032846277481696,False
568,118.9759599515394,2.1850474873173384,39.247372265934864,4.808444526220996,False
569,122.70012655457238,2.181200245154243,40.28162132573685,10.207615718988702,False
571,116.51080549581336,2.1560812021482483,39.054235957331,12.910023141238758,False
572,120.78926120644834,2.1685364334303068,38.8434652137882,4.471079542217334,False
573,121.8123110174306,2.1679414114353963,37.41956949992417,4.840447198516513,False
574,118.21094616188796,2.4831828549154538,40.30034478570934,10.85330300616451,False
575,121.58851451779609,1.956840340298225,38.057821017310665,5.903719589742539,False
576,116.49005029570084,2.035075485759078,42.22422827985487,6.461546445755038,False
578,124.86864495368424,2.103816666765172,41.26345943033592,10.786063300430628,False
579,120.2171962636608,2.1208712891748,39.882538435435166,6.066874702265461,False
580,122.12670844730113,2.098004564733149,38.25372558033773,7.709035319353013,False
582,117.41532225317746,2.372123504467393,42.04885882628359,11.11659646565958,False
583,120.0892853475284,2.215571344853461,39.04962747106857,4.685215824385905,False
584,117.67638763357674,2.1258773892920275,38.10760334952458,6.729628591248437,False
585,123.21462909615504,2.4052379336213727,40.53063050038811,7.44904599653684,False
586,127.19161924531878,2.19604842803283,45.83868107100415,21.33771994697237,False
587,117.35249436976916,2.0363459922163085,41.857390876361656,8.62567920197006,False
588,118.40386344733592,1.8567502645030896,38.21849081680475,6.175728159869934,False
589,121.7298899417608,2.1117371012208634,36.57660639566416,7.70639535920113,False
590,125.99446006034884,2.3509287234345217,46.05712424265288,13.061855063278792,False
591,117.2106396311263,2.6553077379086183,39.91495745425239,9.44567436553136,False
592,121.77201197915151,2.2123220692378958,39.62105917987703,4.699626754985844,False
593,126.64602643752065,2.046928896975939,45.16702161516751,16.233701222731764,False
594,115.87954664064426,1.9630069583431573,43.22203329730601,11.386752529654231,False
595,117.02868545877791,2.31039097926112,41.41141707114157,9.695222501033603,False
596,119.6868195199714,1.8470767895231464,36.68795460859748,6.241254276960315,False
597,119.38617592014822,2.3100690202809777,38.555093501864086,6.535701934980483,False
598,123.5190639920363,2.3635423212525826,37.98848793904949,9.621175988492055,False
599,121.7491451314446,2.287255890646573,37.60939112154458,8.891271671958627,False
600,115.4976176151094,2.156067665612289,45.8636560532624,18.67039271700637,False
601,122.59777224899253,2.312988130709363,38.89208063464808,7.831346185618183,False
602,119.20962944919748,2.23418767422566,36.77837222747512,6.039303625755629,False
603,124.95078637251784,2.044375231627882,42.540851416468016,9.479218303527364,False
604,119.05447863704556,2.5700824644750053,38.82348205173479,6.558737702565216,False
605,119.02649262238307,2.129664124077897,38.15200005235971,7.675755641896458,False
606,122.67750799349405,2.355150460089982,39.58976647009362,7.746593390549517,False
607,123.3650720952445,1.7162771434608572,39.01321563538482,8.341610999176588,False
608,122.38910802820224,2.455294176556186,36.90915690320607,5.645133994291061,False
609,115.77464831610708,2.4937527489309166,46.40909867336424,16.25154333282716,False
610,122.66790676377758,2.205966757425328,38.58954717822581,8.569327300087904,False
611,117.79364503980936,2.311754206947552,40.15595590293572,10.470553975487014,False
612,121.7293559459236,2.3117030363215125,37.59039449783814,5.325361228738488,False
613,116.58642325026292,2.0714432860718555,43.819480600975226,10.43356838827552,False
614,122.3835986573835,2.3094244610878683,37.7388138932523,4.240642719812296,False
615,118.49954339664714,2.038273906025489,37.36702849310012,6.093985644012676,False
616,117.02383258419238,2.078248615270935,40.59589864961189,11.221910438967964,False
617,123.21284242309544,2.42538862864246,40.80207473027043,7.901462188063514,False
618,121.74909801719792,2.3949315381400407,39.205224334555616,2.708790339685794,False
619,119.09667191568202,2.0587248995768417,38.46546436678396,5.510339522902992,False
621,119.6339774931338,2.0708806795084658,39.38284874510675,4.143714292057313,False
622,121.0995337893099,2.3465279132930985,37.655613361822176,6.027885332138284,False
623,121.83363168780366,2.000003043837921,37.93720438236888,4.859115874077158,False
624,119.0790356042013,2.2713425278071906,39.23993597771285,5.117037957302612,False
625,122.4605225095398,2.349369362126859,37.38783468562897,6.047684421958243,False
626,119.34629772378936,2.18235090994138,38.6074974531979,6.902488552620793,False
627,119.72392120112976,2.402012739372985,38.75931033620103,4.157727048211282,False
628,125.22419218339036,2.1391379661020418,39.73257980229646,10.98436633912898,False
629,117.77418323721146,2.157228879801217,40.043180213821,9.730651742364142,False
631,125.99390468453689,2.4034354695240414,44.82308690556107,10.778941402578347,False
632,128.90291665308172,2.046695910604226,49.342494065668056,24.14014176213418,False
633,119.74366527710708,2.269954363543012,37.8512851002934,4.958135285873017,False
634,114.99580207407745,2.185736786574813,45.30480535982967,15.31264273179874,False
635,120.03749967379258,1.989443387377668,39.45190176624694,4.863570806447419,False
636,120.11270885549392,2.078179371235336,38.1165922863518,8.638941368519708,False
637,120.411236092831,2.476574447808147,40.41118448579276,2.701988091826221,False
638,117.54849707004227,2.2403315085268964,41.48170934108979,8.832556148619737,False
639,122.79663954167708,1.998169931726632,38.1768511089515,10.3811484280668,False
640,122.62597286338686,2.2610656574697385,38.89318961107015,6.900772871018515,False
641,116.36734257856016,2.170777193681092,42.26124380039247,12.012855928343946,False
643,127.36332344403226,2.2570247682684546,45.176357728463216,20.187948604626936,False
644,121.53307703055488,2.1238750305867278,36.991712876968414,8.521426560368964,False
645,119.95429199758765,2.484005583557421,38.83296804390944,4.574104975001482,False
646,120.55979003533668,1.831792766541431,39.63611604219825,3.828365147058369,False
647,122.90729597760254,2.21886403127622,35.937751973178386,3.853485688880164,False
648,115.63491802292762,2.598885698936215,46.119315597343046,15.470319079016033,False
649,121.50961117922964,2.176760143128049,37.87495911492267,2.620090241244504,False
650,119.7895617566653,1.8533397910703844,35.873297912485675,4.831619272163114,False
651,126.72825754016374,2.1208164071178808,41.31659938376126,14.958028518145284,False
652,120.46006452520464,2.4909036081918075,36.07593478417659,7.342870280374676,False
653,126.1704515944705,2.2752139192641545,43.85576901936875,13.59079625576998,False
654,117.57840383687578,2.0322287780974966,40.48994301761986,10.051729729437906,False
655,122.82050341708866,2.062951438564196,39.55229175728103,3.31220663886275,False
656,121.9901408177528,2.0880599457700377,37.50135001374639,5.792995807103472,False
657,118.30595353161918,2.2722395768107995,38.156282291854914,5.454255649692884,False
658,121.54992795537451,2.467639226587731,37.529520262383365,4.497115114769105,False
659,124.75880839417796,2.4104846025598343,41.15199429269645,14.346309081536772,False
660,119.99624571671154,2.291202436421826,38.52165961891024,7.323764248184654,False
661,115.75491578757374,1.9336710479885035,43.02648573794338,14.58483403102565,False
662,120.94555523791992,1.934413497201312,39.17253284150191,11.279027109829356,False
663,118.20248840614322,2.306650404242753,38.91391984266664,6.200292979507788,False
664,119.93874309014195,1.930905780413421,37.11714599929634,7.808104305995682,False
665,128.84379505936332,2.1548865957862797,46.10049594047312,20.450348225838265,False
666,115.7124781303519,2.260830089237236,45.54802748325493,14.521807393171338,False
667,115.9914591481059,1.9724812009274624,43.34617053349739,11.41911798743915,False
668,122.49440719012912,1.995147533128228,37.588448072989415,6.47046273614103,False
669,119.37957204187398,2.181175787086437,39.78161316442792,6.225368850416394,False
672,121.84434624135014,2.3214106869541107,39.76083772568713,4.372034152643435,False
673,118.7869880454869,2.2147313189984392,40.424334156127166,7.535115989620188,False
674,116.91782634571943,2.05076104928859,40.878779506458656,12.591503996811326,False
675,123.59100447857443,1.9858186008310963,39.51155136037753,4.731536175894748,False
676,122.08298692993732,2.097824582334171,36.59072133327614,4.188513992463953,False
677,128.3860670763206,2.2819871169961137,49.73545216202949,24.396231237467656,False
678,122.3025846560473,2.267324741325469,37.55923241309393,6.991145872073258,False
679,122.20187973791224,1.7800196028549755,37.79404153464056,8.40593197179232,False
680,120.48252341666344,2.0428645943465,37.084048502351926,4.883552087422534,False
681,123.53200518832246,2.4409015103212317,39.03720520955797,6.842572614757366,False
682,122.93776412386929,2.215843009560828,39.51798704809045,4.856292972508236,False
683,124.8803475265521,1.916598217379403,41.15722184032819,11.096953699523011,False
684,119.3838989522244,2.67116423631963,36.15090701417469,5.549600518791098,False
685,119.65023683387372,2.1942116535370477,37.43085259865084,5.316989912252069,False
686,119.51478017017286,2.2768667918626817,36.51007398911486,5.793669118830954,False
687,123.45148533565488,2.2799049512090277,39.63942997098109,8.351516440797441,False
688,125.64496076491989,2.126480906767963,43.40095788495235,11.680393126635158,False
689,119.57759447123716,2.0544852636357214,38.778624935826535,4.441032751962361,False
690,119.6832014438414,2.624334997013188,37.35784514496109,6.6271614067802656,False
691,121.97363939399638,2.4006411739235505,38.52946431516974,-0.2170865292373385,False
692,120.23813934996,2.3643874402217357,37.51654643051793,4.2561625475705736,False
693,123.95136632473366,2.3152578383436424,38.43663081553448,6.061209065096154,False
695,118.43721435455764,2.455506038348055,40.50836753802771,6.660982343738418,False
696,118.57450936471952,2.0313734683976503,40.527825186211885,6.193691068633923,False
697,113.80689636160297,2.2566573596301294,48.5921096095564,23.216876261471075,False
698,118.01272082245671,1.8721220189070864,41.496415121109415,7.1921352955209565,False
699,118.16301604087762,1.7918282298704962,39.1290082298234,7.251935794019472,False
700,120.37657557099162,2.263658240530623,38.93505648211064,5.520540086343559,False
701,124.45019426414682,2.0381801465610185,39.95465844098067,8.564467335561147,False
702,120.24031198130882,1.8021664857405453,37.83579088199394,4.586480900693156,False
703,117.80447746715944,2.308121900589416,37.098968922130254,6.854677910210649,False
704,120.82344092223806,2.624016154210158,37.61437090500485,3.018721480790042,False
705,124.2524382264682,2.4779120517160127,40.44565492855868,9.017634151368568,False
706,117.9745276700438,2.148536422946865,39.48070171767974,8.986259955358776,False
707,118.17721785984352,2.201769061339389,42.0360262708837,5.2753370305857565,False
708,122.7315017737501,2.377541251356783,37.14837573542708,7.693223126598515,False
709,120.31323804123453,2.4244256039669816,37.371105629126525,6.816765211469614,False
710,123.00720254119938,2.1312928562348605,37.710015256125786,8.462011077218415,False
711,120.95769494543458,2.206835543144915,37.26748366518708,5.77041566218176,False
712,123.17515730907766,2.2601229613529075,40.38172503205439,8.066414252280982,False
713,117.791257846474,2.3107752640557666,42.18656709834426,12.955158277433924,False
714,120.96253758255637,2.173384711597747,37.089278361003934,4.627600159785396,False
715,120.3468609554742,2.1759829509862514,37.153940128986335,3.362492862329264,False
716,117.2307381352772,2.475966465950878,39.62134645789572,7.257853473578002,False
717,116.15321836160706,2.4419041404885773,44.86625529753295,16.757732755033437,False
718,123.12582200935144,2.2954821146872177,40.45151195638866,10.142387516932516,False
719,119.91204761512428,2.543821814004586,38.122624546201074,3.8575346274398417,False
720,117.83093112689328,2.1227108475547167,38.39453049974972,7.333139588783615,False
721,120.70184529553768,2.5245946897258764,36.32089583502134,4.615530708418331,False
722,124.49685845778284,2.30850308870711,40.91198248172879,11.805894732895942,False
724,124.0702777441278,1.9615036146435043,46.22683371356793,26.847317597674813,False
725,118.13905203012467,2.062130949556532,39.38300223929418,12.183035655684918,False
726,125.52965448683302,2.2837595656401097,44.61769400584364,12.974728664678436,False
727,121.87601964704982,2.2794468105957986,37.88606832422443,6.331978928951315,False
728,123.3786834454298,2.590027796835004,41.181319203411405,6.790645816866638,False
729,117.46550115070868,2.0663250633400936,41.59215003308354,10.457430095538802,False
730,117.52943878666136,2.380983703738777,39.24029144873074,6.538687119087795,False
731,122.3882225218404,2.432492600936399,38.04350290807447,4.27675754251629,False
732,121.18065042589988,2.34092956644413,37.839877096695005,5.411222082325184,False
733,122.7010903384788,2.007800731615136,37.39835079620494,1.8981052223726032,False
734,120.4182199281218,2.48155176105084,36.81363454179339,4.743680351965075,False
735,121.86224555200934,2.445864986263083,40.12236199598531,4.7683012835505885,False
736,121.49016916320583,2.319916903958076,36.7822896722819,4.7089815922895815,False
737,123.41107890616328,2.240869537441791,40.68089322751528,6.187600087251049,False
738,123.50172567402784,2.2452216020088747,38.809469074705305,5.498326312669995,False
739,115.97839681738552,2.1842528415521247,43.51429854635354,10.563913967760625,False
741,124.10541073271968,2.206226970588996,39.34346040537984,8.005015961698833,False
742,124.681947789112,2.030295004929472,41.720758302327184,7.331823894130877,False
743,117.83606863950864,1.9902816710344815,37.54194295444524,8.822475063249383,False
744,115.23451023970856,2.0495927492695416,45.88461148366464,16.273899890970785,False
745,121.30700794512232,2.2444264485098904,34.81164669129789,4.357043349270862,False
746,123.88559850168664,2.1946088327129587,39.53696857213797,4.016237264593516,False
747,126.57254301954636,2.24306875865775,45.942227735946936,17.36589077002825,False
749,119.84767824058434,2.0745358148166244,36.60419237353849,5.784959387226337,False
750,118.23129507308693,2.49313203366907,38.16589621898723,6.34729439778734,False
752,120.0722794179557,2.1133146030436984,38.43142702630227,7.690588651746848,False
753,117.85328949224066,2.2964772474664907,37.536879997264656,9.67570003840147,False
755,126.5340220464236,2.0418931100554163,45.14244618820663,16.546622443386852,False
756,124.52175091902184,2.396214559738367,40.360652162706565,10.293628147718362,False
757,118.1453637667917,1.852515614187578,40.47568582373701,4.66796770795124,False
758,123.65055990532156,2.4235148393866317,39.83644432439768,7.055616245747926,False
759,122.98284186944348,2.502227313271827,38.160815076209424,6.148754687213999,False
760,122.37189143503257,2.1261089324352507,35.89701277575612,8.183693296999254,False
761,124.87396232783571,2.258362553485262,41.475105511889936,9.490818718098438,False
762,122.96965054286996,2.4238174169702056,37.61449714262717,7.061066208566404,False
763,123.29404413254343,2.1066421623912963,38.40593505373252,7.470862420580964,False
764,122.97440947845384,2.3735551041052365,39.48048589684586,8.763985280546324,False
765,122.05645336480652,2.065770240973866,40.08807401510709,5.33651904282221,False
766,115.47080549788603,2.1044795413333643,44.676360044811,17.47299234728954,False
767,121.25922533997272,2.040132707135005,38.73506779829411,1.9842754670480964,False
768,119.2758049275677,2.268529439838961,36.7762035590172,3.173860104136444,False
769,117.03249303131594,2.4315938105131103,41.78222519553599,6.37103478650821,False
771,126.35988555674568,1.9457501680175195,45.91823795472445,16.53489779529243,False
772,125.2135838609164,1.983458635542637,41.20334755081716,13.117973523949944,False
773,121.79116159225322,2.2789198842741083,37.82357716400138,4.132090344928059,False
774,125.18693787495324,2.568823282678854,43.23315753639056,10.264916519735388,False
775,121.03736485986566,2.27874499986288,37.88066321909257,4.970498125405083,False
776,121.62867155838312,2.1226206898697497,36.64545634855692,8.081358450512496,False
777,117.61023875156783,2.353236793370057,43.84502914597906,12.4399419049622,False
778,122.2306730439464,2.152100272882651,36.93103175870344,7.238330780082302,False
779,121.18719637811569,2.1243429565271588,37.92359924046114,5.841202346519522,False
780,116.96177843781317,2.008308178860948,42.03828594760164,13.444758810488974,False
781,120.84128895336856,2.481689768849271,38.35344438493148,4.722715550128838,False
782,120.7528383520439,1.6921584165008674,37.76677273844016,4.478592200160772,False
783,126.5724396165984,2.359571840055854,44.59126984005554,15.823087119056074,False
784,123.77206131839156,2.107251012440493,39.38513984346866,6.029956081625775,False
785,121.03548086118354,2.1179318537096776,36.54956293996349,4.8679228197225495,False
786,121.77124066038336,2.5384630312235625,40.92614365311983,3.2851089714905086,False
787,121.137058372123,2.0571737815599898,37.71814450639379,7.154089604988352,False
788,120.3709666471338,2.063986169194318,38.863060541654,6.371495078619068,False
789,117.6444756880963,2.173921152216094,40.0420508347248,11.857008748062732,False
790,120.53173917941852,2.282769477162448,37.587046229078034,2.181106543095113,False
791,118.6870954043772,2.111628843541426,38.58481932558913,10.685558883110508,False
792,117.12402182933825,1.8852282138928231,39.29030596709219,7.4704190865987155,False
793,122.58478762509736,2.026860363823647,38.34373391750859,3.8022577931735175,False
794,122.21292044579305,2.456266771292904,37.79454877110575,4.535350663698098,False
795,115.46120671475896,2.2149553578271024,46.27219269439908,18.42205018456368,False
796,120.6196776237651,2.2902174567407645,36.47611177131043,5.679215433187026,False
797,124.08667429628976,2.1477157585653925,39.34577147568138,8.071369797990569,False
798,124.2835935905786,2.068100460765346,39.20406450419922,7.467703278005275,False
799,124.18009421294424,2.5355138899750824,42.10014933691967,6.125272934865178,False
800,121.12063094139452,2.162361628589784,36.87297042297371,7.357085053424325,False
801,118.38035948329563,2.111326024094575,40.24074341423098,9.119295348858104,False
802,117.64053363519,2.419228473271068,41.7441330518115,11.71976070617684,False
803,122.0682752047261,2.0555279282265237,38.06110683602714,6.353378610825547,False
804,122.175768106532,2.0810545312452007,36.51428043965171,0.6638560528627337,False
805,124.9907264459757,2.20204933680338,39.73029744826136,8.409356576218673,False
806,124.40993691606046,2.200054020817636,41.67578063396753,10.152939901137918,False
807,132.4310268079422,2.251922269580643,43.76013381117034,20.6008924885818,False
808,117.1429617755313,2.6183338178790976,41.782518244680666,9.34506061559098,False
809,120.0107695492662,2.2672496492704743,38.36394075739175,3.4463710563405345,False
810,121.67341670391262,1.72438920744984,38.59004004216821,7.159141698075615,False
811,120.37354193929283,2.265259788686312,38.69939918460114,6.204123406725922,False
812,119.20852826495928,2.20757599889792,37.492289595295695,7.275543165632878,False
813,121.78394292640668,2.2086900048702915,36.86701799989071,4.211254006460466,False
814,119.43773100162711,2.2491894618792343,39.46635584745147,6.389186290056596,False
815,119.05299514045134,2.1942643424650403,38.01583414934962,3.985036413313815,False
816,121.96550378634066,2.1894775813889225,34.6298904239097,5.279595982895587,False
817,119.75382300159949,2.3226088419541573,39.185032451744384,0.9404687896429866,False
818,121.75672360583287,2.0915838405611,36.778839060948044,2.4210000511130008,False
819,121.84693247084158,2.010462732872165,38.7650814555133,4.838660609479216,False
821,119.50815251601722,2.056828511243753,38.511425155843,2.557551280905772,False
822,125.45710851374103,2.220028582492016,43.664975167880414,9.790232580316244,False
823,117.39755351052372,1.9008679498249264,41.05501354079588,10.15403936205536,False
824,114.43837120819136,2.2232936830102847,49.53575205491177,23.63114386195,False
825,115.22828002494822,2.013354889862133,43.94806608210634,17.243590758921442,False
826,121.09024083438769,2.111505411429998,37.99111207526058,6.536919712244741,False
827,121.09584356190136,2.4090129331542247,38.87713100399266,4.561767969639972,False
828,120.63540634818212,2.294401913675615,37.78170899269504,4.276343966846246,False
829,124.76398846967837,2.313681904914964,42.61475871962022,10.314813488883791,False
831,122.22739501073556,2.567379033965803,41.02161216984083,7.103386222896197,False
832,125.84045842559108,1.961623737811625,45.91346506492657,10.34859661145988,False
833,117.50387962883568,2.505712162858773,41.055722278022905,11.168975539261506,False
834,119.82259981345132,2.404308773196297,39.02336119830368,5.759889643124933,False
835,118.66603505659128,2.315466548356936,40.74759918486543,6.6986176746296815,False
836,118.22752725715966,2.029003043818324,38.1476965054968,4.768641124073214,False
837,119.98858778442856,2.230317968963905,36.51945000840643,3.696435657636533,False
838,125.42520437942196,2.105815717871028,43.94148002393912,14.331289628832424,False
839,126.69589869401132,2.2058079143010585,45.493702639871664,16.158803580090552,False
840,119.95858840237554,2.1500255481828883,37.94414156567295,6.108545425641716,False
841,126.90568666359984,1.7922778986855186,45.68742998684216,15.735886413718244,False
842,121.11028707865232,2.424356830196918,34.9008219986646,5.149053325072827,False
843,126.43644218277336,2.183778568690128,44.25434778466613,12.937127370895144,False
844,120.71077418607418,2.103039920099553,37.03944258476584,5.419054333151355,False
845,129.26329273867498,2.0879345534340468,46.29629839619695,23.596725760772127,False
846,122.1329708651928,2.2716919152733537,39.57593706780187,6.258436025133028,False
848,123.63898528201884,1.7489648883051916,40.04622977355555,6.987588291758287,False
849,118.80747995715046,2.281425960641656,37.11102093708898,7.903169325769027,False
850,124.00389339785517,2.3038205995913645,40.75297862404506,7.956450009958861,False
851,119.87831913503854,2.1600736350644736,39.09501428100095,5.094478560541034,False
852,119.48177443300624,1.9704194249619984,40.12585240179952,9.62334156168428,False
853,123.81666421566554,2.2177871081778573,42.49906416299763,6.169879730488134,False
854,121.09636532209058,1.9070935263372824,35.80171410492326,7.256045285724634,False
855,121.8635853349866,1.9945538806624683,37.65905164547318,3.2671296101220006,False
856,121.0433541877824,2.049860412699168,37.03546688052669,6.444741917925083,False
857,122.04340769247683,2.368787814178312,38.46377325969897,6.9265347248875,False
858,122.31739428205206,2.127477809912617,38.399238508447816,4.837740898425829,False
859,114.9954025086132,2.110426717644708,45.62783533238089,15.50611084131098,False
860,123.06637527268956,2.5909385030822496,40.27526515868976,2.950644281427499,False
861,117.95573979852608,2.270492499437743,38.60701596380616,7.2749163940392,False
862,116.52887267976584,2.2677989020949654,41.044557585413386,13.196658260919964,False
863,120.81892514403808,2.1260598509582453,36.6757205303341,3.1639823377223704,False
864,121.2603411102748,2.080725666472645,37.54648518496002,5.407924426549776,False
865,118.85013088982592,1.7627187119965702,37.41965890130834,4.012461400777616,False
866,123.57619875877072,2.393748106384712,39.39695307439314,7.07849245064459,False
867,116.83925698425018,2.289661941151276,41.593454884464265,9.079740437111218,False
868,119.73847437880508,2.1641668013573176,37.32764866824607,5.608843458926532,False
869,128.61148704605392,2.172554659632749,48.28638144201145,21.228594969753047,False
870,127.58093453747335,2.347228852452212,45.193274469270925,23.935091221008584,False
871,121.86447928240644,1.8890579853840292,39.54585294777753,4.209703942409495,False
872,117.87553185616702,2.082023733689239,39.894141453436205,6.84190737537971,False
873,123.24527630011433,1.972739427421494,39.07762509134734,4.467986051898172,False
874,121.19530734183756,2.554301856497349,37.27677476462442,7.270567803271373,False
875,115.13496661473307,2.3751311063706604,45.5585351515689,16.555183571146706,False
877,120.96181019191914,1.897247674672005,37.46558635956568,4.016276927074536,False
878,120.3150013148623,2.173530865328503,38.77716465499595,7.102180375778834,False
879,120.67939764791863,2.1055119575855152,36.96604184163576,3.7893936506670216,False
880,120.91325438475631,1.9351235583846225,38.98842119156695,8.048347049071296,False
881,121.69923550248156,2.5889524475300982,37.35368708783923,3.743467696348704,False
882,123.93771379052971,2.262507982796516,41.005819544512846,9.177032116325254,False
883,117.55557480715557,2.2949632645726186,40.68936378516608,11.32203602890842,False
884,117.36688806200752,2.061597010153557,42.881130371284726,10.675194371285906,False
885,117.61069604054912,2.3444548294356005,39.02693584837041,6.6090449135243485,False
886,121.895641668223,2.1239134478035977,36.25744847422317,3.690070603099071,False
887,124.85933687380398,2.1433313652585,40.47570342344245,12.63620326866059,False
888,119.66284774145753,2.322200391965052,36.59336052331096,4.297029889853091,False
890,115.71762212590784,2.519405571970197,44.94678950963149,14.148689630196058,False
892,119.27104044876484,2.456188841756085,38.03406097884207,3.612651569092747,False
893,119.73399525551037,1.9849160486762365,37.8495575863784,4.60526041262086,False
894,121.11960148124084,2.015366975194361,37.22673802952506,3.5419244571747805,False
895,120.0335863744504,1.9676199556800376,40.3509500832073,5.955523689537298,False
896,124.25295279268455,2.250059534532968,39.3718169917796,9.080671056462192,False
897,118.90434635238776,2.213196660383649,37.24741405885681,7.616152276629373,False
898,118.32681432562582,2.107117636153764,40.60696856566168,6.769079821511693,False
899,122.48451416941344,1.9971861614229445,38.20434979986946,4.203886676256538,False
900,116.23950958322904,1.946680746053832,45.63610497726025,13.478979415393049,False
901,122.208044286492,2.190303219905869,37.63699428915534,3.754560933630733,False
902,130.07182874399015,2.10688264408228,47.27179449668523,21.2100148747008,False
903,120.54292828125368,2.062878601528348,39.4528177321162,5.055527560107887,False
904,125.92365593216272,2.509417897226322,42.65558872056804,13.065178999972971,False
905,119.07115691958636,2.1835348643614534,37.85269884006736,7.380286153326239,False
906,127.38692432862464,2.454008586785385,47.9381930137172,19.332388283931817,False
908,117.04124902059228,2.248955256759732,39.61398291880733,8.668381452096604,False
909,121.21675070108397,2.188904796748733,36.54336946341635,7.226089840589903,False
910,117.66363987901182,1.860475538096376,37.15152674209004,9.255334860826787,False
911,118.66955687177816,2.4856676612527826,39.96881524842525,3.905858986366207,False
912,122.23080323004802,2.172969278593517,37.9928974989648,6.399219733642644,False
913,122.7223044748154,2.3492836439265923,38.44179764760534,5.175624688636666,False
914,119.0712801292118,2.0495942555076883,36.619513947781705,4.840436209223952,False
915,124.06095594964384,2.167031123684047,38.63374623262908,6.3040497852767015,False
916,124.58827404986552,2.026629528015329,40.21130975818858,11.606364725433906,False
917,125.4525354453462,2.447199696552679,41.48749253606197,8.404328255412334,False
918,122.64118156208974,2.262281869490135,38.74575182051645,4.551405980475132,False
919,125.22662900746566,2.2734107053361776,42.68867497330639,11.680778323593914,False
921,120.01448969925175,2.431268259379805,38.18764858259359,6.59226126657391,False
922,118.31228370539738,2.353068507227257,41.039263615685975,6.120889838583035,False
923,121.36960016949492,1.915654530592508,36.95108833269024,8.153583062654683,False
924,119.22850742049012,2.0608641760966635,36.512970701568925,3.7236306263010537,False
925,120.48491068995584,1.9992223727977296,37.60037759868763,5.796999663237418,False
926,126.83474212863256,2.34550673872516,43.41268922244419,18.04226632460305,False
927,120.47386863109682,2.2341303883500103,38.0799742451355,3.622765367989539,False
928,122.28275618328966,1.9218975132738807,37.34741159180766,7.101338997606435,False
929,120.27996507723488,2.1622511573977548,35.57350626101935,4.405066356512658,False
930,121.23471119266618,1.9011775328562448,40.26895234529004,6.540051882671106,False
931,121.0186517093518,2.1893687023860484,37.30124630794059,1.7048903242778146,False
932,122.3898046045168,1.8689254992025632,36.29603741069448,6.512499464992493,False
933,124.61245336019626,2.305765498676923,42.03858356916999,8.984434069739777,False
934,126.10692139257031,2.275592525206815,42.79054347287524,16.51266332610117,False
935,121.95982225391842,2.5815896986693767,39.61989277080361,5.438877179126155,False
936,122.82759534671035,2.3695746578994688,37.78141041020836,8.742572777029313,False
937,117.43232002152476,2.1154171488355,40.09706789699726,10.619383403647417,False
938,120.72758209851158,2.3636140186548973,38.46460775519146,4.983707957376476,False
939,123.91489734113912,1.9204672238109644,40.64044302697893,9.670390966550135,False
940,123.68450277909318,2.007505479263783,40.58447099615376,9.231005392437185,False
941,121.65599017166466,2.2666285064150222,37.97800760282241,6.247242095395524,False
942,123.74782127466064,1.768350067450415,40.34831652466605,3.487310003329343,False
943,122.52137679788083,2.192567843013224,39.47852640844908,4.143240643943193,False
944,124.7209494006039,1.995947341576316,41.3067420573449,12.675713663010336,False
945,121.89701338656704,2.220261411030653,37.99156371620612,3.0953244301611598,False
946,119.8973352217298,1.9844527283905475,36.38860788221182,7.302230549758225,False
947,122.04110789649238,2.284849627491038,39.01738564728451,6.921627026129944,False
949,122.18694578279366,2.480073183376266,37.772244256028245,1.9021540104303,False
951,115.6572634370432,2.046271439007707,42.42367975306689,19.13892047630713,False
952,122.40048266291706,2.1506228288345435,40.56874458158323,4.246246235998164,False
953,122.48034094552706,1.9311527205966537,38.45315478707607,4.45790430551277,False
954,117.39647078156622,2.2812274509410884,41.26956665423708,7.849491410248413,False
955,118.79248367017529,2.317970049263055,38.55853088732806,9.213685426699058,False
956,125.2486770647038,2.693839207338564,39.80408170975052,11.05640002796137,False
957,119.4995065921247,2.0756328018791192,38.31383283475147,4.798796328473664,False
958,127.95305296844926,2.146441085264964,49.071056407014055,24.80633158639252,False
959,130.77991208058927,2.0848482951123573,47.109180833446885,16.349375855701833,False
960,122.26491214833192,2.242422740226245,38.09455744548893,4.013349500799702,False
961,126.01231063534568,2.2763381068959228,40.67681494557814,11.66833083580243,False
962,130.08713866758157,2.189325031114298,41.718903764496375,22.899863817743046,False
963,117.89273365985852,2.4172651833746066,42.79174841477905,8.611183949110938,False
964,120.6598448997477,2.0766040992490447,36.605158429386336,2.297275284553065,False
965,120.88960671781072,2.3972348095781424,39.85784536459653,1.81634553176564,False
966,116.76930087817514,2.3076995707282166,40.72342655442724,9.344111711913818,False
967,120.20692057884344,2.197594016020211,37.90118181037142,3.0651205214959454,False
968,118.69920450860796,2.137012671848571,39.97737591398607,3.165234717910768,False
969,123.86550904728104,2.685333551746274,38.74019848145576,5.984836460385203,False
970,121.10729680997429,2.0365982698515843,40.07241244968152,3.457776344777409,False
971,120.12333317764254,2.259586635393683,38.26752670332184,4.589896203167133,False
972,120.67083601507,2.0499561859515736,38.62294286456408,8.454451210883901,False
973,121.69167825705912,2.5571241497242614,37.75736302805856,4.860444366964194,False
974,122.91212401903832,2.377365265759841,39.66070439124253,6.161284200750128,False
975,117.90089209112492,2.0643300242317717,42.16541392459228,9.529149632016225,False
976,117.77107833887406,2.3025189986862458,40.12303400170124,8.398172947764435,False
977,124.42450556774784,2.2515391442553114,42.82861907235192,10.064824065622338,False
978,119.72175569616532,2.0966750476050526,37.564385319170015,6.305036241308315,False
979,116.6077895129497,2.3516328434456346,43.23745770291926,12.184947811532703,False
980,122.37581939908762,2.2778610782208824,39.05228202127524,11.118793217013057,False
981,122.43644639870134,2.24313974277719,37.06478652190817,7.653321493403981,False
982,116.25478270250422,2.1916160577515345,43.23171180012823,11.02570874921583,False
983,121.71139331793718,2.2862108985199305,38.12091341882273,6.080550312241396,False
984,123.28030758652795,2.245877532298492,38.03480676245903,5.515631008558461,False
985,122.1605980002894,2.211818666605004,38.76174046247304,6.519322153110245,False
986,122.95914259966032,2.0717968168024874,39.03458914961792,3.930527811525623,False
987,116.64676579591868,2.538753248152499,42.07477953632899,9.727945861094666,False
988,122.0262244804882,1.9899160113302907,38.14253936078144,6.222022208254895,False
989,120.06187874564162,2.2855272437759493,38.07660239073266,7.403596336593877,False
990,119.5033505079536,2.135951851539714,38.014781626829176,6.939010158345688,False
991,123.69872238920117,2.55190945388986,39.7840668809941,9.371908822508365,False
992,125.58575098309012,2.019303492555232,41.7893161812877,13.270444489270467,False
993,126.56254716926112,2.0529473476479336,48.26107716116705,16.357418441750603,False
994,125.07590440166832,2.0060363873476352,39.82272605303369,10.05753162094766,False
995,120.65982403694645,2.2646930101901224,37.26530143047988,6.785205326605712,False
996,122.09343250538166,1.925389868086272,37.60556608569152,7.565728667709441,False
997,123.37715090253116,2.104294301048447,41.89582764957093,7.057876431165068,False
998,121.37565164282832,1.7695268354291431,36.31487006951637,5.027230475486418,False
999,121.4053689825258,2.2480842708256183,38.58985027002062,8.281184446470146,False
1000,123.55363470881616,2.099957028248748,39.75754333429604,7.443566197473888,False
1001,120.8162237973196,1.9023886512136292,38.44111320846467,5.35562394613041,False
1002,118.73921049724164,2.417121880594812,40.731703330066345,7.908938436254332,False
1003,119.71513349590884,1.9384666203230123,39.94377219300501,5.591976790354508,False
1004,122.9651221709746,2.3593887380056437,38.26333125783215,4.992950188187686,False
1005,121.00927920271988,2.05979183520244,38.25224162713487,5.918164729755783,False
1006,122.05465092829184,2.5203142755790853,35.82137084592252,5.51566648414899,False
1007,123.07724565082678,2.3499101077852296,39.07810979973184,10.210506860159118,False
1008,119.8379914650174,1.9983904258251943,37.26487178760043,7.170644587935849,False
1009,123.3443693072524,2.016583489557939,38.96683768498448,5.9922072628337695,False
1010,122.17441207072102,2.3211050410448624,36.11245019234645,7.067949715611045,False
1011,117.1720794305744,2.147524373857967,41.74998866761773,10.913486646029888,False
1012,125.47114485267736,2.166131498595727,40.19251068034882,14.684807676464596,False
1013,119.44769129435356,2.45444777235442,38.72289569870672,5.046918806793828,False
1014,115.86920443612593,2.050262225326009,42.19705661509006,14.772256773277553,False
1015,117.76036450028246,2.218258754435091,39.20441905194997,8.685055426584796,False
1016,117.8347600018972,2.390925558730461,41.70527546733848,8.817671389767215,False
1017,121.16173728783836,2.36182349767712,38.77004829874872,3.5272776294895527,False
1018,120.15106343280668,2.1680774664958657,39.65251660389767,6.546474822326337,False
1019,119.95582090031417,2.1422188238294684,40.26751347054023,6.375740621391296,False
1020,122.92107609299568,1.8522369074958136,37.80722701883582,8.933611546429265,False
1021,122.0536136196974,1.988751001466961,40.19288552628774,5.569486462089258,False
1022,121.97974839899727,2.263671845314947,36.30602217054173,4.753472358196755,False
1023,122.27046821771894,2.172423562211553,39.325030123199845,7.264590640375552,False
1024,122.91001747080692,2.2149854157132456,38.161257653553335,4.967870033536302,False
1025,114.46534464048992,2.4078507219268124,46.184988361435096,22.207072850310304,False
1026,119.87024141798015,1.9625353781875448,39.07960880729822,7.704123853862647,False
1027,114.24134880008263,2.1527639395534703,49.27789751199176,23.576608026905937,False
1028,121.11178577307317,2.237742192682244,39.19259803563405,5.919957291562586,False
1029,120.98563778610452,2.059168012485097,38.27936323566458,4.275729068680037,False
1030,124.241150051848,2.486295422785484,40.48265629661877,9.084225460488211,False
1031,124.68166661743548,2.3817173603226296,41.6669537594364,10.666265079329044,False
1032,121.62860264958232,2.258026665417751,38.48182438220597,4.274030326014711,False
1033,119.4488806600696,2.5588463558657173,39.23307625693712,8.575010871305047,False
1034,122.5039994488918,1.900220944077972,38.76284245474263,7.093864938173614,False
1035,119.36345532429463,2.198454743778864,39.68484023648578,4.442173851341045,False
1036,120.9956827805256,2.273267393786812,35.88463395192892,8.777466508719373,False
1037,124.05702258257838,2.017088990641216,39.88532963787442,8.65592509746131,False
1038,119.2709088274328,2.260142908363546,36.8587459402717,4.167618917652471,False
1039,123.49760378165176,1.9786835012424249,39.73207804591299,5.805825794322568,False
1040,123.09994424294614,2.338111463654851,41.10465770977599,9.570206872833072,False
1042,124.01907179747394,2.254466680225666,40.170682433412935,10.308199683019632,False
1043,123.16555567065168,1.829440436987011,40.015151629190285,9.34805740925762,False
1044,121.31597025085524,2.0066412957667934,35.33392437257713,7.546512391516295,False
1045,118.63679728011428,2.312942000642632,38.54989633417311,8.212795173598069,False
1046,118.33646134241572,2.2042397287024733,40.03464675675279,8.308232759996791,False
1048,122.68204283620508,2.4485660767736483,37.35258794162487,7.588673177962339,False
1049,118.03756198105566,2.2273313012507665,41.361843948934784,6.862577443230247,False
1050,122.3562879707216,2.036185067199991,39.70858972368124,7.234552556526445,False
1051,117.15055786047698,2.398991119513333,41.74661874839895,13.15774368480178,False
1052,120.36738738823956,2.0644919974186204,39.23490064956897,4.947961936970267,False
1053,121.33990803917942,2.062309576479157,38.30505374926964,4.645267324173165,False
1055,116.73032146788688,2.556207691848459,41.600284227376505,10.346204822880257,False
1056,125.5632451561194,2.5247174355945776,42.73166188586512,9.986166852604269,False
1057,121.46451148336055,2.2719422997808216,37.22538809965768,7.456185997560681,False
1058,122.27463294584948,2.292477131770064,39.9999599596989,4.9118338072812096,False
1059,121.36687853150345,2.358299786416965,40.00763920086605,5.282162249475738,False
1060,122.37865313640522,1.9486032649261305,40.21203722442058,4.706001986766657,False
1061,120.52357617647776,2.3288296674303965,37.51939413493509,7.705277029201545,False
1062,125.50755556251812,2.0531853063712946,41.23006632164675,13.932354702955449,False
1063,119.58493945290336,2.2636956133593165,40.10059295640409,5.443433594990278,False
1064,124.50992717375568,2.1545064744785325,41.4173888916839,7.270051074724735,False
1065,119.00246192733962,2.3002416654228437,39.30499448136084,5.937388793874125,False
1066,120.813219276156,2.2236206930012923,37.18395343810724,6.295500593484347,False
1067,117.67691608790032,1.5853939458357402,40.98279802753605,9.423418178151044,False
1068,122.41057353307733,2.235778342341036,37.02687641472749,6.103687476735149,False
1069,125.47989046647226,2.328430590459853,43.23955315305232,12.626524150048796,False
1070,120.76019584255536,2.289185669667691,39.805204036952176,6.661839951721213,False
1071,120.38965433401788,2.179482810758284,40.20231401011664,5.250850153470523,False
1072,117.54468741448945,2.5284323383860814,41.54770198433207,10.233740328128762,False
1073,120.28919277398784,2.2622746258243325,36.31452630625378,3.501689924677194,False
1074,116.06233779486328,2.287534660038621,43.620240941677686,18.585494294465622,False
1075,118.17007824117164,2.4088983788101137,42.54344684271487,7.463627299680691,False
1076,131.18131324572516,2.27251859993932,43.90321108222133,22.664084663983164,False
1077,125.08894091299832,2.02039644931716,41.60134026901486,12.12808772359085,False
1079,119.1815862362802,2.104575819596384,39.529732394234486,6.372187124703929,False
1080,125.44943048560086,2.352189105176224,45.579638183993374,12.12088409801587,False
1081,121.7556326892451,2.129380733716439,37.17288556923511,3.66317089048011,False
1082,120.53113229508624,2.360235674456346,36.76168160197337,6.110262832174198,False
1083,122.34104280035108,2.229745635184055,39.98701014090789,2.695917034639121,False
1084,121.19194109940788,2.457613214052437,36.45346288808823,8.543040525566234,False
1085,121.34222674939788,2.140956658575868,37.76996782709796,6.747636383260151,False
1086,119.73416719523732,2.293522965313538,38.26717268339749,6.97514892090609,False
1087,116.66586005462356,2.301177012907072,43.47943550994538,8.47504915951452,False
1088,116.21476187218154,2.500320374526239,43.83621922521687,11.708671899717892,False
1089,123.0250591381718,1.8586725387331449,39.496374581310405,9.27505830911219,False
1090,120.14222972073428,2.1083183450893688,37.63870922616598,13.344878102572292,False
1091,119.15212441106588,2.369703221077701,40.330726947085815,8.66504115087087,False
1092,121.02636744284176,2.5091792959557297,43.23372420879468,7.170435814191512,False
1093,123.46428998403844,2.248014302528416,40.23466625619488,8.322904827318228,False
1094,121.55912822338183,2.141459167115703,38.19835123125096,3.699173857714421,False
1095,118.966229696413,2.3514236737348893,37.22274690021571,8.53850833479396,False
1096,124.80150816251174,2.3737405350463368,40.35059626400924,8.165718567891012,False
1097,125.89547505924304,2.128067664266539,42.99462542811608,11.287874805719053,False
1098,122.53312563150084,2.266061462435509,37.822124012085006,3.602960252354579,False
1099,124.01835688516668,2.436105452482394,39.98340403808638,10.242540428534616,False
1100,124.85007599012282,2.5780917986548904,43.57249962838792,10.278993091039816,False
1101,124.503307880854,2.3485209918470584,42.32141353635182,9.687238527637122,False
1102,122.90370744904914,2.208827779333119,38.590819919935605,6.439168237651509,False
1103,122.85487584593214,2.1891849647924184,37.18616024077533,4.265336113061241,False
1104,122.61094777737416,2.311479311438725,40.30951153888702,4.833914738066298,False
1105,117.59825320890415,2.17686543150411,40.482043315261,8.071348638874214,False
1106,123.17224178626472,2.2379280998044777,36.79364900987574,4.181506282569906,False
1107,116.79697668950767,1.9884247470938248,42.81254824272013,10.42489255091895,False
1108,118.53674168911232,2.459411439298232,40.66827382085808,5.269192260002155,False
1109,125.04105171020508,1.9719630545702644,38.43894083698621,12.01311831844024,False
1110,123.604682504352,2.113577647909397,38.42064057389227,8.830374853504082,False
1111,125.61093469802616,2.219518652170363,42.533767918981546,10.183337243295805,False
1112,120.1578094105694,2.598197375977728,39.1109068822648,4.884649394052712,False
1113,117.42802859204204,2.1154634030295347,40.13650498262782,13.192156683245983,False
1114,120.25464468908194,2.066796837207921,37.04043752612691,3.530994583241057,False
1115,121.31629702144578,2.0898366165332414,38.967329661854976,6.045627185832039,False
1116,121.24486502065405,2.5317794335222628,37.40437186792637,5.421477282024445,False
1117,124.51440948414576,1.637530601298796,41.42190733060913,11.59936226768654,False
1118,119.88006168248933,1.9994523975702827,36.83096725223934,6.200378640839106,False
1119,122.09130686258906,2.7462577418319105,36.50397622202616,4.7973713258617705,False
1120,117.93525583675272,2.3181764146983275,41.04823439779634,8.614281705953884,False
1121,122.39598356193582,1.978803010132156,38.757005306555286,6.0366724303303565,False
1122,121.00963650557549,2.191616403565046,39.1992128828998,5.025811655446532,False
1123,118.675578651318,2.2134909132135725,38.49627471216804,4.584715347057408,False
1124,120.26892897725796,2.369225049181121,37.083945371640816,7.748931048538578,False
1125,120.4290551858028,2.567900400564513,39.84064970959209,7.34031611024275,False
1126,120.162519099055,2.277710336255843,36.17445594388568,3.461521839753946,False
1127,126.49115785102984,2.092042339397408,46.26051812181864,15.18210638957514,False
1128,120.69481739284558,2.357416888419641,39.7371461329432,4.804934976525339,False
1129,120.24392205845024,2.060349460627428,39.24388021635948,3.2026931278451305,False
1130,114.49790203140856,1.9933325008021945,46.40685138638183,16.45013438885803,False
1131,118.2279572088636,1.8480182256087112,38.6290476841531,6.615351393928483,False
1132,120.18447238418533,1.88697432109992,37.87324625937674,4.755615405777472,False
1133,118.8738567038524,2.0207109687751457,37.31095518958492,4.043826527122031,False
1134,125.28329353947116,1.964442046459826,40.78605058158093,11.957568992608834,False
1135,120.48869289627171,2.262647305474944,38.89567026891282,7.500929210314093,False
1136,124.99417717288658,1.960119634835193,42.35391313194121,12.383728628656892,False
1138,121.11540629290688,1.991217645082107,38.88188861062745,1.707879290964605,False
1139,120.72473101209124,2.105628070455716,38.607264360916695,6.5863550027487,False
1140,121.01176838002652,2.078910102425607,39.96288259979929,5.478193594391618,False
1141,126.32826450945456,2.5039049358618373,44.98576596462467,15.94290804646384,False
1143,114.7952081922401,2.37618469263984,47.090077971291045,17.1076623860673,False
1144,119.31617042372604,2.196203480063828,39.89766989183202,0.7301984417453387,False
1145,121.04503643400646,2.1915390548654803,36.32719391814726,3.199146200297268,False
1146,123.13932371676844,2.0329239422303926,38.84860751808396,7.725332717503644,False
1147,122.46657031388516,2.188243469683847,38.42250466812944,6.003949183270515,False
1148,119.80883767007025,2.0469807746205166,37.99527596215775,3.386895047447804,False
1149,124.15903544904948,2.2340048628509144,40.77254371244901,5.9953637108876965,False
1150,124.19360574977348,2.1527500734752625,41.06849944154144,8.095934059692102,False
1151,121.57057927694186,2.01107441336168,38.5815575566731,2.9463663761709915,False
1152,123.9842384747092,2.398378867940119,39.7292223946779,9.306191240560745,False
1153,121.8452003166396,2.285368096004285,37.20071088275583,4.66831616294678,False
1154,119.25940261697306,2.1103874531715503,40.09287133135915,5.068863757199826,False
1155,131.16721702320302,2.229098609407062,50.805364263289896,18.622117577831,False
1156,121.3429006799939,2.1832354956996074,36.70166977687563,5.741086487222228,False
1157,121.00415352493891,2.0264818125473454,37.74820999124476,5.280963563263365,False
1158,125.56615607378768,2.214099245804233,40.320662302821816,12.881142264304776,False
1161,117.32008167823945,1.8754465339466952,40.23238871260044,7.97668149061978,False
1162,119.8738919925367,2.128278529292274,40.33896648052864,4.25611949477614,False
1163,120.2107146737253,2.313394131916745,36.63405333637522,4.668157644431412,False
1164,116.32729049190355,2.0610681293242283,43.72183794953912,16.765845903837036,False
1165,117.94601009983644,2.704141738431594,42.89462855747766,5.901609999813413,False
1166,118.33139079657693,2.3771371307305467,40.96717279256245,6.896460921905924,False
1168,126.58540003801616,2.359048602414752,43.38898335737728,15.542510523417093,False
1169,119.7235768051776,2.5705729949877147,36.58775552834195,7.810781789029932,False
1170,119.87289180004892,2.042599603305492,37.74446483332255,5.058484445083493,False
1171,117.43746760871628,1.6878525228682757,39.89905919447995,9.196444305244812,False
1172,115.08479571900168,2.110774878329424,44.76231018926143,18.99416876595032,False
1173,120.63767142213358,2.311643715109508,37.6046745475219,8.686300858963461,False
1174,117.90665885194352,2.230303394349596,39.97220586006567,11.22331272089261,False
1175,120.73696335184776,2.255094522193557,38.645996953158544,4.964573517587535,False
1176,116.03936186796524,2.4641820005339747,41.80460966363828,13.71869873465754,False
1177,118.6378791792382,2.2764115148925,38.340598314839845,7.241631735246732,False
1178,121.46074399543878,2.3597825855182046,37.839128998784005,5.553598636345423,False
1179,122.1352497531302,2.012087451629448,38.02940348898584,4.041115783432923,False
1180,122.29416307210025,1.9809212621567929,40.7558195922188,7.565728537841116,False
1181,116.90648414911318,2.5228227846048976,41.98843241526257,11.457462550184864,False
1182,123.64952576342024,2.220180307029414,37.44673033407882,7.571768611110572,False
1183,128.23914351962432,2.0753541633107733,47.24030288381589,23.070009542215324,False
1184,122.96185953528266,2.0757211012905765,39.556119263526654,6.6654562887949815,False
1185,120.9670201024836,2.0701753756723487,37.83757285148268,1.603277309654538,False
1186,116.73319875285836,2.058208195790832,40.42781475744213,10.466823755252078,False
1187,120.01978711579832,1.943370439479268,40.4968509095456,4.466400412113762,False
1188,122.13262760039768,1.8999159195558983,36.89137687420455,6.19428671528039,False
1189,122.90019267947126,2.160999124469116,39.65336495654627,10.03547132408672,False
1190,120.56293751792232,2.08141482593592,38.3020908826959,6.3534824493983,False
1191,125.74851456086328,2.4214318570886597,43.74169963137941,15.84390062516334,False
1192,124.12328339005832,2.258615330653384,42.36499311103268,9.840117826011792,False
1193,120.20437223916076,2.253063536015597,38.86939571122332,7.559159867242791,False
1194,123.32537761762453,2.05137591848911,38.46336033904421,10.62112534318409,False
1195,126.99475980408336,2.175794316844005,47.343961881570166,16.387510806654518,False
1196,127.0775022624274,2.272200220726288,45.30549813990085,16.613113387583645,False
1197,117.19320036945024,2.343239147942535,41.40080456878766,11.542843910410705,False
1198,118.12774735541284,2.181221634696327,38.13395506553383,8.080453276300018,False
1199,125.60324823887494,2.415824755864842,41.318511161177376,13.03513530438006,False
1200,117.71932874240332,2.201597861781589,40.434619529659656,8.494514270143359,False
1202,128.49187601021728,2.10202955828217,45.71321508294038,25.651499561718204,False
1203,122.30270279937122,1.837482326686272,39.01982118676858,3.704225987963525,False
1204,120.6825702095056,2.2536717976037046,36.95690989823874,6.539411877721596,False
1205,118.98325277674266,2.345064812629325,40.55839368012608,7.619578019768522,False
1206,118.90994136865402,2.315069466361514,38.50348216067018,3.7287955134788815,False
1207,118.7917551003206,2.284437332287488,37.61208706771624,5.328238310948201,False
1208,118.27352015115729,2.130282606809003,39.73395824589903,6.542680262346166,False
1209,128.07306191955578,2.038650749710882,47.81509958052909,23.782581536556076,False
1210,121.92228432067522,2.3103456538087563,39.836762524859,4.800346227589125,False
1211,123.74895306865469,2.285289483239655,39.66317272399955,7.682239408222575,False
1212,119.48385984883132,2.0878201818312347,38.3085302007356,3.2350083570240336,False
1214,118.7879826577519,2.02342689709048,37.77003288796902,7.047828928447271,False
1216,116.72817124177162,2.5272850424683333,42.54553165999207,10.55979390059554,False
1217,115.38708209206078,2.3737163875467826,43.5014945166668,14.98670468301376,False
1219,117.29438717967588,2.25747614192871,42.10872744290026,6.364277177640073,False
1220,125.10736260608306,2.230958448904768,42.39407741010599,11.63407908226577,False
1221,120.8622478801165,1.6508772270045244,36.37419623704834,2.9047840831813425,False
1222,125.00074766319564,2.018705210105324,40.716439154380645,10.03259145924357,False
1223,122.27404598839271,2.189830676578144,37.18225147698849,4.55573812460821,False
1224,123.425932359717,2.128677704688139,41.60394760651561,5.386444136376153,False
1225,118.2072193145558,2.2494205129660845,40.89373082637962,7.997207671388556,False
1226,122.62424795799728,2.425896462589584,38.03330161458598,1.2441081202888968,False
1227,123.25901412563049,2.1356928430692146,39.8717449565021,6.3866725712837775,False
1228,119.21239339407556,1.9884690407754275,36.93997618134976,6.146887128975706,False
1229,122.73457514891012,2.264970331702209,37.78748521184129,3.670437393354363,False
1230,122.75518205158198,2.1346753332864394,38.81406833324747,9.153347982722266,False
1231,119.29638687449676,2.1687872998356195,39.22640546379481,5.086333276370539,False
1232,117.51941785995992,2.1416452561693844,40.53848258421705,8.988838151064915,False
1233,117.32920217111536,2.6483675600021974,41.28686403804822,8.790948433752542,False
1234,121.26816717995654,1.751859147800411,38.11765839794835,5.070194143923931,False
1235,122.01373059324688,2.1223332193734707,38.013432314821614,8.045151178151126,False
1236,118.54316992558049,2.1992621948703217,38.94293381335773,12.011334932554895,False
1237,121.08241455811093,2.043771501543445,37.44734994058437,6.619091742817266,False
1238,122.7686648120293,2.3799651664256567,38.98971730902551,8.36204948330509,False
1239,122.91639121546244,2.362651535743928,39.342022429913634,9.746606566552,False
1240,125.81082837237972,2.190449076302292,43.34956223578309,13.773279415829055,False
1241,124.95864057981392,2.145865248931261,39.91540758783152,13.668268993914904,False
1242,117.89599655845473,2.1776086331536706,38.82105801384136,10.077755229335512,False
1243,126.21911724956789,2.179042669270438,44.51116701797461,15.007290685349908,False
1244,119.35397283587729,2.184325394374848,40.50924448437871,6.813939864218241,False
1245,124.23910571860873,2.16240017969664,40.506337388417606,5.411439819314449,False
1246,121.21075854075838,2.250489862918479,37.47460327953048,5.770573301723595,False
1247,119.7223369267834,2.3506424129655734,38.6507756363811,2.8382277361834896,False
1248,115.39613973469773,1.953947970480285,43.43084712279999,13.103126067500735,False
1249,120.46815001832933,1.9898672201533705,39.76385627215809,5.665472050199012,False
1250,116.1659119705526,1.8502963941032955,43.383621944678666,11.262193145876177,False
1251,123.9986276311126,2.37327948007152,39.10789451024211,8.333602557048764,False
1252,125.70205723713168,2.250064658638093,42.647221191556966,13.201295378206549,False
1253,118.52957593318024,2.301053503186554,38.65751181370018,7.683842516025329,False
1254,121.93610930180974,1.9141003523273064,39.89795710734752,3.7888745453471566,False
1255,118.75128628177528,2.556989624576028,38.849564828755874,8.677346212000495,False
1256,119.05169733657596,2.0782298183709287,39.03706978897742,6.359012194621279,False
1257,123.40093358198266,2.233641161422252,40.01403044796693,8.05561251510743,False
1258,120.88053138828542,2.3708769321356744,37.04014341992679,2.9317601957154604,False
1259,126.39290892998612,2.002604048840786,44.65018498594303,15.04039099658109,False
1260,119.50507931602094,2.090735128297467,38.84841956751792,8.067035266199175,False
1261,124.09794263067091,2.235834354920175,38.0910922121174,10.402374490461412,False
1262,121.30198158016913,2.7714946150929416,38.348567867858414,3.717061408610157,False
1263,130.5984680878896,2.260224948570405,46.24232575067804,19.642026493254065,False
1264,119.61381126227715,2.521272230126144,38.59169040740051,3.994026938685112,False
1265,120.8463676035901,2.441134629038391,38.0515112684476,3.9610764749336527,False
1266,120.6419534741733,2.273602007298904,38.36512424405955,2.586640732787393,False
1267,118.40822294397806,2.002160845673864,41.21635402116579,7.2885237502665134,False
1268,123.05245275720344,2.411950722163647,37.3934040748108,7.877359768740605,False
1269,123.01577191729292,1.9003779316703908,38.44913597680975,5.130567306669327,False
1270,122.84001955420726,2.5201750247354187,39.611452048822,6.212833248896542,False
1271,125.7645935271447,2.2400010616436514,43.619500953406295,12.726526043118623,False
1273,119.83767146146768,2.1318987809936325,41.876872059302414,4.510828181091938,False
1274,122.15646218714596,2.330789564184588,39.09260523521736,4.575181072067819,False
1275,119.06683786329954,2.1525952253920466,40.29238462142144,4.900550402614815,False
1276,121.07240147995512,2.343001162198715,37.60195955783768,3.040566602855766,False
1277,119.14077670773152,2.029995166457541,37.46969038904653,7.41530042142902,False
1278,126.02221795832176,1.9388035254424787,43.14037545059198,13.771225114283448,False
1279,122.1274642660632,2.185710919390479,39.20520687042129,5.749050218601562,False
1280,120.32410970287629,2.206313133457983,38.62937830390205,7.781707889582348,False
1281,124.70021757275477,2.130323129787536,41.53638100063765,12.523016909266069,False
1282,114.27109222963422,2.445458229328439,47.68255624922331,17.919524738845013,False
1283,114.7562819559176,2.0299585249721885,46.09053989862316,20.075291133781626,False
1284,123.4670998311813,2.26263312146647,39.10523352936199,7.759032710806441,False
1285,121.18745218916384,2.2135939942327254,38.94954851632369,4.33527551475053,False
1286,121.77638353080836,1.888656809572784,39.22555536174185,6.03356899077175,False
1287,116.8881720797125,1.9361939632662977,40.41145420155968,7.837366949200035,False
1288,120.92797549636389,2.2023822032497264,38.99218658366817,7.980836086468569,False
1289,127.21087917224416,2.596239999737393,45.64056682030449,19.679650816712336,False
1290,123.55501882136716,2.3158539623797623,40.04578480645228,5.840966696957118,False
1291,121.52609028994272,1.8548730349710736,37.811334153296606,4.184590426153108,False
1292,119.6389328786747,1.5779023869761326,40.443075929936285,2.6123979945233278,False
1293,119.77682415920488,2.346610718600876,37.78565799257558,5.127136923437816,False
1294,114.39948654347997,2.1807573034143606,47.816886528897705,19.53118150463867,False
1295,121.7986853048556,2.428253193902074,38.92890871238956,2.905554640132155,False
1296,123.62099763629377,2.023856415857712,38.375171788920895,9.08010425735868,False
1297,116.11558008577109,2.270042499571705,43.15394856561849,15.9760599249001,False
1298,118.94960763384888,2.3692346926055725,38.5783435981275,6.619453168225282,False
1299,117.4118596400764,2.110507272358704,40.16448774492505,9.125433857471366,False
1300,118.00741129609284,2.114782885953787,39.39858927123738,9.160926246813863,False
1301,121.16579304314789,2.2050525662196785,39.4516661908722,5.1723065378641015,False
1302,114.53835331953572,2.308535269312066,46.40751716590565,17.75736672726497,False
1303,122.9042383589069,2.197133199097618,39.53407746753022,5.229055130120553,False
1304,123.33695071679442,2.394799267551897,39.6104680062402,6.548240115632824,False
1305,130.09985190276558,2.107612962146594,47.51072138159573,20.319451436597543,False
1307,117.9111022593926,2.5953950736226363,38.26151646273949,8.939153060150863,False
1308,124.82199599571835,2.079073252691511,42.03020312269788,7.4155055187110435,False
1310,119.9226774222001,2.1868393357855638,38.26621469529363,5.612708557439274,False
1311,117.3419975867515,2.2134362219307966,39.26125202965876,14.73349078225143,False
1312,123.494167934913,2.1226632715023435,39.52768923194685,6.640800487306668,False
1313,118.90714674835527,2.1965132206101985,40.16864318460418,7.347583297229774,False
1314,122.2522574642804,2.192047553714365,37.2959376700767,11.124368473092236,False
1315,122.7529272994242,2.2349638654041617,37.88668869376743,6.644238037029339,False
1317,120.37087997460635,2.57617526140157,38.71057806213831,3.4633756021967184,False
1318,122.1657375458301,2.1705423372930888,35.134534597735694,8.579336506712364,False
1319,116.39632801470496,2.316124523889397,45.28266333751952,10.415535498131185,False
1320,124.6902820462106,1.9243797316931956,41.6831194763414,10.777893295215966,False
1321,118.64242257097877,2.10579994775015,40.12879195463153,6.245604856354705,False
1322,119.261662091328,2.0655368267359173,38.47819752997914,5.897897640755918,False
1323,120.93103183596745,2.4939447529017094,35.589086892565085,2.496193502318397,False
1324,116.15505852944646,2.0828372786328235,44.04129940730499,15.96765196987571,False
1325,121.7091870896797,2.351615997388018,37.375903755496886,4.848216333614203,False
1326,123.99914544606752,2.069915909465361,40.685983351905215,6.039535340436897,False
1327,121.9080948528416,2.1094762120692114,37.89697858624508,7.868734825991266,False
1328,116.07441755104595,2.150889966959863,43.646950934369,12.733616916734569,False
1329,120.61619118757804,2.45676902536586,37.02491272915639,5.887312075860831,False
1330,123.30028959923642,1.8220294681939764,40.28779871836077,8.650657410179635,False
1331,115.17823482550568,1.9368672889451133,43.91155619303509,17.9631976395254,False
1332,117.66822535716508,1.8105389668620369,43.36139915248125,4.911645248775036,False
1333,123.71728517265272,1.9824995760477104,42.53373374157714,9.105451280189186,False
1334,121.8372958460116,2.0376799897615787,40.27674361453108,5.2542063677481465,False
1335,122.27711190459294,1.8771037491819225,40.01694594121452,5.145700661972223,False
1336,126.76443390363228,2.0531704506770665,45.200400744752194,16.622801977217872,False
1337,122.45251361336923,1.7970571038133172,39.98066579281642,2.879366220469977,False
1338,123.03945283234286,1.996402255246464,38.79003148041832,7.020903487230385,False
1340,120.33720586991949,2.2807176140562206,40.05080697119112,4.810658172446622,False
1341,118.52656343278268,2.2374935344345057,40.813407261249786,7.638163378139354,False
1342,122.32616883456612,1.9994442887441768,38.34617839115832,7.856223789397527,False
1343,122.36087219110556,1.8927830081910555,36.81469455198489,4.290925588450111,False
1344,119.36718228496676,1.972168784893144,37.82447973236314,8.89114879819161,False
1345,117.79956923937998,2.191358034620797,37.88591729142127,10.58398615041178,False
1346,128.16051770847923,2.373635355945334,50.50866815616121,22.32967633797362,False
1347,122.01321475820288,2.3804734834270644,36.14155125524939,3.452687845019095,False
1348,118.72991531765356,2.326122472496667,39.50660271349594,4.260398816520572,False
1349,123.83938393706676,2.052488627186412,38.676860899142405,8.538067717638416,False
1350,120.66165003015986,2.204909966480798,36.170471275960665,3.8392283616042415,False
1351,120.21606751641472,2.135731493992551,38.44506265180258,7.693870478622322,False
1352,122.74304590293492,2.15976204730105,38.234466783436766,4.972277880234665,False
1353,116.99516496848176,2.607425579391963,42.61816063558163,9.102271408287748,False
1354,122.09314433214324,1.8475999525992777,36.61500534745,6.062127653178107,False
1355,126.93015990396844,2.153064636815548,44.7521861879437,16.2048897417193,False
1356,122.44515075281166,2.442349781439232,35.3555264825993,5.9472062318239605,False
1357,119.83374247827126,1.9068217009932928,35.45958376651125,7.549434539557291,False
1358,119.42797363067244,2.07125051494675,40.88132885226152,6.287679147221977,False
1359,119.72794608263015,2.094192300486472,41.064664374442685,5.996174884378766,False
1360,120.21271569805188,2.155342055589203,38.256903712651805,5.806714547158873,False
1361,119.82879974844936,1.8808085680787567,37.230798810752646,2.4632104286890555,False
1362,123.84056546733116,2.319057212067608,39.38715507518561,8.768575985835934,False
1363,115.62705178005216,2.333257456502629,45.48673242956522,15.607870396763447,False
1364,123.6722001562776,2.301675065003589,38.90223808277756,9.395733707592033,False
1365,128.73863616030437,2.025925265141784,45.18692371596023,19.345483946120787,False
1366,122.16853813565564,2.2173021581574592,38.28382303676032,5.294216081018079,False
1367,117.50633747837732,2.0201119520861828,39.94579264819029,11.433533729117144,False
1368,125.11875630723326,2.133480667845697,41.048063204252784,10.581455405966633,False
1369,124.8614683765328,2.630693585434176,41.66172349824301,10.888426805784674,False
1370,123.97473062982525,2.2191390755192515,38.67683033310082,7.70597389409637,False
1371,116.30426019504004,1.9624946848025653,43.43824205880538,13.794830139914026,False
1372,123.57027532030476,2.2360670681327828,38.840336701332966,6.796879740746959,False
1373,122.2550507716707,1.9296408147873385,38.51211103272637,8.8816514108039,False
1374,116.02365913388904,1.9601979214969976,45.247224387478845,17.700378146232804,False
1375,120.92467811031048,1.9917753728102416,37.78259848635957,6.862468368426651,False
1376,122.13005691600311,2.1111381095608635,39.476691941599015,8.575423655578918,False
1377,122.72383334885176,2.3873937991178407,36.324109598566,3.315552981482538,False
1378,121.54951023754144,2.315679639603368,37.45495961252306,2.605068813184513,False
1379,121.90281739222688,2.304599065649466,38.21531264101451,4.8743126586982655,False
1380,125.5681953159846,1.980215086881892,45.09137974086479,12.582281789736127,False
1381,124.80070512072312,2.0917371289128703,38.63004136299413,9.879281700752436,False
1383,120.01594048000318,2.0743360029223177,40.106737596748346,7.726954840628658,False
1384,120.48958181461376,2.1443267119397804,37.03678935242712,9.384160996768724,False
1385,115.5684944245464,2.28827173850599,44.21358516600704,17.95931507609227,False
1387,124.87114909447256,2.2452119178204053,41.53673608839949,10.874655608849178,False
1388,117.63163963526917,2.518545691203914,42.53158895836246,7.569353036959812,False
1390,118.16094722038105,2.435867561943841,41.49935331497014,12.021694509910594,False
1391,118.917072726593,2.311874013461472,38.486478061283705,6.049727695442538,False
1392,125.57992026592711,1.906551601302647,41.65196428666959,11.677065603921973,False
1393,119.31807075765336,1.9795725941472957,38.32891476385185,8.293987043988714,False
1394,122.43285871593294,2.033280823386021,36.94484448058361,8.148582931355378,False
1395,115.19922384021092,2.029033016613444,46.0313460973881,15.366137988619888,False
1396,126.77318444032412,2.181942050778637,44.83088334145832,16.368559738549116,False
1397,122.86822258355016,2.3229288096163647,37.89453066680038,5.467969025377653,False
1398,120.43425048778418,2.4510316833409447,38.71867188483324,5.444435198916424,False
1399,122.78419418099968,2.2616350177450166,37.21350624124631,8.411176781237424,False
1400,116.6295597702618,2.1108640887893584,43.20381739438965,10.35760944045658,False
1402,119.99564719596108,2.214117915083468,39.72874477941824,5.746190967193788,False
1403,120.36738450334984,2.2051540387389985,37.57748566895398,9.759835887307798,False
1404,119.475867593607,2.236585750707792,39.33253807681312,6.618821537580729,False
1405,119.19998065148869,2.621248059540666,38.946246410008094,6.149879096959679,False
1406,123.15347889604809,2.4481193092386144,39.9873161340882,7.915072956023932,False
1407,121.79331123532307,2.357012183649997,38.28138635733168,4.7796920986457465,False
1408,129.2560155482989,2.0075845739856804,44.09000775109831,20.42528479066432,False
1409,120.97273646259472,2.0974010501606517,39.31159512711858,4.743269924050061,False
1410,122.59091941433928,2.1810310786143,38.44283760904747,5.598900746791032,False
1411,119.7015688938324,2.0449185751979293,39.39727403480326,2.7646699930676357,False
1412,127.9121687083696,2.300092904997024,49.40849719558158,21.78355982792785,False
1413,126.23263287429192,2.271381769843141,51.7470621089248,23.952955011922874,False
1414,124.90890570304524,1.9823384413890617,40.17226560823804,9.887235341559476,False
1415,125.240513097235,2.439363341819225,42.807990924004464,11.956515349622451,False
1416,118.35830770150666,2.220462066761772,39.14105466574851,7.826781106534299,False
1418,124.08601987713048,2.1897314283310063,39.86351288432785,8.370723775014216,False
1419,124.01053092115104,2.256241291184581,41.32435792466819,6.882431318314387,False
1420,121.08686877978022,2.3945584722871485,38.55195599014995,5.223192551617992,False
1421,120.3265989095221,2.132504719374677,38.474130678132894,5.469078332554252,False
1422,120.35083263617722,2.3655876534894418,37.60649746021322,3.6370214351755497,False
1423,122.2106448485905,2.2374283973540434,38.62460130715209,6.221609813263839,False
1424,125.34367745260508,1.9369890781924843,43.70156596813786,12.300396878947272,False
1425,121.5620740753704,1.9169666453034973,37.99902390230245,4.994775707367189,False
1426,118.1745247682744,2.42451197402987,40.446855039509884,12.594147968728157,False
1427,123.55572389339343,2.439196835676354,39.49724751536228,7.218769082041547,False
1428,123.85556731382384,2.2645818460809446,39.95592348600047,7.52344757311398,False
1429,123.02944453818812,2.4991413442360058,41.14653591340775,5.83897888925888,False
1430,123.31104661022744,2.4113219698083217,40.73725505597305,5.224543228280167,False
1431,120.1601227965108,2.3367257458959445,38.25841157748143,6.750092784631765,False
1432,118.1201335818952,2.0177377022532657,40.10338904326495,6.798901465907759,False
1434,115.93006392978064,2.3072602864416547,43.430072376200044,13.173829151515614,False
1436,120.74130877199757,2.066345998938941,39.12052031975786,1.896364071170919,False
1437,119.6360381159579,2.2513567563027714,39.38327341063052,4.971551459789417,False
1439,117.13331584394808,2.339934655070573,42.55935174966807,10.80719785731599,False
1440,124.47460601934982,2.009285837061195,40.540629354543626,12.39060345975314,False
1441,118.9396593998043,2.274121621764857,37.650811983158455,8.112568165564623,False
1442,122.1178342007362,2.0956759325283683,40.01220188473532,6.632876794638133,False
1443,116.6888751670767,2.1471162574550595,43.99113810726988,15.282062206806934,False
1444,125.4599869953136,2.048618025446987,42.7189975566835,11.97744276892219,False
1445,120.5535142538305,2.16775411376384,38.96528857721397,5.389616112195797,False
1446,121.89912522909896,2.577875909203471,39.17553773044026,5.461166761006526,False
1448,125.70096431182716,2.2708957909990914,43.8082834844972,12.939452012647653,False
1449,120.04964657401013,2.1949411468870097,36.47270299887381,4.2843830612552445,False
1450,119.16101742690188,2.3688402381385774,41.35675859257734,7.500233438584906,False
1451,119.99081046428944,2.4259940788215117,39.60941593050134,4.005568590637331,False
1452,122.58068457027726,2.034036323558494,37.887302549502174,7.088093172715866,False
1453,120.6738051838223,2.18451222647356,36.68489607871764,6.023538845204908,False
1454,119.77474315048924,1.835608354086384,38.98653341592537,5.365573952713216,False
1455,125.54826187719804,2.424620422052179,42.1893328929082,13.5153821232155,False
1456,120.64594933548872,2.613004851540172,38.45657137226764,2.4170722879784425,False
1457,128.1287261884157,2.2160165249246173,50.146551048930576,23.296186004808803,False
1458,121.28130194763172,1.774997975019397,37.28103431846727,4.348441544142701,False
1459,126.53448702209666,2.3217781033154066,43.287779861016745,21.358992106055297,False
1460,130.45350831812476,2.019182166770184,44.869523356400414,22.6130172704593,False
1461,123.98517777707328,2.067330111667108,39.26707878750103,7.185805331667748,False
1462,118.75370574029506,2.325315277958201,39.300008859712456,4.347269966913321,False
1463,118.35334640997904,2.250910825102545,37.79472618157466,10.131943102858926,False
1464,122.42508846054646,2.10237824493228,38.11895542466716,5.245744825038763,False
1465,124.06451505164247,2.070078873479668,40.99551300873552,6.983369448166849,False
1466,130.79801883574518,2.225167211044167,47.59991368736153,24.70593167606105,False
1467,117.01218066124054,2.118106889497527,40.47372931515322,12.000411857175134,False
1468,116.78319906450308,1.9781525732793988,40.393166548400224,12.6280041184608,False
1469,116.57587715322263,2.133487363704328,42.32652264862035,12.088027840994856,False
1470,115.52037144988792,2.267918524651037,45.33513502650999,16.011676426605973,False
1471,121.33940461428595,2.1643793066360737,38.55207069053401,5.681188866062848,False
1472,124.48763615729489,1.917298280350363,40.01018551477782,10.09641499267955,False
1473,120.9584110605331,2.397812924275108,38.38755229600751,6.00788724617291,False
1475,120.4086425729629,2.1107269689943133,38.34362288693436,5.429584500128293,False
1476,120.49532311043892,2.075960309089217,35.932941411264345,3.73721836192228,False
1477,127.49759612569886,2.229635775574283,47.55228663032415,19.70241015854624,False
1478,116.48287246994936,2.3123323615605478,45.14612110957948,13.773737948555947,False
1479,119.7888994319425,2.425352961652208,36.64908015185855,2.318964484151016,False
1480,126.28814330968817,2.0575190253295683,44.19082318641363,11.604131711123122,False
1481,122.3949328581743,2.3173164674666964,38.133848226397376,7.62576781823043,False
1482,122.74627052790092,2.2391636775762924,38.79552921351296,9.155544616832897,False
1483,121.35521175477402,1.857692124963356,38.28028638506042,2.8402813202183737,False
1484,122.02282496983752,2.580108051086822,39.71212118404488,5.757032436205591,False
1485,123.41058954386348,1.9122449745519603,39.38862550109751,6.474693967602027,False
1486,118.49059241143244,2.283899454461943,41.04580524239897,6.90841704268709,False
1487,123.7219815946154,2.27799198883955,39.47706807989109,8.373723247135965,False
1488,116.74369064765484,2.2551273564658154,41.53037944046239,9.084205820880914,False
1489,122.01794071577775,2.1010846235676786,37.35802684823421,3.458957904357793,False
1490,121.55409698618762,2.3654505302281006,35.705332025566285,4.735080985985443,False
1491,119.08949142660448,1.887926505211381,39.16152529748752,6.201301417157336,False
1492,120.9296756464905,2.186834242265216,40.67128838824663,3.06241622934386,False
1493,119.0701255267368,2.0872250646895085,39.41507752663327,8.003876000992985,False
1494,117.6777258867286,2.0645404115865937,41.32102272282711,8.269761000388693,False
1495,119.9037943009977,2.285749557490709,37.72742600307673,4.819129975556784,False
1496,117.57763523034784,2.415495708543937,40.25913432698659,9.83645491723148,False
1497,122.00067213868908,2.1313488476326268,39.50032977524592,5.305544930673746,False
1498,117.43473496812769,2.3561362179851555,43.40774697682492,11.240096106143104,False
1499,123.20712877127228,2.20994813308892,41.00604414739099,5.131493272720972,False
1500,117.33741488942066,2.0214535581523982,41.99801455093868,7.240050857862525,False
1501,119.24448576169888,2.148409581351788,38.72369840620081,5.690044213089928,False
1502,119.06372943453296,2.140102821841677,39.09744620314022,6.626649024519463,False
1503,125.107954859512,2.060668017498911,40.7330049728567,8.748916300940616,False
1504,122.02389883141144,2.285696585731167,36.348023362039,2.9301973187075,False
1505,120.34362521211236,2.246929237540952,36.62994426459048,5.6971555382032575,False
1506,122.54603026731614,1.8818700603461165,38.5905861541192,4.596790277711738,False
1508,120.86628587211318,2.284936890641151,36.09365926682365,7.040406269195506,False
1509,127.19229395119476,2.036942714241093,46.38727057039608,17.42016665373969,False
1510,121.41027416984828,2.260408231020065,37.623072054972106,7.443555760399823,False
1511,121.21053082442494,2.3561863156218377,36.48504759829797,5.269607632919477,False
1512,122.6991979768908,1.9458094325188884,38.15396751442126,6.770587655539504,False
1513,123.77637625427448,1.9176925490847632,39.27857942223456,7.496043269270672,False
1514,114.80785325204144,2.534886336479059,45.633761614714025,13.575130207251997,False
1515,115.78478790644782,2.270314156592492,45.18832739396997,12.559558680254488,False
1516,121.65190300236704,2.116151868665346,35.61972302466763,5.109894160107735,False
1517,118.78388265811772,2.013211909470748,36.49892004813384,7.611896986403125,False
1518,125.06727831288174,2.0979118302185444,41.64367715216021,7.589582863515917,False
1519,120.0229593913558,1.961885532777338,38.33497918341676,5.432269677894055,False
1521,117.0691568577836,2.044649769278736,40.69867055715329,11.053813046718709,False
1523,120.27421083442296,2.119874216045998,38.10637840832774,6.797022514120338,False
1524,120.4160092054804,1.991329963276537,37.500978378626,7.346329404185555,False
1525,119.68416559967612,2.11473968239724,40.39730526324906,6.678077867797152,False
1526,124.3445250209922,1.6751666444997166,40.03939105062667,10.749794484659084,False
1527,124.71541149320176,2.175846284665199,40.96780146680725,9.365848193080202,False
1528,120.47179588759606,2.165976161773969,41.27942349003662,10.66157293593373,False
1529,114.38244963082175,2.364948549309594,47.38104574074456,18.211434227673628,False
1530,122.913572899526,1.822739014403324,39.5285913979549,5.478880456602413,False
1531,122.7216167083766,2.43237327217271,39.49227436332578,7.949968738915598,False
1532,121.95911386748654,2.364119858999532,39.15320000721078,6.952135273017629,False
1533,124.04258722285516,2.4504087127397325,40.41294758694456,9.36610708940898,False
1534,117.38903290097078,2.189455724799173,41.1205913785934,11.046784636781942,False
1535,127.22714169717392,2.4027793668205515,46.66143919445835,14.813294207087315,False
1536,118.0257739652602,1.905751193018619,39.19733243835537,11.315774696625269,False
1537,123.32259107432264,2.3426095130409066,39.60994888936615,6.700657432636558,False
1538,115.76922214731862,2.045767447580011,46.65666771635443,17.143561876750347,False
1540,125.70074280484856,1.975171896367128,43.256429670705806,13.421424177681642,False
1541,120.19121054869736,2.2011062277258544,39.25648962037624,4.358294801413232,False
1542,123.60376007591168,2.03514015835648,38.36157595589071,8.659876574523537,False
1543,121.73456170502966,2.27521470633916,37.7800419972095,5.9912871741644365,False
1544,120.67462971639948,1.838352488999197,39.255495278158335,5.932543852756042,False
1545,125.22793600729132,1.774580491276828,43.86591478548078,9.44441580097287,False
1546,120.26635764357913,2.474477486828716,37.11628481984567,5.280139557941816,False
1547,115.47971186655325,2.3807600258802872,44.075523034529965,15.52343598562982,False
1548,118.50995571494973,1.9901406328172384,42.19985905117465,8.311201268773182,False
1549,122.70869435897524,2.199400071305892,38.76745963542631,8.101537035661432,False
1550,122.22607822972378,2.403901412040265,40.701089486099065,6.012047990707279,False
1551,116.14211942427012,2.283840121658121,43.46069532383031,11.034923942880395,False
1552,118.75453818983458,2.229644619236696,39.42929609002356,7.169134297495843,False
1553,119.19666381747304,2.41903081626252,38.31830655122853,11.29925231950142,False
1554,119.8670442582459,2.053857504959756,39.507711200773485,8.776666170747548,False
1555,116.7346678753352,2.206235689732926,43.76758360480867,5.916211177554537,False
1556,119.05204956482962,2.1964302723415217,37.48928949835058,6.648430806278376,False
1557,118.74130749569548,2.145447590465792,38.66418648449376,8.756619238135675,False
1558,123.39175310526196,2.12203889771585,40.44810832332313,6.855747696906411,False
1559,123.50827606406976,2.2145736475656985,39.21570550986914,6.527834336481474,False
1560,120.54798757992468,2.206881499197105,37.40354824104534,4.764278321107199,False
1561,119.78467663280074,1.990314471493095,39.63734719513954,6.766113832727031,False
1562,121.43376536732126,2.360359181980089,39.47588269278148,3.0837603865480547,False
1563,118.46861716688773,2.0047229584467487,38.82520307263685,9.701273104779265,False
1564,117.44482054528092,2.156353311090565,41.05672269654077,9.517368650113465,False
1565,118.08531425233028,2.14094390545599,38.29796922701168,6.396841431872209,False
1566,119.03207919168848,2.271620722531843,37.68787152409049,8.691714614382434,False
1567,117.39323122064395,1.7761792119565336,41.02334662787565,6.817324639996006,False
1568,121.5023846330949,2.378181962985892,38.09635469415917,4.233437427546457,False
1569,123.26211858872948,2.064601930477568,37.86884079283479,5.904830554274617,False
1570,116.07999526752543,2.443992658955411,42.39465214272259,17.745745981298846,False
1571,121.0778990047697,2.104367015096769,36.61677733514547,3.900584428815497,False
1572,120.31819903467436,2.190231282853198,38.69384537637735,1.2682644757614403,False
1573,122.0586769251641,2.582757208013685,35.68864434731301,4.486830172125846,False
1574,120.95988981887888,2.1445323582412663,36.68530354343025,6.066108749389428,False
1575,116.49384223221196,2.447769976934692,40.04537671002124,13.79667087837766,False
1576,117.08659317354278,2.207809017112912,41.91397244267501,14.885588963817954,False
1577,121.0912130843134,2.2830837660586982,35.65827674681388,7.876017324235661,False
1578,124.18922085121108,2.213991717882275,40.278896478412086,9.116948301668613,False
1580,122.0717523973849,2.06289367742939,40.42816787993824,8.687680740015079,False
1581,124.6878282163917,2.003190295396163,38.64433708986277,9.25975618814532,False
1582,120.52561978376076,2.072284761924596,38.43744053182326,4.028264057537971,False
1583,122.70562773768197,2.2199420752648185,37.35435383020644,5.425767868749801,False
1584,118.8204858492168,2.1558362428899343,37.49398517893879,4.483251022808524,False
1585,120.62996478224169,2.342054975294236,37.882612793016825,4.364385948608652,False
1586,115.97516809324472,2.460946339964304,45.15154435606514,13.594221664942031,False
1588,123.92257398379836,2.0532102416772138,38.94943330494276,7.452135705079317,False
1589,117.94651572405424,1.9127521163374293,40.96777276579157,6.055145618713629,False
1590,119.58786368048936,2.606074598151821,35.52188754522765,2.8507780497206374,False
1591,116.7020290148624,2.2609338998243658,41.08513247163541,12.063576626473544,False
1592,116.62909392043998,2.2959604640103155,41.132001382282006,12.024676106308672,False
1593,120.46110312970669,1.9319583229937904,38.16570706335924,4.248449291579156,False
1594,118.73831069817948,2.199766002198625,38.86167611679526,6.102166199354338,False
1595,122.17171009378356,2.3018495968826174,38.11812657794649,6.4186417626744205,False
1596,122.40286909883672,2.149448461893116,38.20583378672564,8.530852479974603,False
1597,121.99463390360629,2.415141124965279,38.246774665770495,4.0639791008975,False
1598,121.73966245187816,2.662366225128566,38.82253237644375,5.560400578760774,False
1599,125.89108143528884,2.01058743458121,43.4571194073911,15.39365092992966,False
1600,117.69045931596084,1.9955825508046607,40.04001573706234,7.558953687383838,False
1601,120.82970191477096,2.024448786894285,38.52865308006941,5.180449485571158,False
1602,124.51133844361073,2.5212398320032983,41.78645009317588,9.443132537085942,False
1603,124.92007340894791,2.408471063405937,40.6579009589995,8.086980489456495,False
1604,116.59253268703182,2.1728944364412706,42.19644543539977,12.319166550263716,False
1605,120.0316981308668,2.207311932880175,39.71675240410927,5.588097867766817,False
1606,125.21017539718852,2.036691274760656,40.46603803207255,12.458611980514505,False
1607,122.5750452261171,2.378005431548637,40.89188169728186,3.8131843106546377,False
1608,121.60531539758728,2.1240196351782896,36.33970801356093,5.347186087691018,False
1609,120.32517745035256,2.1479846921090004,37.651210809606624,7.984679636675467,False
1610,119.810217130306,2.3217579543058515,37.076181325005,9.642703827589408,False
1611,121.89347909558,2.162401012383356,41.01993217266265,7.91165232402952,False
1612,120.2176402125481,2.153006801300431,37.48030406664349,3.177794532222161,False
1613,120.86800627476222,2.2021150411058152,37.35273941208338,6.063097916108641,False
1614,121.24365598895662,2.359071082758616,37.53108765108808,4.302800391907934,False
1615,118.89797826167016,2.5292986150967667,39.09635263571261,7.28588451289079,False
1616,122.64960105903246,2.317097246449217,38.17168609129556,4.685202537910203,False
1618,115.49134141808916,2.1600291875797755,40.08799732292232,15.166279026691283,False
1619,122.00443882498894,2.0584404273662567,38.29626520449431,6.926059197159834,False
1620,118.6434107252814,2.3307972464470232,39.24492147007077,7.690929088801801,False
1621,122.78994799030968,2.2342481649201145,40.05500047439911,7.086970766642041,False
1622,121.14432816731636,1.9154742702500505,39.70636196913702,5.618356330619134,False
1623,123.36174979953164,2.1343860753148807,38.983109185619966,7.920853942662555,False
1624,124.64407038717722,2.1834205953036894,41.982532583250574,10.853809487610418,False
1625,121.59650546508136,2.097908426594304,36.64624071479358,4.8026418544414025,False
1626,124.50936209408395,2.4963471189084254,41.70698195313147,9.667959874284932,False
1628,125.93040212353966,2.47463498357773,41.8078436133879,13.977961740033717,False
1629,122.16269267086624,2.252685052330432,38.05614265264968,5.754019629672577,False
1630,124.34131440281008,2.216277567285016,42.27677820781084,9.303014242179264,False
1631,117.21838519099128,2.0126804364779503,41.38144152176719,9.79118751249909,False
1632,118.42461336702344,2.202385906639313,41.40461018003104,6.694239377190469,False
1633,121.4524087118488,2.202610785135088,37.07167567340193,5.668124971189164,False
1634,120.94718254305388,1.9265772231931533,39.3628201663392,4.240117505593002,False
1635,121.87751262283096,2.092094506045921,37.32159820030206,5.193031575122977,False
1636,124.3619969988829,2.1353434802967275,40.77959251344544,7.654080394774227,False
1637,115.52781702256117,2.2826959088111445,44.869540715742936,15.885897717115173,False
1638,124.01883912232366,2.2922700223971413,40.86488497632524,9.499656770199602,False
1639,121.02567392086958,2.083736303606959,38.32610781893155,4.797592468743747,False
1640,120.3682762305139,2.2937739205083774,37.12685658343706,1.5237571922371052,False
1641,116.43954277340684,2.163584214130297,43.7199084631492,13.600925474160412,False
1642,122.55945087196828,1.626075995029009,40.78616871748119,6.279509758972465,False
1644,123.01002143484,2.415797728028476,36.50303925769505,8.083278619394926,False
1645,116.37447191003372,1.863638848674464,43.356127663294686,10.031420657513378,False
1646,121.16571952911416,2.222538240083108,37.57550733944477,7.195886505931927,False
1647,120.63057660428343,2.5170522428370576,37.85959048922472,5.138769198526258,False
1648,124.62556825661105,2.047877409397904,41.61487502278637,5.489817170954054,False
1649,120.44616897605694,2.2004298160855376,37.474170177904725,5.646181296878789,False
1650,118.84817046044844,1.939196748554416,38.669173918056295,6.048864129177554,False
1651,119.42953164248928,2.5254462283327146,38.41244621760978,5.005216147215903,False
1652,124.94593658313946,2.183333474600677,43.33617153337534,9.247966484588586,False
1653,122.66252060446077,2.209325368558804,38.647164932604106,5.925681163456049,False
1654,119.8045470572782,2.4708600931011246,36.70802804735824,4.778329214174206,False
1655,120.26701609811,2.3322956789290963,36.56355636261112,1.8603314280925267,False
1656,116.14175101918512,2.024874253500652,43.37356719326705,15.877833090542817,False
1657,122.20427002263978,2.070544415182537,36.85080218233607,5.243313654272652,False
1658,115.54457130614404,2.29898626090466,42.516579958422895,14.225919251642692,False
1659,123.33056904408993,2.075175788987412,40.02113824345365,4.957038227408431,False
1660,121.39872693672292,1.7765513375758948,38.92482422114429,6.720035037684507,False
1661,128.39955057867917,2.1893518402721845,49.56715923455286,21.89665132696753,False
1662,117.58957978345464,1.9039574677750384,40.94056961024989,9.52541399222756,False
1664,126.5746918728615,2.2353575275526305,45.62012688677636,15.07871896200336,False
1665,124.6933078849034,2.0189649886512853,41.78708996431344,7.877419987587134,False
1666,118.84174264010232,2.0602735170675093,35.63725129915617,5.651719269252236,False
1667,121.69429902795768,1.822120482425216,37.79340260482194,5.385461442941074,False
1668,121.00619800488676,1.9801076226438996,38.673283895989776,5.647106675405689,False
1669,121.87406318892188,2.40326464050814,37.63448345245951,3.974769545942242,False
1671,120.72310675162772,2.345279302639792,38.99277734780021,6.9148978736917535,False
1672,116.04603763664218,2.1815914922757944,43.50438628469228,10.630615825944782,False
1673,121.41888270079106,2.113608124869217,39.998897040150176,5.249500901133171,False
1674,122.39506408760768,2.008700837284728,39.89324696584264,4.074681836722297,False
1675,120.29499982080397,2.6119531798679483,37.95521215672375,3.373858911411845,False
1676,115.99334223918716,2.1622502596271254,43.257196803517424,14.469239551564003,False
1677,124.06444877483952,2.623125966012501,36.36056484783364,7.450818412297068,False
1678,122.13002761777769,2.4787039019220125,37.856478875769184,3.3350109060824185,False
1679,118.74935319712696,1.851840713730745,37.35514086635849,9.489031925881893,False
1680,120.130138614802,2.0668095208481416,38.45406334708169,7.213000667540975,False
1681,116.3479248513763,2.066190975165236,42.959928625913285,9.10324979887234,False
1682,117.8212286038885,2.184030727178852,41.12762175235688,5.9351922128539005,False
1683,119.33278482629288,2.187937149377249,40.4271850293293,7.300430687909253,False
1684,124.80810451806848,2.799247819079629,41.156214945943816,9.734320724415545,False
1685,119.01753948824884,1.9845544251050484,41.82917413524376,9.426644212502868,False
1686,122.98466234391915,2.245793987132878,39.16874149504742,7.749648774007655,False
1687,119.3312197711291,2.3233015484935606,36.909380727667866,6.743674103617242,False
1688,121.7686374386408,2.199685599106161,37.39928333501451,3.465242114759776,False
1689,120.5616739433542,2.222036115556272,37.55769783062545,6.200981966419623,False
1690,123.7064754602875,1.9910382211386828,40.38126736826986,5.339801781972579,False
1691,119.34208485152249,2.2212972389205365,37.37328531040318,8.642003537322074,False
1692,116.12516242499244,2.3022797992348747,42.84072045654302,14.319477803081622,False
1693,116.71595800277274,2.265520116854226,41.82831111844662,10.056377446063008,False
1694,119.35117976877746,2.3140401807824187,38.01553674412333,7.680399967662465,False
1695,117.12791409089805,2.4825215801272464,42.35331083942616,14.706464539972146,False
1696,122.27165724860662,2.3873933083828685,39.18948247975039,5.352516765638855,False
1697,119.55611868893996,2.2142589226994875,39.97519178852941,6.975462694563417,False
1698,128.36128030508195,1.9656483296233445,49.49112576515267,23.345480998082675,False
1699,115.6130847550749,2.0799989450577763,45.94743412626371,15.518768763077135,False
1700,121.63126285400038,2.1560737696165173,36.3144722022148,2.4757268127344982,False
1701,117.50334562713245,2.2504691662682896,38.88495060543784,9.478301055491714,False
1702,128.96894066167593,2.104333447700121,46.43869489350038,21.18927179835684,False
1703,121.43840036735568,2.0128533601631298,38.05425807448319,8.685363984739181,False
1706,126.89901313304992,2.1530098592450866,45.03593688120323,19.826847294242366,False
1707,119.59434127505736,1.9060669115859392,38.15386947731948,5.432190915834942,False
1708,121.80540435609709,1.9998948631685216,38.88738531930439,5.101487749215561,False
1709,124.17725724868872,2.12121962543114,39.59997910299497,7.150045121244652,False
1710,120.49174414991631,1.9328165381217133,37.36338923672029,3.5184631807012616,False
1711,129.6083357196472,2.2759504376997395,43.94651697291173,19.79598721391396,False
1712,113.94521714846258,2.3480446127211376,48.20615399358598,21.423977408297382,False
1713,122.9870712301244,2.0901145960449203,40.399359735005326,4.702183621042819,False
1714,120.64917792984042,2.112594538478,38.14528055850245,5.467350427667308,False
1715,117.8606800606967,2.307485954027816,39.206361666565314,7.152795803852469,False
1716,121.39244980186083,2.0572009805530644,39.64087087088335,4.342683024851055,False
1717,119.19059089390085,2.043453217680541,37.959493936233365,5.486696212822552,False
1718,119.36187899354186,2.439299695637258,40.43629914832307,6.047690304778088,False
1719,122.879502583937,2.3768375477425576,40.60184566313581,5.432193199889849,False
1720,116.85101452489609,2.320310000468784,41.85991281826418,9.207534594537584,False
1721,124.24667738682864,2.3851289242788187,38.3708867063286,9.052276162451474,False
1722,116.66717289433296,1.804544254926528,45.10649676002216,13.79890486556385,False
1723,118.94562563409868,2.4707671093586216,39.43195876090385,6.921244684347835,False
1724,126.9611332016064,2.2784124233167486,45.39667085826792,16.47862933389952,False
1725,124.49479976109151,2.402156276801147,41.92996387063514,9.240790709865967,False
1726,121.30257237673588,2.2774323558232727,38.93313463262374,1.3358402514298335,False
1727,118.08435633194622,2.2097849649360315,41.57443501464604,7.910477075547883,False
1728,119.35925584923034,2.144938157527589,37.7311969757388,5.381541177627804,False
1729,121.22715347521566,2.2734288753772414,38.42536715089327,3.44448486524352,False
1730,121.11632202025277,2.13765041821909,36.46134547940864,3.7757489149077497,False
1731,120.71830011815952,2.3735752200130227,38.883692775617966,4.448328635274801,False
1732,120.90441920633904,1.88270867108956,37.97218087087037,7.088868215253234,False
1733,120.33543715991416,2.091684827641145,38.46247366118591,7.429490110830216,False
1734,116.52986591951596,2.6089646496953294,42.20580707245847,10.430296737166886,False
1735,119.39881669930142,2.074783907285522,38.23774788497105,5.112978777690152,False
1736,123.83533456735924,2.1522632553873047,38.639906337730544,7.077771819253448,False
1737,116.75816367759154,2.023483813329985,42.986057864032325,13.035747864681545,False
1738,120.41237791422824,2.267169134577165,40.01258118521496,5.5973173504904405,False
1739,118.45876282081038,2.052747021971561,38.69706614161392,7.636560979331449,False
1740,121.34518633113414,2.16287781303859,38.74581644916682,6.260602726620908,False
1741,119.79523713869288,2.3697733072070144,38.88115849349501,4.5748232672139615,False
1742,125.57992036142149,2.060247316237037,42.62517466848537,15.132869172209752,False
1744,116.93341018609064,2.3644458631120715,39.946097040766325,9.36176980234234,False
1745,123.08080683600248,2.4109912189438587,37.93727002302897,6.279098517848213,False
1746,118.5985792455876,2.228108198983608,36.48799462009546,9.559051389897872,False
1748,121.97283896233208,2.4109067393084165,38.686225640192525,7.335405294506152,False
1749,119.4755829988366,2.2649755248813657,38.47229701963708,4.8251895114367285,False
1750,123.76785303060116,2.0248151171836533,36.83811572273358,6.426592615775926,False
1751,118.59901880930848,2.180588174825172,36.89720423764547,8.470883817448227,False
1752,119.08126568696676,2.485265395380007,38.80689529543939,4.827991612176974,False
1754,119.24651988009938,2.495665820088046,37.76819490216006,6.9442317839547005,False
1755,124.40749382219822,2.3570384613459243,41.67736053136636,7.604026476423236,False
1756,122.94926851019194,1.9488679587408857,38.212049369484255,6.394135490099835,False
1757,126.30082625743742,2.297432363565134,44.25353801961389,13.991894501975183,False
1759,117.80477720100974,1.9025057613238483,39.79634160252466,12.360123722730796,False
1760,121.2182992947146,2.247831736915448,37.11334762758827,4.51234035823941,False
1761,117.35377901840536,2.3046398894539504,42.76837575861881,10.8673995266485,False
1762,118.58942162398036,2.380675419696161,39.33762055097303,7.280248056594979,False
1763,119.04674421820742,2.299427248077219,40.25791241056536,6.58103248800719,False
1764,117.72281989017137,2.30631719714855,39.47195652249634,8.645078585899885,False
1765,117.73914945401492,2.003069483001525,42.16796865396453,7.292508051069963,False
1766,120.5527184265872,2.179004663063067,38.39972883419621,5.906787185706784,False
1767,117.22817290300212,1.8985766428731023,41.69509343700148,9.630728552529735,False
1768,123.61059357332668,1.799326174119961,39.67046184197872,5.866199422679496,False
1769,118.1549640340057,2.348128541968615,39.12361304592079,9.959909575002158,False
1771,119.60070820201038,2.374499700428611,37.85539654851645,5.451918118620204,False
1772,121.22325468994286,2.421669515576008,39.25837526588615,7.763552497821486,False
1773,116.9844423281553,2.0761365350753604,41.28346043431113,7.355091278056104,False
1774,126.28888445019568,2.31806221891106,42.20844632392269,17.408664081717852,False
1775,124.47045211048903,2.067768654277272,38.46643747177744,7.743056144560416,False
1776,121.92043919928194,1.8308242250746356,35.941652232289904,5.898434736740663,False
1777,116.82491209878334,2.224661880888492,42.638260961054975,10.183654511180643,False
1778,121.65306732094632,2.105825224056848,36.596873718865886,3.595571947131196,False
1779,117.52356375734652,2.1119821978825737,41.048945477421775,11.92634753157218,False
1780,125.53330131676742,2.595068623569105,42.69872745503199,15.919598768062873,False
1781,123.50850366874484,1.8948286034534656,39.30024877096068,6.982077993400157,False
1782,121.295861019312,2.2765742270742946,38.58918418780171,5.868038744131075,False
1784,117.951410466157,2.381652281853465,36.52200892647332,11.740827342020404,False
1785,123.1320595079596,2.259686247235013,38.57933629090278,2.7760013607566263,False
1786,124.75993944434178,2.275868869836123,41.66280589180824,10.864535157204434,False
1787,124.4384264156256,2.011022076479548,42.733378421429336,7.956431678611728,False
1788,116.06475969305149,2.0468824173423354,45.550846216769685,9.248477269770005,False
1789,121.93481215112,2.3854501014691776,36.42015655907312,4.8208486301430025,False
1790,124.14809717109708,2.554159544345513,39.72567058660066,12.17997323226435,False
1791,115.85915974669504,2.296061563444838,41.77826321437973,13.203390016739444,False
1792,120.97549600234296,2.020515855845713,39.975982695741365,6.702664618538172,False
1793,121.84891143475622,2.267787704492414,39.47525620788629,7.729704892841347,False
1794,120.06762978697512,2.6854944088675223,38.647013380032064,5.48013604997053,False
1795,115.25829824825628,2.2204845621437825,45.46869390095319,16.967364327073362,False
1796,119.99033585877145,2.49236817187872,40.01909319963253,2.2958315649008667,False
1797,119.98535316620942,2.0519341268322577,39.80121455659886,4.199616529034408,False
1798,120.54097554590196,2.1915827896727227,39.55181286453416,6.997060693537994,False
1799,119.25323858118227,2.3239130412251088,39.26494241765635,6.383201693364952,False
1800,119.62666232495144,2.279465661652573,37.960935611967294,6.558068468140707,False
1802,122.3716092754061,2.0380965085738803,39.47474311779526,10.023266695696236,False
1803,120.05627703514432,2.397656880620532,37.94810615709756,4.693726882780247,False
1804,119.7300883220592,2.438310162530029,37.89816505286499,8.814715566093644,False
1805,121.28629751858882,2.5024287116243844,39.4913398296387,5.4823443163953325,False
1807,122.47880889440202,2.2269238872645194,37.50689814896656,3.6379481415664,False
1808,120.99825439891885,2.1377601511536817,37.65761099228472,5.550840260991733,False
1809,121.12304993245245,2.470198187755694,38.45954408228395,4.4572945606022,False
1810,123.97827635354284,2.3426138563703174,40.58400730544913,8.569542951440424,False
1811,114.94627185685044,2.003508948266482,45.38340110784176,20.349183449972045,False
1812,114.88111500343722,1.9932728668962176,48.68554261170271,19.024002010586496,False
1813,121.8487919205029,2.298386040271262,38.70722234455714,7.770883814560035,False
1814,120.9779377491016,2.1645450677032003,38.69090551445296,3.926750282799651,False
1815,121.527548523895,2.194714009051861,40.34777694387931,3.734022136477265,False
1816,119.56740606696542,2.4145066729420392,37.86773147011488,5.948913520899428,False
1817,123.0594963901438,2.3518074289970072,38.81817414444841,6.611094744412297,False
1818,123.89118041327248,2.4659746496836865,38.20964442233176,7.772490662965655,False
1820,120.1914317789458,2.2506795834442404,36.20822638386575,7.706261919553153,False
1821,114.46616289839535,2.338937704479441,48.36423015991832,19.45246886340327,False
1822,123.3846322449151,1.8946828286624635,39.797019382658526,9.89981326242518,False
1823,124.78735886527454,2.069020871738006,40.7955090792121,10.244642904918493,False
1824,122.99813107715032,2.0319029675342164,38.74780529616107,7.829399699062567,False
1825,118.27310847516073,2.2043396342119834,40.62581256515855,8.86222640751509,False
1826,123.08876262037003,2.525570793738813,37.48330952957927,5.160903242822683,False
1827,123.66764209468047,2.6045178809329803,39.83100738365675,8.388395571808658,False
1828,125.83233036817715,2.037142489385344,44.04667444158197,17.03682847001005,False
1829,118.28405923489332,2.305311450098715,37.30583723207559,8.259780264739542,False
1830,120.29799078791316,2.311759570428463,38.998839132860674,7.0849117320125545,False
1831,123.3165433585447,2.2775251543029498,37.00432088680383,8.395447100931309,False
1832,121.1779712214583,2.279795926947847,37.854095397239824,5.794480165377051,False
1833,117.53628443364104,2.2607485004902657,39.12700318009642,9.75337349730009,False
1834,122.28531048358278,2.5375140241612844,40.224065621702735,6.818107626053198,False
1835,122.793851064827,2.4204933028736115,37.20368099101377,7.776502413277012,False
1836,121.2726849786261,1.9879692204803467,35.87111170191004,2.656913275751873,False
1837,121.68071327425784,2.35914421617611,38.27529930766038,5.832055185896047,False
1838,120.19801170477425,2.3784746749022907,37.60368687562234,5.075366855567795,False
1839,125.5826647007198,2.262993457430358,40.66419266976599,11.80638451278987,False
1840,118.2078542304907,2.426284874100546,40.398696918502814,10.390959619520334,False
1841,119.17930563543229,2.237614806859808,36.14033537203252,4.9672469178877,False
1842,121.03405509193531,2.2400935442152505,36.653141880485016,2.55034469766135,False
1843,123.72475748587276,2.224248108935409,38.88556298695332,9.31036700312002,False
1844,116.35814317270692,1.7963511828400665,43.78319276692088,10.042643854328157,False
1845,116.93808007572714,2.1839203212188254,43.31393144078216,7.311625866800414,False
1846,114.68304162602236,2.0663498851090862,48.212488803210384,20.892095695479057,False
1847,121.10135519828512,1.9627104043614887,37.80300410516737,5.505167782745524,False
1848,117.53325196665972,2.4868036569479046,37.48853450563341,10.30458696633472,False
1849,119.80789465894446,2.300841503706892,38.82075425930221,4.856777908379317,False
1850,123.0502723886643,2.194033783811091,40.83654157189022,4.040894253644584,False
1851,119.01121756557318,2.087039329779515,40.47408375588427,4.331343744146071,False
1852,121.71697427050444,2.2592339169257483,38.71492517567122,4.86275932767844,False
1853,120.07205248596966,2.3982872186635027,36.64308545589493,3.0838148760339994,False
1854,123.08355437679896,2.034606831290612,38.27216464032024,7.302820117764074,False
1855,122.47289700877884,2.199034325544678,40.99123235003269,5.080628877198973,False
1856,118.8550055418587,2.3736132997702346,37.170471874537135,7.1619189189039885,False
1857,120.4771795644586,1.812799774183174,36.56794146912484,5.590450866367115,False
1858,124.23560453293354,2.188486047518919,41.52852708909368,9.599116996145616,False
1859,122.2194682977877,2.1141417258904927,37.76665562620085,6.669502827107328,False
1860,116.66941762097149,2.1732340284489933,40.589585964275486,11.110469187062725,False
1861,123.03241598963128,2.09967428872562,40.89511977841988,6.995291770822404,False
1862,117.63770707044766,2.2275249210414594,41.08647579529457,9.60517025443951,False
1863,125.37879051687912,2.584725444084544,41.721895892265984,7.295940649471288,False
1864,124.17470640350716,2.13521550521429,38.727820077993904,9.95596517909734,False
1865,121.89864497534704,2.258342201818821,40.839292347195546,5.767537149919247,False
1866,121.4874218146522,2.5989492836818227,38.02048024121716,6.354845852852378,False
1867,120.352000006315,2.089996884325489,39.908905359409815,2.9019635657857195,False
1868,123.1034242493401,2.562935069785794,40.1350901939889,6.148568717640631,False
1869,119.8505876746676,2.2010646013254216,37.61348068243552,3.588496075294503,False
1870,121.73026659898368,2.5563792451729856,37.45050019774335,6.801393871761378,False
1871,123.70299653621028,2.350040224989264,41.48757122776236,5.087445166237556,False
1872,119.25839971507068,2.2614216725164846,40.56857027394848,4.497165957710668,False
1873,119.08980250602885,2.186873863622683,36.36275721355726,7.49229590680755,False
1874,117.29746700975416,2.075191712024158,41.73063945892577,8.80225107902378,False
1875,117.70013448700888,2.2151583099928707,40.2380254827015,7.247247093440669,False
1876,115.33197453453134,2.379472291804005,43.72451267716421,18.16704635314677,False
1878,126.6076350804566,2.136675438987629,43.16354983474251,17.57788518427648,False
1879,125.41851972475794,2.149843493164445,41.68873768173657,13.645709175812808,False
1880,115.9591380852578,2.398495322716611,42.55224769296868,13.65360046524211,False
1881,123.24704948182422,2.445032291019971,38.46110225882583,6.578504329008704,False
1882,125.40852968476302,2.066569897246326,42.18280743415551,10.770942464289028,False
1883,119.58388905971016,2.0662824285105024,37.12094478246876,6.220564986983373,False
1884,121.31448703501516,2.2758717839334226,40.06689119847766,4.231608911398305,False
1885,114.77553154250552,2.5055064129514517,47.16494987064799,17.937576861159048,False
1886,121.8268821207276,2.429198061662512,40.48335342604404,6.579117739120145,False
1887,117.70296483875238,1.949629557564018,40.18339302818926,11.255278865553416,False
1888,121.6188685555257,2.147184806001628,37.37083267259782,6.090743884269641,False
1889,116.16027094121446,2.0138792890620976,45.43899531858062,16.807242220819475,False
1890,122.68286049588056,2.1464974956169485,37.87156661685479,4.850727220146141,False
1891,124.17598929382274,2.520881999207071,39.987340130199,5.238265983569237,False
1892,118.57214242868298,1.9154798702433968,40.232849958698814,8.620865325530636,False
1893,117.47553999762764,1.876226941343962,39.123756477044495,8.08115265788409,False
1894,114.31632856809506,2.03428916931328,48.75240512835744,20.31499707400859,False
1895,120.17411804436696,2.2574621205151986,38.90840900703484,2.0761149823939604,False
1896,119.19705880372702,2.3241509641281515,40.3652542440372,4.629209465069319,False
1897,116.19183982172105,2.287489686972307,44.24310679991046,10.437209413495122,False
1898,122.40435814456774,2.435137080646204,40.123860654347865,5.065101428876232,False
1899,119.60509181621958,1.8473828811532145,38.28452067439814,5.131371256034548,False
1900,117.66521852819976,2.4376673076717874,39.32509742790648,9.263193394573328,False
1901,119.28082554251462,2.137580935990742,41.3932044176678,8.589919917619385,False
1902,124.3210440706818,2.3462988619609737,38.44174911809182,10.346388705099631,False
1903,122.8691045256412,1.9353149146473592,36.91411437757397,3.3406207959204206,False
1904,120.59691920935468,2.2009913394018144,38.77041075989467,6.412095270989967,False
1905,122.91922555724103,2.247254154117803,40.92283574533534,6.701533283987299,False
1906,117.4011729352011,2.431150207499684,41.09575847300081,9.54717446394658,False
1907,121.1003473122538,1.882949075478447,39.30131011788971,5.160395247196068,False
1908,121.45669922450806,2.206150509706981,35.45134277425303,5.661650576947076,False
1909,119.54350682365394,1.9829529417715717,37.8172934711679,4.627895427534146,False
1911,118.5806562906022,2.355443307291225,40.30224352222184,9.49811272986542,False
1912,122.58044419410597,2.457434048501618,36.5381161225846,4.736810357330626,False
1913,122.710762191747,2.092994109138325,36.98271110103399,4.267560392116178,False
1915,124.68994768088136,2.4721803174954107,42.37582871290423,7.817423592837544,False
1917,119.09024802077602,2.3224689840196904,39.54359783221404,5.822015781310323,False
1918,124.17857890619904,2.3917022507560213,40.92186466678038,11.488558932698163,False
1919,132.61130223701153,2.1482547227225126,46.65985058241608,18.3863778696332,False
1920,116.45482345434442,1.9578452844949783,41.12178143510695,12.76981692036376,False
1921,117.60941510867832,2.3885911512219327,41.26349332810698,5.176341186353459,False
1922,124.18340781359392,1.9600982344884488,41.02652316569078,9.57936829331558,False
1923,115.04333595529924,2.16432971309782,46.96823796313216,17.796041425989443,False
1924,124.49987241298226,2.1919751884393346,41.100489870876494,8.22384924422921,False
1925,120.82918349296892,2.3431076103408,36.487369333873225,5.552308293340516,False
1926,117.30357447562844,2.074673688097494,41.90342577436954,10.305477652629042,False
1927,119.19234327586166,2.063083262234429,38.71708161881412,4.3306409274328175,False
1928,117.84660454258491,2.2197830957526223,39.56009996276581,9.310888099677966,False
1929,123.68529812266144,2.40127809552395,39.203355133313366,9.998346405450755,False
1930,123.2705262102648,2.65749000013063,38.23682930782238,6.571262441625128,False
1931,115.67060048498423,1.8985037600442447,45.404046734453786,13.49244573209704,False
1932,119.74886443259008,2.263068403557316,36.500825692114375,5.4104669401900765,False
1933,118.32412444673274,1.9826929947531415,38.28373647959779,9.329873562423094,False
1934,125.00988090222404,2.403762248641349,41.11000711693146,8.497694902842602,False
1935,116.8146927338081,2.0122910905381537,43.95157142344721,12.43013961104349,False
1936,125.97311022452354,2.0650703563635355,44.81156628097803,12.56791138565228,False
1937,120.89678630749748,2.0821458281872007,35.86925063036901,5.663648427833502,False
1938,117.39800334022172,2.1847602122560392,42.611114801530064,8.668803555382254,False
1939,118.90045002957125,2.264639519371741,40.72403049931083,5.665506312759638,False
1940,118.5149815936178,2.296740278721703,37.83235880178339,10.255241108866995,False
1941,117.04868295375194,2.198846490763444,38.15694365621813,7.987252717976051,False
1942,121.29396326516417,1.934021795511884,37.925123059227104,6.152440777779627,False
1943,117.19346179285527,2.345557230062038,42.64689301902931,13.560922973608813,False
1945,119.82300294037066,2.43234695800294,37.17269541357312,3.155778391257196,False
1946,115.41114579110456,2.058452244104013,47.14933693708528,13.697349011961627,False
1947,118.66830130899068,1.8795450545298011,36.299788018282285,5.67479835935092,False
1948,118.1817810453296,2.193194799463385,39.2688529788439,8.279850358649993,False
1949,118.29923017671996,2.459190537656853,39.06234081045433,8.182246292188209,False
1950,127.20298561492947,2.2321884273232104,47.96298485098644,16.25073723548828,False
1951,121.17487585822568,2.160066040165429,39.69452115019555,3.5524643769773223,False
1952,121.76065012788553,2.025930596468513,39.36778024781491,3.860689290706256,False
1953,115.49316528133888,2.5515532933361644,42.91583523273364,15.470411081109692,False
1954,118.97271428572554,1.994079481023044,40.02557996214488,10.409381947408493,False
1955,121.66743815281868,2.054921148474352,38.75975877049591,3.5828603660587586,False
1956,117.82396036996968,2.314006839216805,38.04658540007162,6.874309823075091,False
1957,123.81499481490576,1.828795862022642,37.056205100306,5.820501972007904,False
1958,117.2716405837068,2.454918133076268,42.40753214318066,11.272767063331967,False
1959,120.11226497881796,2.324838622843471,37.93924707165026,5.397276680666883,False
1960,119.18323991607576,2.3798462143622223,37.05539906436755,4.652385579366219,False
1961,121.50939404408392,2.311623402389931,37.7864625969512,4.601507193073034,False
1962,119.01448077724818,2.1677752965087262,39.340556453908896,5.0759307325513126,False
1963,120.1602297560801,1.987370257968916,38.04744062909831,6.009018356160217,False
1964,120.26799671548824,2.171984911755008,36.10030033881401,10.48785563590064,False
1965,118.72339795208696,2.0049527376494733,41.59146568923694,8.06066328041188,False
1966,130.21461138018017,2.297231062015277,48.53212133869078,22.77068842587915,False
1967,121.73900396199602,2.3613559661096204,37.684157221110574,4.127690973318925,False
1968,120.7252967697152,2.4953617262396417,37.63297855756738,2.6739514970739044,False
1969,119.66557916626792,2.2743535281105727,38.85908298465673,7.217248126190133,False
1970,123.469286494612,2.384915071319037,37.87291485988167,8.624854466261622,False
1971,120.26891384417604,2.140571052553972,38.53706650029029,4.501478544820578,False
1973,121.3245390926532,2.2947343781633607,37.93147715508652,5.276967151812718,False
1974,126.25941871720964,2.1227054254566182,42.5663838036318,16.353565232278044,False
1975,116.84489575513427,2.253837157765532,40.34476690582953,11.805486253858133,False
1976,123.3865563684716,1.987761562132916,41.39248268368,6.856919783194814,False
1977,115.13116940016188,2.02367446350474,45.65449163668109,15.440829651874465,False
1978,121.67354679050874,2.3270818602036583,38.36943479240253,5.082263322162542,False
1979,125.88275676558706,2.37733801508122,40.63029517960925,15.144356042060384,False
1980,122.51487242584864,2.002868766206664,37.72876217657389,5.0377367506998905,False
1981,121.52893774347336,2.3341228621012844,38.6611262843392,6.133429949410782,False
1982,119.26260664671048,2.0934528653929454,38.91645499182378,4.1992893065735215,False
1983,121.09624632151451,2.203301035240062,35.2017991702093,6.685353012689457,False
1984,120.2186052722496,2.483388883158129,38.40360639017656,6.008290741525576,False
1985,118.5634725154128,2.3614974468045897,39.78259300490734,4.993822722312743,False
1986,120.10138559202792,2.3591743976044386,39.84654232558562,5.057000154284197,False
1987,121.61498159794196,2.581758071691393,37.23140406585775,7.10210855573744,False
1988,118.621627087555,2.0592241317900406,36.32977536016708,4.787668371487094,False
1989,118.50052635587748,2.002825005001491,38.07861909213919,5.351773520794708,False
1990,116.78324534346426,2.055575545954282,40.48563981282236,11.291312727601213,False
1991,122.21124758087558,2.149099789318677,39.280488095592894,9.766820633583098,False
1992,122.69050211209787,1.7290898771416214,35.096957861107725,4.9223307271775525,False
1993,121.7181473771332,2.1585143526606383,37.53059844606792,6.321528078561598,False
1994,123.99202852745888,2.091085853621018,41.82302575165853,8.827539422637262,False
1995,121.27238967495026,2.35675195347956,38.02569935138801,4.105880836752295,False
1996,122.21523390583384,2.2704838758020083,39.49010641912475,6.023031074452123,False
1997,121.94189601947645,2.0798606744461328,36.06083915091481,4.659622981046536,False
1998,120.71622593980356,2.317992169072581,35.935129730624666,4.54835559981276,False
1999,119.35445233279808,2.344652611964754,40.46413716270621,2.991322878492824,False
2000,127.86387310895492,2.046290842041718,48.49638586776801,21.64303507329605,False
2001,119.59895196245412,2.1013951489235163,38.56610250364434,7.59530512381175,False
2002,118.93577909552664,1.7549273625804036,37.48382307080316,6.800461751944088,False
2003,122.34543045269533,1.9818680051261437,38.52925653030409,7.905528831626598,False
2004,121.78074868741452,2.0515060879152847,36.64438623399577,6.515971126810354,False
2005,116.645146202408,2.2148332353212044,43.71517693522569,11.724534577413136,False
2006,124.48030258914758,2.0109234641280374,44.21093126747464,8.246318588496628,False
2007,120.70799681641242,2.0973096025901783,38.64788185879449,4.3059419915421815,False
2008,117.55611360483128,1.9549338636834803,39.783847469522215,6.557153825509371,False
2009,124.685230754497,2.234222779706254,37.69404782741288,9.445874108674898,False
2010,122.93959427194808,2.2851429189169816,36.6378423578452,6.794106720192725,False
2012,126.50926680479894,2.202472226381052,43.3394951635687,16.827015868490697,False
2013,123.0422718419352,1.8917854006997208,38.435506994607046,5.016583434464337,False
2014,120.96839204156235,2.07600926722143,38.85214356082098,2.465549948577078,False
2015,125.92967829742751,2.1185386655363034,45.273356924718456,13.313155874956054,False
2016,121.49382312987188,2.119340937415875,37.79418648487823,6.827703898231486,False
2017,120.9129424671775,2.2149962435979678,37.475600452518805,4.783481615188062,False
2018,118.95306964033183,2.485108274474204,39.01489059447677,7.6962432965765695,False
2019,122.80373636185196,2.3624192425369204,37.89983310824373,5.994574348494256,False
2020,122.47746919870434,2.0024964440302613,37.734276387005565,7.326321157551655,False
2021,121.0455084336581,2.335680575059327,38.53589977665152,2.1659346129961485,False
2022,118.55104230301043,2.328060473533148,39.56030560954661,10.347033858853145,False
2023,131.20062958333153,2.0387865054096874,48.57881846852304,20.21863826405612,False
2024,120.78362376413736,2.369773184527088,38.5808035702242,6.7244779628927045,False
2025,116.86622961192398,2.167924672810948,43.25586188921549,10.663670577595934,False
2026,116.43738171089502,1.9180093019971112,41.18717611371648,12.266046967529212,False
2029,121.63677263357992,2.1544644741628347,38.60329470739831,6.211214417640403,False
2030,119.51794252096316,2.1925093830033404,39.37829773920649,7.979659902373006,False
2031,125.05556448132772,2.056182904222308,41.68330221488745,13.631764018707464,False
2032,119.470248551623,2.3220261007594223,41.644354126555776,6.649509761709784,False
2033,123.04440106418087,2.191309873098215,40.775880356310246,9.91883255334814,False
2034,119.76956709216284,2.233289768789646,39.863491263629314,5.906535630603718,False
2035,121.35261927580704,2.2714283848857746,39.020926927888574,7.290655812065296,False
2036,123.28419324585217,1.9690828771147355,41.44022759561632,7.840705953060508,False
2037,119.5660772793938,2.02114339562359,36.58428947439757,4.876158229326551,False
2038,124.08932014194504,1.7580111080767584,41.88102582006178,8.884709522121291,False
2039,117.9195365809699,2.3129484516980816,38.7990184671168,9.477265773861244,False
2040,121.91323781193095,1.9575579952506468,37.44983987146415,5.4307247057342085,False
2041,123.86018314064236,2.2265139419791304,40.52955264884341,8.847654043500512,False
2042,123.04611622455003,2.2741976449879107,40.524236368124654,8.309496684249508,False
2043,126.94097911787978,2.320470567778504,44.26530161221184,17.508922537887056,False
2044,118.63333811633696,1.9591966172327884,38.56593112276733,1.566994394557511,False
2045,116.72463732081938,2.186967676371862,42.148111422728405,14.786267401323066,False
2046,117.91756116366513,2.53405608415755,39.84803861343958,7.960076495492296,False
2047,123.04737195630015,2.5428629359968635,40.03242270364349,5.102873755024146,False
2048,122.54356109623508,2.3974646188053903,42.990873689498166,3.898093738493287,False
2049,121.316995644907,2.267498627763768,38.56722389363945,4.595922969177576,False
2050,117.5188331477679,1.9989787222309243,39.7103196140665,8.372262049075593,False
2051,123.37728860932008,2.343724325078211,37.55786941920997,5.777707414820154,False
2052,117.20341518928332,2.168395754250632,40.748262281830925,8.948879766032926,False
2053,124.5927437053684,2.312105655054569,39.6173927613047,10.724243932076131,False
2055,122.1359985543718,2.1654133774320146,38.87153652393716,7.210758486665507,False
2056,122.807635220539,2.2328294720152853,38.11674125403484,8.47657733272026,False
2057,119.47213471642377,2.249255618298772,41.09400342936557,5.299951253916315,False
2058,115.38833870463088,2.2987445428920497,43.97188183365581,16.42062406742648,False
2059,119.13156997460632,2.08416100309502,38.61276637888676,7.232177333964981,False
2060,117.61202475259388,1.93134310957796,41.3561542466048,7.964271699041528,False
2061,116.51428581311345,2.524957007979959,43.586430350516544,11.433683984209033,False
2063,121.84587380587988,2.289484142240476,38.71445597169543,7.5219821081060125,False
2064,122.17703149990336,1.935201581053978,39.67097520441264,5.812970615196647,False
2065,120.04203066789162,2.0453609766314247,37.33725452944092,3.250398190961479,False
2066,120.46409964442536,2.301823513810194,39.256688170498606,4.738891448773214,False
2067,123.99010711494194,2.468223122336257,41.143110818145125,5.5907300400280775,False
2068,120.89975493204484,1.9574218730916289,39.96896347338245,5.346401754463249,False
2069,122.64515120787668,2.17513343583022,36.42646815939407,6.632548785288014,False
2070,120.39238667668045,2.239186412888794,36.90188461886721,4.814868082764627,False
2071,119.93932603873066,2.3729156902571757,39.317589695642745,6.05301156076827,False
2072,116.63856608663424,2.1312797811199244,38.73808944789874,12.649849377489272,False
2074,120.18915810669417,2.3242395118905805,39.52238795911753,3.147205046214768,False
2075,121.17513974517902,2.424959193034248,37.25746044285953,4.729533657145361,False
2076,117.01299688620274,2.183481707650968,40.9379156423289,11.542369499006067,False
2077,120.89312791839264,2.2810480182612864,36.606134209790085,8.203549940120881,False
2078,121.16663294527056,2.105101754114586,37.32809738280808,4.6930593630038135,False
2079,114.31637518121592,2.0308454410548213,47.18724590546832,21.881390632244635,False
2080,118.16311355561356,2.405285136109444,38.88284977683042,9.685262277075523,False
2081,122.26251807057996,2.2774991695628923,37.39168778215916,5.384290530581466,False
2082,122.1998820611268,2.2980737198803767,37.96443151098015,7.8858756564408115,False
2084,121.49118895654918,1.9890315331362856,40.48945011984726,7.907174301578817,False
2085,124.16946239861748,2.089594746368116,39.697567531122885,9.586943284760013,False
2086,123.4089261728718,2.2315866697669398,39.724038848445694,11.715284631570668,False
2087,120.7046140602568,2.087137352447752,37.26924777132837,4.061500584437042,False
2088,119.54927342869468,2.3566273070544903,37.696539160038185,9.972360068381928,False
2089,119.04903209856305,2.1625201558192035,36.62169896648381,7.991965541804101,False
2090,122.45024132701994,2.001493438500562,36.41992785729682,8.482855900059558,False
2091,121.60482231674295,2.2131543350375327,36.511380444113776,4.719961778561359,False
2092,122.95115241891682,2.234067754161358,39.07634495279398,8.136950452276883,False
2093,121.40880882067556,2.3869364125792663,39.43579317527964,7.969744539114043,False
2094,123.53816824607706,2.278628180629485,37.09464168502249,5.388822892812513,False
2095,121.29323685216887,2.292229278271967,37.30511748556992,4.919775812565172,False
2096,123.43253502000825,2.2640583368014453,37.52483193502916,3.202649210609,False
2097,123.69955058813656,2.1623554957416142,39.25970592076626,7.411818026254586,False
2098,118.50596744630307,2.056756176977747,40.76694398517729,5.826653865040838,False
2099,115.39475345470068,2.257767670331875,44.3311864212994,15.782817484619647,False
2100,125.78482785364513,2.133375046823272,42.97503500572437,18.768024535605186,False
2101,121.795642065208,2.537964524088203,40.03106710041428,8.685392866489643,False
2102,115.68509372396204,2.468436458954644,44.8098815287352,12.35192973334254,False
2103,118.787159558622,2.326567826470322,38.08914640761772,7.969734759688173,False
2104,123.39281030634646,2.275693387858597,39.46620892726117,8.721908472167799,False
2105,130.55594337289284,2.182408189803765,46.54281924965965,22.258161754138328,False
2106,119.41260960011071,1.947775253730573,39.10098443852215,6.420717344582478,False
2107,125.3427337669702,2.156765555335607,42.81899624586688,12.325133993862607,False
2108,117.7534098462102,2.2202800066810515,38.5415688672227,6.330560060902197,False
2109,118.52572459096,2.2458912948889327,39.57454277855311,5.383187807159322,False
2110,121.65529807264964,2.2939072734031654,37.94162618868933,5.6776592124442935,False
2111,122.21041028936703,2.3842660395755373,39.03040109141698,5.901647377177312,False
2112,122.53866340645628,2.0615691856614267,39.60159788356575,4.682350618135849,False
2113,123.82483793816374,2.063384878558198,40.3762205482776,6.483583616188903,False
2114,121.6155937241127,2.490171335948632,37.68921887990305,5.162053897233139,False
2115,122.51709021070909,2.35419631783863,39.71967282275765,7.689233758268472,False
2116,120.19645129612324,2.121845811573336,37.00707030508711,5.280668717026653,False
2117,121.19436474003382,2.1785577662095528,36.2916324920967,8.296410756466678,False
2118,121.33335595816628,2.1794572106650203,33.87057507293685,3.916835127636866,False
2119,121.66680422103902,2.206314824456277,38.0066348939647,5.722528376982576,False
2120,123.39487340350657,2.2945366184477227,38.19378172479961,6.534235201290458,False
2121,122.72095161402898,2.7069985492199664,39.168649199620326,7.353711858425037,False
2122,121.13707270899056,2.2379513122325307,35.44153795180332,3.7215591484146326,False
2123,118.49170944668278,2.3325196300850504,38.54280261379994,11.064088257539284,False
2124,121.2097808999944,1.862704658761972,38.62103264334437,2.0032392432564494,False
2125,120.9131448668232,2.103020001444233,36.66287264886135,8.462052790348174,False
2126,121.59886289742091,2.4457630005433213,38.610933862576346,5.496500960774363,False
2127,127.84022845213524,2.2804630782713238,47.56939018743968,22.625660552409343,False
2128,119.37630438652216,1.3221770830270327,38.537354435235976,8.658332921704227,False
2129,122.3090959592886,2.3348046404632394,39.15072649907958,7.429363121534552,False
2130,124.31223240845732,2.583632878925754,41.6522305061296,7.652758147865424,False
2131,121.30380593370808,1.8008184827760414,38.14054570469517,6.372474470873629,False
2133,119.82807819563244,1.6456088738748145,37.70669763632792,3.994835997337688,False
2134,122.00467658919214,2.387599789010683,39.05010448276462,9.578295438373324,False
2135,118.52370219083176,2.198270274797552,38.02142152620473,8.079052517232277,False
2136,119.9102733210558,1.730005756951077,38.02976435602434,4.792493715532478,False
2137,121.77169512222964,2.2892275654479577,37.62936361169815,3.711179845829876,False
2138,123.62354259315396,2.430167949830412,39.37988434406581,7.184796066956824,False
2139,121.98919398547308,2.2727774007643147,36.90320375497296,1.8274478302797,False
2140,124.90325603293768,2.3169655274119227,38.94426202703041,9.743428189320833,False
2141,120.70560753716272,2.117664777532188,38.696032123626125,4.730771659435728,False
2142,119.97027755749907,1.827722048955796,39.486643078425054,3.529728974692919,False
2144,122.2221367132703,2.549950783889259,38.80820000130717,5.307110404273262,False
2145,118.7696072074665,2.425916170845492,40.50256123127551,5.733118568377462,False
2146,118.847782337031,1.8024248340797309,39.79373335192609,6.20307982744829,False
2147,118.07769226495284,1.8970211185578132,39.33710291735073,8.863663073710862,False
2148,123.90336500315604,2.030806451640532,38.6279509544653,8.289455219430234,False
2149,119.87043039203095,1.881404909743972,38.3859755529894,4.314721957370173,False
2150,121.3948236745351,2.208837983911208,38.356415437975095,5.493301607567534,False
2151,120.80312310924135,2.278683161036105,38.13307707672792,5.117281859164287,False
2153,118.37509331205952,2.355425691855106,38.10838248512722,7.063388374474312,False
2154,117.66572591295665,2.320220788804003,40.99531918995784,10.191827004434764,False
2155,121.69532165226296,2.0903681750312595,38.71847472676082,6.456277963840352,False
2156,122.86297378256968,2.1654956028032037,39.02461645229941,5.977802728523248,False
2157,122.03085017060268,1.8100397648693936,38.37807519492359,6.857796536074414,False
2158,118.49069343979828,2.1335475687425856,41.56828060494564,5.541901350304209,False
2159,123.10020301048333,2.201476994826065,38.158695170808095,4.9407215472678105,False
2160,118.69403112600354,2.233749519045638,40.83571396521857,6.583737926486187,False
2161,119.3832302011622,2.275775382404035,37.62083599814709,8.960256262417458,False
2162,118.0737440733618,2.248848348646115,41.32548996944411,8.507218902287418,False
2163,125.0335908808213,2.147131260546866,43.182746001750544,10.371254349480676,False
2164,122.96360677718478,2.2572389885108635,38.46729878216688,9.483375253684727,False
2165,122.87547946460452,2.40040639866205,40.9330850791528,5.885915100866904,False
2166,124.8663554055416,2.1809003853380715,41.89846155960127,14.678039593529643,False
2168,115.70139907787852,2.1627657874671766,43.69013420831348,13.104025520589836,False
2169,118.71103259928095,2.070648216704086,40.62525278548062,6.717692364325489,False
2170,119.08985723905896,2.304575933383521,40.00268609321824,6.003765782921062,False
2171,118.36245917061365,2.088954811165959,38.15500423607653,6.10014961427438,False
2172,117.6594919324285,2.2772293801984382,40.27394420704462,14.04939870082964,False
2173,120.07107550142835,2.205651074302009,38.4544180368997,6.107405732246271,False
2174,117.22852848260284,2.1392130646959715,40.46939346364008,11.060473282264322,False
2175,122.03863133936598,2.134371433570668,41.30246575339204,4.699993663129457,False
2176,121.1602647964287,2.098375801516863,38.30941352352128,4.111417850725271,False
2178,122.57395820007858,2.2765790190323387,40.09312212896633,2.882971177537564,False
2179,122.8693212456227,2.2463093650556645,38.293982026963526,4.251584173466041,False
2180,128.99623959573373,2.369934050489699,49.00713632445039,26.36315257071423,False
2181,127.57554454816436,2.093708619538641,45.34426082881885,22.90021501741817,False
2182,121.7267364610945,2.5790767250953337,37.52644183433528,4.673268810717457,False
2183,115.22629726686314,2.124052810430073,46.69763305902946,17.658163096542182,False
2184,117.89263518812471,2.024978071561061,42.16551457306432,8.632185116765598,False
2185,115.60444073401376,2.001263016031467,43.3993687275016,17.85211191204941,False
2186,121.05373735036903,1.853215519354068,36.84386716753719,2.1900369613840898,False
2187,120.62240380543469,2.506525578478626,38.76904771443464,6.648232697225852,False
2188,119.54788033651168,2.4742134781537324,37.65395927036665,5.5601200644703646,False
2189,127.2338709484416,2.320149032576952,46.200301047319286,20.558681419085296,False
2190,122.70184690963842,2.0207822384448444,39.7765087710044,4.657063014755445,False
2192,118.11367218737948,2.129656167695669,37.27774193622309,7.921048133933269,False
2193,117.90265083687386,2.1461948337546697,38.41917603814235,6.653122747902584,False
2194,121.11409704720056,2.487451816087215,38.01580625139594,2.7717716230637297,False
2195,121.5363221329219,2.3317821168961745,35.64083102164286,4.197892913051692,False
2197,120.44104822916644,2.249744452063804,36.259008486948765,3.871216252562754,False
2198,121.04362345690788,2.120593840084255,40.13233937024365,4.573526282344553,False
2199,120.3330375861095,2.077639023308041,40.91254992273476,1.7726786280211413,False
2200,118.47848972172532,1.8306007645618747,38.02310686531319,6.721070080286628,False
2201,119.32744093604448,2.144280845438759,38.94922612498166,8.123923466434444,False
2202,120.45173649992434,2.428918667765476,36.81760557881744,6.645050122273484,False
2203,121.28148007319116,2.319766834531214,37.61532054428195,5.06257918070972,False
2204,122.87485390590676,2.2040616013120813,41.1178271034112,6.893217186499753,False
2205,124.3506542353477,2.0010131112367344,39.86321932502334,7.555714580069829,False
2206,120.08752205706551,2.2453746036025475,37.81132681828698,8.577849096973335,False
2207,119.5859157920424,2.402562741039074,37.21463146498692,9.82862071389471,False
2208,122.35673258795634,2.286143851293997,39.89500532031332,6.157418058669302,False
2209,122.89361924087363,2.233347033926672,34.54662792918828,11.377330928809249,False
2210,119.65397865689744,2.040608469343759,37.82295364234816,4.541774203713507,False
2211,123.45021977859514,2.3734363628224027,39.26113500957605,4.924201381065577,False
2212,124.03671455758352,1.573619036251164,39.16935923812654,7.079287223705067,False
2213,125.00422804354189,2.276569141773029,42.65005444948172,10.394813274998066,False
2215,118.31410997015574,1.8983253225336307,37.75142978878832,7.190699496274556,False
2216,121.04308444893078,2.151726109059727,40.721941029244775,3.567303650081244,False
2217,121.03496085951784,2.198417801975055,36.15003242591404,3.4933559583972498,False
2218,120.69597193754925,2.1074834371886846,39.69555515998526,7.398393584847382,False
2219,118.98728494920856,2.407274848511796,39.08600082074652,8.512730978275988,False
2220,116.39475778998369,2.2944902028710605,42.01100485259355,11.700480980448722,False
2221,121.28730628268993,2.230460074509464,37.48598286943749,1.6649008944789885,False
2222,118.61809745540148,2.359454512233856,39.20459451317388,5.041383171240096,False
2223,121.26657979031764,2.2033501418143486,38.28657747303619,8.49523596586116,False
2224,118.53846502073355,2.835972897764703,38.13681332313051,8.629439039597287,False
2225,117.59105912788254,2.230269386731349,40.252471186328535,9.3916838679183,False
2226,121.72632491716838,2.239056419697941,37.11418586496006,8.935424788841893,False
2227,121.46785673310012,1.8579063900853447,36.468591397799536,8.997431391289377,False
2228,122.79577411109489,2.091309934539316,37.64695181158204,6.260396386601053,False
2229,127.77617767589464,2.4294755363599623,46.60668143446038,21.23741801834236,False
2230,121.85959754675362,1.9329086299280256,37.61635836074899,4.352729083821748,False
2231,122.5037534778988,1.7684885651396092,39.05969777201334,5.450699836580699,False
2232,117.6595598805113,2.206463094237515,40.611802302647085,6.281471613141169,False
2233,117.01058693433724,2.474148901494996,44.06803986352461,7.938661698218545,False
2234,125.90677128499732,2.208476245739225,40.42322005968448,10.35368970422482,False
2235,118.13721268220677,2.1327750794747318,40.41316452600037,10.128683242568195,False
2236,117.7637733784472,1.828302412451804,40.31244211421199,5.898942737582571,False
2237,120.87879334422868,2.290450824540439,39.06360347683227,8.910070236232837,False
2238,120.72040351853008,2.332255021776609,38.94860308794261,3.839642974078753,False
2239,118.2022298300258,1.84365350017978,39.50756466810371,11.24059609628593,False
2240,120.0545830219894,2.426906489739444,38.42108558802214,4.81923139036435,False
2241,124.81106472471532,2.353139105178422,40.228037177119255,7.307720152840411,False
2242,118.50141981262142,2.4264631885094694,40.17122262276816,9.824195939790664,False
2243,128.86246802438848,2.3167050183666684,50.020637164495945,26.327985131964585,False
2244,123.92204022478936,2.330736541762264,40.88830456680726,6.46691477584314,False
2245,122.52612042700792,2.304144179740348,38.48226410519384,5.385025938670626,False
2246,119.07639227598916,2.37369446430024,38.18087801951191,4.774081057090111,False
2249,120.83041624576724,2.0527984199620457,39.69282179155858,4.542437715075571,False
2250,124.61358347863984,2.1740359656654897,45.0762985847848,6.314401293741961,False
2251,117.78659587790406,2.277627384661636,41.85754460281419,7.710417419495066,False
2252,120.73798836731444,2.2649363306457704,37.28017949938908,6.560713184234575,False
2253,123.09294844567418,2.4234211622912065,39.78241167474586,6.336242487755251,False
2255,124.2047371206106,2.0255229783412414,39.05676586350689,7.026143568718351,False
2256,117.33440322616003,2.247715222010094,39.317012849458,8.743712296459579,False
2257,122.0291860297165,2.0304336904556326,38.15076404683617,8.247729761822988,False
2258,121.7647177637933,2.162350592329287,39.17867440032929,3.239100852467354,False
2259,124.36221781353792,2.264358273809699,38.39164114976592,10.526141902687044,False
2260,122.70786558076998,1.518257584705662,37.7045298372846,6.310286614409265,False
2262,118.56718433381644,2.313281735479495,39.35633095168996,5.880030289042104,False
2263,121.42843590099515,2.080859344917319,39.88153831745623,4.595868066950497,False
2264,120.39556235302868,2.585473951046046,36.24559818089752,5.317002361849966,False
2265,122.480593262246,2.1305137659027613,41.540088823290105,4.977987510115405,False
2266,123.44703632257608,2.226503877165612,37.31796691144101,7.92551636507178,False
2267,122.886200382932,2.102576837920475,36.14479258012928,7.314347290234328,False
2268,120.33574767808116,2.530398367488668,38.02048423903191,9.482573486388947,False
2269,115.2763552655265,2.1790030587388243,43.732427383502745,17.194599222051664,False
2270,119.58800812855009,2.229896820147902,38.3882362666506,2.264541320278444,False
2271,122.29074125923076,2.4407564306050893,38.27067791698067,7.992840802991703,False
2272,117.61961351709353,2.317027891492216,40.25943633450006,8.812100251727149,False
2273,122.95695166337688,2.189130386973186,37.74739081695877,10.363039124057767,False
2274,123.81601922152863,2.4220781944714926,40.307045134677736,10.770243949366671,False
2275,121.39328762651712,2.7076966458855907,37.6214902853804,4.294128275958035,False
2277,117.0379260755934,2.2233520175745136,41.219082623855,9.565795643140952,False
2278,126.84718639152383,2.2341254167238165,44.26766786366221,17.17146861421551,False
2279,119.30573284161204,2.462085900166304,36.43749534748186,7.489060568669732,False
2280,114.84915600830011,2.080160452993416,46.09949173736785,20.55620902506908,False
2281,124.82926690376183,2.144336488057668,39.57595676168268,12.033040831969902,False
2282,121.04140233378538,1.892511410174672,36.24542670350722,5.34308025426938,False
2283,124.42531551576894,1.9632264274720053,41.26690750605593,14.024980644052924,False
2284,121.85857189318004,2.096439999460406,35.85120097355451,4.764462221114089,False
2285,122.42153332225772,2.1888126011879154,40.280417928816384,2.8535837449725188,False
2286,122.125328667915,2.553816665154024,38.4862315140971,2.9552989528932545,False
2287,123.1622137669551,2.307198560985045,38.97154162194979,9.636923618136017,False
2288,128.0600343905239,2.017584297962041,47.62050310826786,22.499789410674108,False
2289,124.01011964147348,2.054403902927177,40.98706444156239,8.673496335897326,False
2290,116.10094811467884,2.4749497366461317,43.27637964883852,12.569452909417834,False
2291,122.3846506973646,2.425322069725839,37.52987102625367,5.010905433130841,False
2292,124.53859038111996,2.2056299820448406,41.01452892042512,8.08708552407052,False
2293,124.72837250026204,2.1114947068922336,38.87054643808507,10.960453070575785,False
2294,119.6775245525168,2.4249865671409285,36.25884181700923,5.627107614898083,False
2295,124.6113277800832,2.001334574655063,39.41292952285274,10.591101135146692,False
2296,123.87600143860874,2.278406079611505,40.27408998836612,8.739917428311056,False
2298,118.6749946176296,2.241071136450292,40.55291605139376,4.320389321742657,False
2299,119.42705821315867,2.044878104147679,37.348325282434985,3.12893182027826,False
2300,120.05103094977414,2.282073740534308,38.94518748944879,11.265827814620922,False
2301,119.4803113348798,2.105998256196931,38.360048082442994,8.816838318017474,False
2302,118.24093567573284,1.9211768312493172,38.448777154834445,10.41069945799866,False
2304,127.1115121736301,2.4235668801099446,44.14627803149266,20.596740364639565,False
2305,122.1450099850697,2.1378186655854856,37.47057557811103,4.109677447540241,False
2306,131.70002043229093,2.1245528651807457,46.96351929661904,16.103417661369697,False
2307,126.99968166894024,2.007686921775634,45.75077012657725,16.679993356302308,False
2308,121.04146501941918,2.170012879906487,37.800583767451045,7.7203532022586,False
2309,125.0021900710708,2.087526323415362,40.98748448541108,12.403550074897776,False
2310,121.8104032794629,1.997793462659349,36.448052664018405,3.586772513295639,False
2311,123.5618626606691,2.5784337660799213,39.54108590493207,6.8989486069465045,False
2312,121.86564881719404,2.293298563349901,37.12132784659824,6.88560578282781,False
2313,125.24323235890104,2.314479021605871,40.63467705942018,10.416911647212766,False
2314,121.17341198541044,2.376679913786486,37.693705980337086,5.361738966021584,False
2315,122.53797419507524,2.3542072433519614,39.474614724861645,6.7913877680742045,False
2316,131.15113453650434,2.117378009440657,48.79967150970678,20.16602725542716,False
2317,120.10631507980531,2.2545105245942936,37.48522313118348,5.962411770415727,False
2318,122.2554451886665,2.1461939031478683,37.60400150155588,4.509625287424282,False
2319,127.92659736321282,2.287692724955332,49.38166246790009,20.94536114493763,False
2320,131.02141109863396,2.268338177191633,45.45537904501435,17.079965494008835,False
2321,122.30034116784508,2.12346794782716,39.40856965957372,2.8252709758231265,False
2322,124.89911474769528,1.9341402554156404,38.908460572043424,10.303060926281752,False
2323,124.53478517092726,2.229247411393102,38.90880508419373,11.124040439328216,False
2324,121.03632089493004,2.1591461024385405,37.33174464498768,2.577925173700483,False
2326,122.60177873781024,2.301532353777744,40.74509809549677,7.588792599143799,False
2327,114.11962979826852,2.393068422448555,49.33312278736862,18.279028778745445,False
2328,125.55680541591782,2.7056712950417903,43.03168972346244,11.95346236922948,False
2329,121.5253690006991,2.121760499335868,35.63976271070081,8.42440378628436,False
2330,124.09898946160315,2.092257620690187,40.31660746203296,9.60999542283363,False
2331,118.20345547163876,1.978115793912152,39.00655751167564,4.383362871469194,False
2332,116.18722683276984,2.241728381297402,42.0341426893168,14.557819924305788,False
2333,121.80833859083762,2.240463636111671,38.34499449800328,4.007994038069248,False
2334,120.89582933613596,2.0377407330426505,37.38994432370546,6.517281201699698,False
2335,119.47622343891278,2.165014023599232,39.64090631154564,4.701507896300105,False
2336,121.26244997027156,1.8042668666221289,35.498412399220555,5.123346351030707,False
2338,123.58702919684409,2.045864148065567,38.32957202380297,7.548451696066475,False
2339,124.25344567817628,2.1930687297174045,39.79615335419528,7.826885742864473,False
2340,123.6162043638154,1.9146613157404444,39.9018099054373,7.17086118668285,False
2341,125.5863326459418,2.083529280107685,41.17507814923784,10.328406982940724,False
2342,120.41077781400767,2.144081769296495,38.289881993688624,6.25376720584953,False
2343,114.6302399462066,2.1977418306078342,46.65020582466646,19.73388699643925,False
2344,120.41538298768135,2.2959465031045028,37.21642802651037,2.24821083708444,False
2345,123.51638070098916,2.4878150166972444,38.78133357129416,9.302801795692403,False
2346,117.99361877514328,2.3465421885538715,39.78751471667462,8.028467700866313,False
2347,120.45326555348308,2.392432908629249,37.06757461576962,5.611970047101087,False
2348,118.85551379669285,2.489220821988628,39.02096345468175,8.26225455351663,False
2349,125.65629068071372,2.31394157630454,42.4081998305604,13.41202527663944,False
2350,123.32331674776034,2.1926585608762013,38.39284885810616,9.303116249724006,False
2351,123.01977592399628,2.4018223812510118,40.96428375636798,6.070561681913976,False
2352,122.926964070675,2.414601857192332,39.35671381585804,8.46503251921672,False
2353,120.8845273170884,2.3297131675932072,37.5054075644999,5.43822365300849,False
2354,121.61242447583524,1.9090744805927795,38.27213258256458,6.295775815073443,False
2355,117.32592780034982,2.0317079693810705,39.63487125840776,10.691477713200834,False
2356,114.22202986587324,2.145029179193904,47.539190321793,23.63669531677812,False
2358,122.00436979444363,2.195730716185888,36.60109482759512,4.711469126808063,False
2359,124.74872016211869,2.4273737266901128,41.59519889024526,8.900108615256556,False
2360,125.87114102985534,2.4630473257488563,42.56286677180615,13.41027234602886,False
2361,125.86699530349674,2.439834093735441,42.74917485485542,12.046482411440184,False
2362,117.90612686078896,2.4411081128960577,39.36651540347657,6.551052668015965,False
2363,119.90797839165572,1.9926012190682565,42.10917023031601,1.5740792259155132,False
2364,122.48903631723228,2.296527099891155,37.626390718661845,3.032430964038282,False
2366,125.58830753151314,1.8701867337281604,40.55165295857636,11.321047627012488,False
2367,124.47013120219498,2.142505773588833,41.63629173280244,13.031208265816682,False
2368,119.7978573377972,2.4649473931254504,40.05532083485144,6.471795185296417,False
2369,118.26208114341912,2.292148402023693,38.762827577563954,7.729129641718824,False
2370,123.44561443848804,2.6035618743211786,40.97846116650916,4.44221077164906,False
2371,117.58795008087348,2.2354460290536227,41.525325622929785,9.28360052930844,False
2372,120.26084731196106,2.6895605507185816,37.87387210288983,8.986370500921954,False
2373,120.64418835809404,2.2355042451034106,37.68927225449178,8.203820487212338,False
2374,125.93802747628072,2.204496059230748,43.59963667277106,14.25549381490153,False
2375,119.900438360825,1.9441219824157008,39.40668044443568,3.44069263420129,False
2377,122.56377840775365,2.0995749742119045,37.65813784754413,4.43596651554911,False
2378,118.83303225537784,2.070590472118255,38.80659566423703,9.272006584170644,False
2380,120.73121542738942,2.4316445337591914,38.34247186870921,5.597482187704122,False
2381,120.15151761296492,2.426410273442136,39.28850597439132,4.876119998894068,False
2382,123.45005580353258,2.127561773189004,40.02246064031721,10.243520647804152,False
2383,116.2481188771066,2.18980482693895,43.32304739254134,11.24384124449529,False
2384,119.39725590264148,2.18802912046083,38.70644207117545,6.197540347006837,False
2385,123.12051753066388,2.35650363613448,40.15585862445009,7.653443508386134,False
2386,119.09633719643246,2.510712933698846,39.73149996123495,4.829055070755164,False
2387,116.01269920126308,2.2736293110396817,43.815158757973016,12.697372219335154,False
2388,123.07252156409588,2.594978217071472,38.043084756189074,5.347269571318405,False
2389,124.48159335436875,2.3794388836066123,41.16795474995367,12.134303326192036,False
2390,120.86051485630668,2.1530401211771166,37.91717002575994,8.844107463267369,False
2391,114.92137864474444,2.365742281225795,45.72818758297654,18.350478960648548,False
2392,123.18850621476632,2.5411880557417548,42.53611184691148,6.366730492843509,False
2393,115.85434756759896,2.599657796668267,41.824335870096256,13.32751059178888,False
2394,121.95727775822932,2.4373782689198165,39.44767047218284,5.524051242795812,False
2395,118.2488621432993,2.2051348907316,38.54365486391579,6.803644499570191,False
2396,117.4044982141224,2.156661349188816,41.01463341644118,9.540314121812203,False
2397,119.63007894705297,2.3152139007122785,41.75203418690489,6.641981655665084,False
2398,120.4317775750755,2.534794899054209,36.81995318604988,4.542912262163778,False
2399,119.002954423802,2.2867538244428904,37.93636757607519,6.235649542727402,False
2400,122.82498016246696,2.2909063743737623,38.70995371225048,6.013329886051912,False
2401,130.87697719308846,2.210279570863418,47.23632541167085,21.59843023951033,False
2402,124.03859170218264,2.134421787473758,41.1805419533885,7.592812870069823,False
2404,118.83757265955144,2.227085197049106,39.87895277279241,3.4722337458965598,False
2405,118.31558636011992,2.543619999247965,37.857390978454255,10.713258538593395,False
2406,115.89276147295294,2.15205724429384,41.38957382907335,14.586865860339527,False
2407,131.38408968396502,2.210522415182276,42.85294208482827,20.16640137637726,False
2408,119.9007786035208,2.026924467918698,36.22676309981622,7.000548475450059,False
2410,119.33928389441486,2.473335835743657,36.61801061869348,4.428011037431895,False
2412,125.88460053572904,2.2406729049391423,43.78675677771879,13.081333581101262,False
2413,115.72138630313074,2.314870856655847,43.36775462829006,16.28080581021846,False
2414,116.53181252082445,2.1692899355659927,40.4183294959656,11.078496924251898,False
2415,124.44090589362769,2.305603735938905,43.25671674922991,10.499011795419356,False
2416,125.20596578813829,2.262793030499843,40.58970866231029,6.892501558010122,False
2417,118.69055288995052,2.2116528774502977,38.91824496016,6.334163400187605,False
2418,119.04053394929238,2.227550738455426,38.57274130871482,8.761388519818468,False
2419,122.91032972931528,2.29038445667873,39.72626102599181,6.15243043698443,False
2421,115.23029957803276,2.1515006415843936,44.24883610198443,15.603302913675654,False
2422,120.1297264573628,2.541472402734311,37.74304734590685,-0.2881612561745958,False
2423,125.80466075500028,2.7421093537692767,42.78364912993642,11.357243995941316,False
2424,119.64923672668311,1.9591266102931917,39.37505086017732,7.847355104963518,False
2425,121.31290405437898,1.9481057591247883,36.50272147907811,4.12732287443354,False
2426,124.51474674494844,2.00856943443837,43.34130155363016,8.641071350591648,False
2427,127.53134267316226,2.179342316992289,46.39791776144219,15.70000983462543,False
2428,119.21176973324025,2.3791561022074514,38.69213463134669,3.2206268135206315,False
2429,120.94780615642638,2.3182505884096547,36.49261305180632,7.462046908396975,False
2430,126.6483711861628,2.234406227356094,43.331294637335525,17.53929272309294,False
2431,116.28118224690655,2.30578710939158,41.76203608531924,10.528400185683491,False
2432,124.18550131871685,2.0615827686743264,38.97075192037676,7.553508984052248,False
2433,117.8432218496801,2.1511754456494763,39.65382049247288,8.632409449920296,False
2434,121.31766433801978,2.1959810903248407,36.74954580157004,2.9626760299795047,False
2435,120.24788095305917,1.8831567322256293,39.02866842105214,1.5901156925940816,False
2436,118.03016403782618,1.9677379590554809,38.92250457737471,7.984474238642383,False
2437,117.95238402425936,1.9756867877444684,38.88139174834223,9.53874336558554,False
2438,121.85688452918664,2.352821644736755,37.65067571784662,6.581516791212708,False
2439,124.08617191730433,2.2490709897144834,41.3860711049999,10.1965110186353,False
2440,130.5040539883395,2.322212240014789,50.12222645761598,18.9893407716808,False
2441,121.21735079207298,1.8320690020395076,37.880796711845534,5.326548107056347,False
2442,122.77063960550224,1.90328666278968,36.8267780138068,5.787250022365264,False
2443,117.98798180365982,2.332643088051299,38.51037479749573,8.209569462834855,False
2444,123.29304677608006,1.6442660716667898,37.49484105175255,6.637937127147046,False
2445,123.53996360088522,2.444925871519961,41.118217911414845,6.203143739683346,False
2447,130.00544639306082,2.368668978384996,45.26561737977069,24.95981301952192,False
2448,119.5799464148288,2.022283075048608,37.70995834367331,6.53277457906781,False
2449,123.38379420187862,2.4097807430343168,38.17726722621169,4.368715582599172,False
2450,123.53922292362763,2.8416321827832998,38.26686409099781,8.355628710242858,False
2451,119.3412298245322,1.745364473975775,39.20372540948576,5.313152339954733,False
2452,119.75019570151684,2.3390754295721297,37.96984528557193,4.950656373383754,False
2453,122.67750559847592,1.8383674572812525,41.324603574828686,4.724921018692172,False
2454,118.43448885372256,2.285353784443501,41.073474209040334,8.523814502625134,False
2455,119.72734463715344,2.158645567289621,40.0586478105748,4.247213299522951,False
2456,121.27773757884216,2.225956464492369,38.8897344632268,3.143012453373245,False
2457,124.087409922949,2.017662744734353,39.54760521545193,10.68655015146479,False
2458,119.12574428984342,2.3561082218993,39.54995173264046,6.089617384912307,False
2459,115.28860816770492,1.910328432405924,44.72291676275427,16.33677469071723,False
2460,115.05854785069354,2.4483274525797483,47.8855466672965,18.87098060340008,False
2461,117.09581949321098,2.118149938677964,41.878940792475,9.26650416874924,False
2462,116.9291800735802,1.9194618645193824,41.98681493831796,10.110560177638698,False
2463,120.52070664827828,2.51898736466814,38.21573332689938,5.861261753425012,False
2464,128.44596596108588,2.1865314694381697,49.60253223284447,26.06804929061061,False
2465,118.82145962455428,2.5815271940884053,37.180252962850574,7.281201547466143,False
2466,118.60033375655564,2.4442712258626687,41.65662175355314,5.779587555529627,False
2467,119.63442563137122,2.040370859042713,38.16825458868592,7.478075600354348,False
2468,125.09976342772168,2.18300203981265,39.86977956736219,12.121481378164312,False
2469,123.0520375272346,2.2242075879327152,37.94851611176343,7.461442182865244,False
2470,121.05000118735562,2.505260639997288,35.85450058458147,2.1476536093042817,False
2471,119.5708185301994,2.287503542673423,39.29911689745804,5.71844463493723,False
2472,119.65697876446863,2.235258524219292,37.04703449314893,3.594490648893743,False
2473,122.01601405685103,2.1600240825803385,38.44637057008428,5.491258181645274,False
2474,122.8109241273921,2.1898885928290723,40.19596030215319,1.948774782219289,False
2475,118.18638573108814,2.460918417135665,38.8679915487934,5.043167529065592,False
2476,121.11309034240412,2.200741070159495,37.65427887268821,7.463640155737135,False
2477,114.70197933714462,2.1210005457403653,45.031937546454905,19.78397352882612,False
2478,121.65631273092885,2.0870985668772626,37.58989996653489,4.678511130061381,False
2479,123.36266265007193,2.089246969232768,42.57430916842526,5.42714886621189,False
2480,120.13178725666928,1.9195808007914472,39.17714765423358,3.40374523527317,False
2481,126.63123368803431,2.0499249383347045,44.6322248822739,16.67907343190664,False
2482,118.26816081294824,2.4996840551300648,38.84665352862433,7.159129482143613,False
2483,121.67406528744011,2.1586801478865008,38.044536668227614,8.29765705240893,False
2484,120.88894328533554,2.34088233371122,38.17177936850359,4.853265689835558,False
2485,120.68907723092543,1.7042486964198331,37.47647743374289,5.345404474179762,False
2486,120.64560127918529,2.313662261793176,38.71670861423179,2.605802869355082,False
2487,121.33202559302936,2.167729459126177,36.78477128169529,4.5532558202127085,False
2488,123.62867210473748,2.1037119954218984,38.27427777004994,7.954754631607905,False
2489,125.27098233245172,2.2361919914842265,42.49433791267049,10.876158678135068,False
2490,120.99302424203712,2.1008349492375946,36.4807764258301,4.277322817628663,False
2491,123.52747982373208,1.775225016022329,40.353116365783286,8.05698227944955,False
2492,118.82452246657296,2.3844495882343875,39.022629753542056,9.73461010942189,False
2493,123.37446190345132,2.248603512269639,36.86409326847479,7.448766069414454,False
2494,118.63782627613632,2.13721150905043,39.369919097605866,9.326906584198158,False
2495,124.3810458018732,2.006762925585513,38.324232945194495,10.382059267313254,False
2497,120.62153994728868,2.244778541413612,37.70818241450384,4.091663349665778,False
2499,119.30097390694104,2.240633295348208,40.02777842396132,5.82507159826044,False
2500,124.81881291629684,1.923447678781435,39.82943280162724,11.342092980857991,False
2502,121.7716321558926,2.1893314075506547,37.149359926652856,5.646002427515199,False
2503,124.12687190346,2.3728087252148464,38.56337595446298,10.287807262240788,False
2504,122.5018056616701,2.321346635482345,40.86965196693359,4.919067279633925,False
2506,123.85021339760566,2.309048440885692,41.00066205605409,9.973338684314925,False
2507,125.71727140348456,1.9993041180991835,42.52504270239356,14.275670380203524,False
2508,122.11226786010938,1.9156542517102604,38.03860301961427,5.887921516035612,False
2509,123.80630414463126,2.162305317925288,39.690160320216826,9.311684364830532,False
2510,120.04790607343406,2.2821942218060025,39.637927340071,3.81866051179818,False
2511,119.13547148416708,1.8718530779426352,39.16993483137488,6.7936516075083295,False
2512,126.29097968529882,2.3409152834115106,42.78424853013419,15.56903301655342,False
2513,121.67023449660032,2.3526677695063203,40.208095521207625,2.8311452381637627,False
2514,123.49512975417338,2.2093952392599,38.98898779915327,8.280695452141543,False
2515,121.3835940446753,2.0264752739545906,37.44019560500463,2.878744958093177,False
2516,119.18180148214812,2.0041243991621416,35.04892919414639,5.544001281583656,False
2517,121.03404696700544,2.4051864263160456,38.82497449162144,5.275951541211762,False
2518,125.45158145507992,1.897755462700819,42.49096347082697,10.747402977121672,False
2519,122.7212442302662,2.412894092163836,38.78169332763191,6.393791268457254,False
2521,120.33274218461392,2.1808331000714287,37.350168066110015,3.797486432486034,False
2522,126.5251107573846,1.8583824589173352,44.23545219902121,16.963548580244726,False
2523,120.33722972826514,2.1706566739742827,38.69874730774647,3.901845195301584,False
2524,115.41851605562404,2.3227171032022755,45.68450496963522,20.45068836946024,False
2525,126.86845154480989,1.932717982429604,45.27617811254496,17.04554347249539,False
2526,123.11541678041964,2.299727173450369,40.218116136685616,4.540786978727303,False
2527,120.78296013768032,2.2178024507358045,37.90769695108115,3.346237849836344,False
2528,119.8486050181456,2.071248877233539,37.63616194537194,7.844401524410603,False
2529,124.35529098235438,2.370934617298261,40.73469531415866,8.362904017228944,False
2530,119.3198514592988,1.7595486462042889,36.85383546209846,3.5968634567101865,False
2531,124.55959491599955,2.269336149748742,41.090091314325214,11.256804807646247,False
2532,122.6808053857452,2.5238870316146587,36.616686746660726,5.399196973884154,False
2533,121.75851396901078,2.4879886278201324,36.79053050908169,6.642867275541337,False
2534,121.45109589654037,2.2779613441077045,35.42046842300101,7.0487960765030815,False
2535,120.45759908618604,2.139663844773831,37.83707168681441,5.824450286693407,False
2537,118.31743722048432,2.139414841218872,39.43095181512359,4.441639336541909,False
2538,115.97203210682636,2.308761449583581,44.39836244291579,12.494056254158348,False
2540,122.95683881700816,2.351484763610076,39.3677005968211,10.836456058867896,False
2541,122.48874757278648,2.626632103600665,37.49282559584065,9.391933960611375,False
2542,122.26395794581592,2.187623352974521,37.53563054797747,8.20766903912536,False
2543,120.0063248271536,1.9311210393433391,38.2180815474988,4.03675113477873,False
2544,123.44119638359513,1.9310510507367176,38.48831371348194,5.998525918583457,False
2545,120.85876980706092,2.3553131103423155,37.27887501307001,3.632717021822301,False
2546,119.48994796147296,2.188050764207912,39.78248665703048,4.509578918393445,False
2547,120.03313693200826,2.375366179212811,39.53966448729808,8.363327221110591,False
2548,127.26398306620509,2.0932731501681303,44.49128622115163,18.46996181434432,False
2549,115.62157414565915,2.3661247095079663,43.30042185427097,15.112766121901233,False
2550,122.54934312331696,2.168340165310055,37.9248964020419,7.511497334973877,False
2551,115.79475767436648,2.0534991889352106,44.73961611709949,11.52238853333378,False
2552,120.66447665119878,2.1198003042395235,39.510764966927326,5.339428631568139,False
2553,119.65575479602202,1.9605891289153528,41.910097251607965,3.7483920244676776,False
2555,122.20601653034468,2.1807236372883025,37.77953736307757,4.594867236490105,False
2556,119.8218820072042,2.3289028177364397,39.07049266141785,4.473623284272837,False
2557,114.49246033806014,2.0926261734258405,46.42969420473716,20.45043079084421,False
2558,123.6026610814002,1.9896144356040355,39.30699541508207,7.991151111168086,False
2559,125.4485191517657,2.1532238978164133,41.81410144017915,11.708603805724588,False
2561,122.11276496601955,2.0958536417203435,38.43261729050912,3.983018426738432,False
2562,121.14278022958906,2.025893605454117,37.767415715577904,6.502148319061439,False
2563,125.11728552477696,2.231092848873829,43.38204918569233,10.741435890288852,False
2564,126.2153891145543,2.299804520143549,43.99119992536379,13.801138497612012,False
2565,124.51406297891444,2.528569633770637,39.08552877454253,8.01198177468629,False
2567,121.62416904496624,2.3287985357062477,35.36730144319508,8.890570036850182,False
2568,122.36250004730344,2.3438550473840647,36.83421621759887,5.7294460694207245,False
2569,115.3901873963566,1.969396923613474,45.7495571971581,14.040132388126208,False
2570,122.4550180448244,2.0073335859060912,38.14421448042845,7.686733355659204,False
2571,128.0462746605361,1.98322074207887,50.122257761524416,21.68083127909533,False
2572,122.98380211398243,1.933570848861671,36.308843655895615,7.116556897874125,False
2573,125.56758055246944,2.359091974974081,42.27461444620449,11.3512221903435,False
2574,121.56703566339898,2.2580100183327514,37.45257022968047,7.746004605920236,False
2575,120.77302319565015,2.21589921261829,39.253937220734,4.095587926772173,False
2576,122.18194130925104,1.6814566969195464,39.1819283554897,8.344874999777232,False
2577,118.47093739124826,2.611095371723724,40.24208248449175,5.445060077040468,False
2578,118.0122969195734,2.021145599169289,41.96763438280326,7.767707261017293,False
2579,124.92554412722504,2.610362551187792,40.91166403078148,13.25345583639973,False
2580,125.2542612628862,1.9101517038697369,43.717327642327646,11.854089639597484,False
2581,117.9275704216792,2.0375197682886927,38.719293176879255,12.819723519239872,False
2582,124.00079629411698,1.7594301234980745,38.57591017303756,7.840305586022939,False
2583,120.73042407562131,2.27242499518854,38.99455820232886,5.713816333276895,False
2584,122.05340658092034,1.9797486358377536,36.28796343350834,9.208166515546951,False
2585,122.4266777822487,1.9853999691803288,39.19238540570431,3.035939211216417,False
2586,124.0824864511854,1.9254971565651209,40.22208615062085,5.413877889564601,False
2587,121.25642642577589,2.355471012547573,39.4078745398553,3.711548542444793,False
2588,125.371502185436,2.3422927303135097,42.12692974415842,13.433919085044424,False
2589,121.95917980325576,2.5624067782157574,38.27526932707842,2.463291814910135,False
2590,122.93497124465556,2.0628586757854057,39.48574950868403,7.644833008643195,False
2591,118.41688596623452,2.2437638742093604,38.60650076943824,8.536110058531536,False
2593,122.4564572619354,2.1329921954529367,39.0834371780822,7.928865073019033,False
2594,123.2102920185698,2.0962309373437646,39.03671182574792,7.601582233819455,False
2595,116.01462398524424,2.2928899914990843,42.93836618937491,16.481243479766377,False
2596,118.44962372845478,2.403404361283638,39.32335287821443,8.500464182379558,False
2597,124.83743943254808,2.3982133381663,43.312634467854295,9.479946385674506,False
2598,121.88936246670708,2.031437545556478,37.59808850261934,3.3020869826227126,False
2599,115.06728282203034,2.3996935809246,45.12974378776418,16.437201942804865,False
2600,124.21869877984984,2.191182972578441,38.05952731172827,8.749867280752884,False
2601,119.31427330650656,2.135080620820597,38.57010956713014,6.527121039968957,False
2602,125.3750826562178,2.0582977026362164,43.06504517933485,7.842600250693429,False
2604,121.63459072666365,2.5484627692392468,38.22927806800054,5.395252248772568,False
2605,124.6547591936341,2.2614821532988048,42.181181892964815,10.915363812480257,False
2606,118.21777179035055,2.234922369500241,40.65357416076953,11.000199510461272,False
2607,117.9221748957148,2.1475506282926107,41.53089692056496,8.868294297744905,False
2609,123.56423567882578,2.461002097769285,41.48753867058331,4.047005786954294,False
2610,116.87428051689818,2.055787577040242,41.52414235917798,12.462867259049602,False
2611,115.8290927403438,2.1452769890590755,42.1572465602824,12.907132677780744,False
2612,123.55353487383576,2.1571510913258183,40.29735324420804,9.12917937976995,False
2613,119.13076723104228,2.22917439565652,39.78340599791958,9.078009189699744,False
2614,119.78409935994712,2.059754801473713,40.3662451720213,2.7837029729079203,False
2616,118.89516412550886,2.4904176264078632,41.503787685503816,9.206599500135468,False
2617,120.97654138044344,1.9372743781991677,38.80593124192743,7.13636732542356,False
2618,123.88417135863097,1.9743706525815867,40.1275115432286,4.12833461895165,False
2619,118.60918648467262,2.1033682889405387,37.45703958059238,5.5786573576671845,False
2620,126.13786597272072,2.112640887978434,44.20801218066945,12.006840402848738,False
2621,118.87787632504262,2.5996931749491865,38.2724955922665,7.770791346914511,False
2622,118.88241541508596,2.400341844002968,39.26147920180064,7.554778150615396,False
2623,125.76580841088318,2.388864470423653,43.06771170023642,8.023530865148517,False
2624,121.65552647232816,2.14712686129732,38.70779095580824,4.778820154050146,False
2625,119.28872334006412,2.142737318642637,38.51773299510503,7.746331410042571,False
2626,120.51908729334016,1.9096589172469205,39.26640719486628,5.562101344325244,False
2627,125.1945280903804,2.356348045609564,38.330593891480255,11.635830212396286,False
2628,125.54522874083962,2.298210920961757,42.7919945951472,11.737198502528528,False
2629,118.4679411442622,2.457199472935657,40.973727563660766,5.431974929080164,False
2630,120.86845518875477,2.157834057328767,40.43486994921349,5.173650347686022,False
2631,121.27948616576948,2.171644170759921,38.96873449360902,5.326316938246518,False
2632,117.94265565739856,2.2340091057121274,42.246765903789466,9.640557638865603,False
2633,120.82737633678502,2.378379515101419,38.22617255888875,6.533779481346993,False
2634,121.01650086740028,1.9059568755805043,38.00378125000268,5.363231993928896,False
2635,124.53464938470388,2.347211226747675,41.43686451620933,11.653137088186815,False
2636,124.74301758776473,2.195900887565434,41.078087177951154,9.391206362352658,False
2637,119.97945086508707,1.9882725464092608,37.21206980966717,2.82088550509854,False
2638,120.33674525403148,1.783078849469187,37.42696719139949,6.260369372212007,False
2639,123.05930613637248,2.172705257624329,37.48716441002728,6.924380770495042,False
2640,119.18591580832629,2.489542596654814,39.41088854331053,7.295985388859925,False
2641,122.82478447038596,2.534936933348279,38.7473737961902,3.9629858654390433,False
2642,120.72748988915544,2.2710752421340192,37.54796563552723,8.628504184540365,False
2643,117.99486440901028,2.5924011327684497,39.25009589856282,9.710748558042525,False
2644,118.0338061900731,2.1914117834086517,40.59220050803023,7.732212908418703,False
2645,125.48588195769642,2.3906607103285564,43.44167276123808,10.46573695110237,False
2646,120.51509341465578,2.109753822218715,36.5820613717755,7.32888851859984,False
2647,126.08509769108475,2.0970802321431705,42.014818005424345,12.15701389883515,False
2648,119.40772759178378,2.064498176623873,39.79863585513999,10.383959164793268,False
2649,121.90273612350762,1.7878942105751376,36.39161194187565,4.320136992231221,False
2651,117.72210109154383,2.071673512172397,42.465798634273,8.610117247282183,False
2652,115.1167750503107,2.039712244048961,47.71971912231336,20.317736279784945,False
2653,124.98842940699042,1.964005663677465,42.45889957742183,9.371399034120705,False
2654,118.43689177328147,2.1591281126927435,40.36674760193063,7.5351224428939965,False
2655,120.93581027127068,2.5526984621119486,40.92838615593575,6.730465839770097,False
2656,119.18365354760007,2.618755770164544,35.69109081397016,7.612636612023074,False
2657,121.83130462096148,1.867826624839584,37.5483984431182,7.533321064441144,False
2658,118.0533377577242,2.129110400804744,41.01325944521144,7.312789411395888,False
2659,120.44218572756176,1.9931284459812604,37.62998137756333,5.470040775302176,False
2660,122.39442751232524,2.397667548242304,40.03948598035765,8.252488124891691,False
2661,117.8742424525498,2.2573187094587857,40.09831897559397,7.279640632638666,False
2662,118.82973950809776,2.0726861345240333,39.20747375103547,7.9363387270741,False
2663,119.92311321584457,2.214514616118204,37.89805366857579,5.189485345483306,False
2665,119.69006095332388,2.52284921887498,37.666263915229536,5.9612245182898125,False
2666,121.368269273699,2.309391903003208,38.38235308263698,3.749729803791345,False
2667,119.76139828107588,2.333964684183288,37.33057507241707,5.241629911309983,False
2668,120.15873287191164,1.666616504393421,39.39486703231512,5.723076912226446,False
2669,120.9383048201896,2.186642264234238,38.85003108693028,5.006156605771099,False
2670,118.96719526645984,2.616642191811807,40.338346291895526,9.634501584255224,False
2671,123.14229395418732,2.465225814007337,37.54207148216157,8.725213743102731,False
2672,125.4515321868855,1.83058208281594,40.1502310275707,12.686611530944807,False
2673,119.56042078419412,2.137314833463281,38.45048394776637,4.475358164336054,False
2674,122.50411451758087,1.959696106816256,42.26616010366685,4.426182294093044,False
2675,120.2571868181526,2.5422203120725744,39.76746112461072,9.143360965126975,False
2676,122.13301076961936,2.248855656455182,37.56163674783743,3.730517362888541,False
2677,125.85391654673008,2.046440888053713,43.735177060137175,13.662510319403053,False
2678,122.5768445833561,2.206831588708158,39.49287952448988,6.756056151283313,False
2680,122.40738645748556,1.983007739308685,40.21627569070202,3.989070671552844,False
2681,124.82187760425792,2.207288745165262,40.99583328795702,8.821058333562604,False
2682,120.31305187300588,2.3691350736906647,37.98593240242955,4.326804700835604,False
2683,124.08646789896528,1.811737175880532,40.12670255735951,7.186162980684324,False
2684,118.86064182242896,2.123768938459514,40.49480993172706,9.324567441222776,False
2685,116.39482860548097,2.4019371477037645,41.6839359803754,12.60532186291578,False
2686,121.43762395838118,1.9097093351253456,35.82307223414904,4.271808062951761,False
2687,115.55492216568642,2.245836566956835,44.94259385755133,15.78032570095426,False
2688,120.25670986002989,2.213194900621201,35.46479013905383,6.662484301322222,False
2689,124.98921101420106,2.542876064071321,41.10960231980487,10.115054139028668,False
2690,115.07973499218652,2.1539727613776725,47.2538348846194,19.18110267779345,False
2691,117.03355993266692,2.165679880324986,42.21400437226532,8.29124751143338,False
2692,117.80070003999911,2.3709919506329378,41.60687733693642,11.00790898294277,False
2693,120.80370843489602,1.9347302663901316,38.814933458040485,5.19647618691862,False
2694,119.86627796449676,2.1558233586898283,41.41620647925127,5.558640510496691,False
2695,125.33732278325787,2.108854997831898,41.37400964780306,10.467601907675522,False
2696,123.95847982018428,2.17221763745898,40.44314380632708,5.930495748277648,False
2697,122.53534613281263,2.369681289792568,37.94904669188296,2.8583740335907213,False
2698,121.45145397446603,2.310832297016435,39.28868000292279,3.822058070866824,False
2699,122.21901230865296,2.050263538294265,38.24687068303679,6.8366759721710695,False
2700,118.32785469852854,2.2273398406654428,41.80537765595598,5.872697176882742,False
2701,123.6573520960255,2.498088322820105,38.86347369367269,4.729480503911715,False
2702,117.55266281148648,2.033726860240539,42.44377389551992,7.632222701366135,False
2703,123.58966868109692,2.2290333560794027,40.24648584283509,6.816051053990774,False
2704,124.67704175656836,2.1613678646122745,40.93234054768735,9.275770304783125,False
2705,132.08902705555423,2.187398996832645,49.58226808432075,23.104639601652156,False
2706,120.45373951721788,1.87386847555012,38.405291817098814,7.266392237765848,False
2709,121.93700047730492,2.4052143940307067,37.28108831696184,2.4199655613371065,False
2710,120.6486026066966,2.075724678390498,37.59157317221321,3.617038596168113,False
2711,120.84305284952332,2.074899069620848,35.81733065843672,6.535743141228494,False
2712,123.19025078998328,2.442624650093093,40.149916507357325,6.016360173560266,False
2713,120.76821634314936,2.398776920695585,36.40610604216016,6.854297574967612,False
2714,117.4653587443814,2.2417331797927966,40.465670365496216,9.96630659929052,False
2715,120.56165172044132,2.352230109961264,38.88473138104759,8.267740224037134,False
2716,121.20942200065056,2.1422894439487203,39.10086439858831,7.196510767496873,False
2717,121.35629512590114,2.198326474456222,35.720880649794594,7.260362766321384,False
2718,121.50195003858371,2.067675121507236,37.93602734727892,4.505627787913946,False
2719,124.22204403924752,2.3808129898600523,40.881613023270575,8.648373119457952,False
2720,117.63329288559414,2.06131733376653,40.56125863676304,8.587169308588875,False
2721,121.54467141411104,2.4970312689875707,39.81256417383255,2.442638359337578,False
2722,124.99878206571654,2.136833166336036,40.44950779211219,13.592951888625198,False
2723,115.62270435949468,2.204101712803267,41.69761437994018,16.736593828691195,False
2724,121.55690471041817,2.351745604130867,39.121655250225984,4.652998464016298,False
2725,119.18532664388356,2.2047728842379164,38.02625671016372,8.831289550463552,False
2726,119.85079780813338,2.140418337142938,36.00444367225224,4.464534458407271,False
2727,118.1950967400353,2.193995310438306,39.52477999777092,4.461163314151195,False
2728,120.47439278132862,2.3787636707115167,39.66050321734149,7.21069456240968,False
2729,126.7078924047234,2.067429555572659,43.52537945170131,14.173748053444315,False
2730,117.08026588035064,2.1747525985453477,44.41694416525499,10.205537064374608,False
2731,117.37420899231564,2.2020573454674954,39.8029532220114,10.192859928480836,False
2732,116.96400283249314,2.3729170391055314,41.69675420031063,11.633629752646849,False
2733,126.35499668854712,2.180030925225713,42.72384555435524,16.848558343809923,False
2734,119.566746912884,2.5616598188987445,38.50602062388487,7.0225927540129,False
2735,120.9205189129222,2.168692284456981,37.8275176252184,6.247006835588925,False
2736,119.75137288257066,2.1524632723189443,36.40665325621317,4.2432460015256295,False
2737,118.0722890769504,2.165793575676454,43.55930313440384,8.759084695938904,False
2738,120.27103299549525,1.9366717142683985,37.47296811688015,2.52544256968462,False
2741,118.35589276484396,2.427165969770026,41.89661802397401,6.988720381214531,False
2742,123.00747971949124,2.1933747881275982,40.35096238972268,4.104630134308116,False
2743,118.42227940473424,2.103071162076859,37.900287402862055,6.138309270395329,False
2744,115.49326031957672,2.4453069491213197,44.94940173209168,15.838977657102795,False
2745,124.16048384476036,2.5102354265784523,37.75172056215756,7.691389959366504,False
2746,124.596287824595,2.4510764921815524,42.01753955153173,11.900718031542286,False
2747,124.2427619782485,2.029382000552969,38.1876665743767,9.311538766980249,False
2748,130.32358688525753,2.100950275961269,42.77887828450953,16.56854387315902,False
2749,120.48299522459384,2.562747214062944,38.0546427110737,5.039747211276785,False
2750,123.3242732163402,2.248227938400005,39.76700264600652,9.408216962875006,False
2751,122.21363771577911,2.1464745870207844,37.984826620721634,7.442375455047039,False
2752,119.77972383897917,2.3436695922661674,40.30240503976701,3.5575111695752297,False
2753,115.98087735763367,2.4014598134716225,44.482361718655085,12.72381897782472,False
2754,121.35301310184023,2.085710085814348,38.86555819529906,6.145717043025107,False
2755,124.34492988163196,2.2438879917239865,38.8632611282875,9.787391083013404,False
2756,117.28747630399413,2.385312013843412,43.24140134935818,8.028266339034179,False
2757,122.98015408319552,1.9679425708080296,37.81863755494104,7.995694087301159,False
2758,122.02777925491444,2.202469091485228,40.49119780618637,3.8770547025372233,False
2759,123.32545961602024,1.977122069389857,41.818561307666265,9.5699877193364,False
2760,123.70312404912892,2.003283900614638,40.27396700956832,8.76336126561697,False
2761,118.8471577500314,2.087379984503939,40.36125757269822,4.671498957410583,False
2762,115.98742585948868,2.2954239075758944,39.51990220113312,12.988819097162542,False
2763,119.34608947038308,2.1355954742723733,38.34828926865761,5.11912184638782,False
2764,123.75629468433372,2.070316375006319,41.1041906170104,8.16277190588465,False
2765,119.3197878990695,2.210310912664992,39.82294814371323,5.800533340215923,False
2766,118.84846569604132,1.9706074543467145,37.43276162991457,4.643756015963454,False
2767,115.35381394003362,2.2857606435667823,44.63163309339868,13.708703580492651,False
2768,126.43320741910792,2.4262773523916623,41.19706827222935,16.57505433602319,False
2769,123.55971228841848,2.1841591918023977,39.97835863211029,8.037094492490088,False
2770,123.38667754195176,2.1594702013399587,36.80484361004166,7.394201749929489,False
2771,123.99994869901636,2.274688070643114,41.44955347890445,8.864282800880382,False
2772,122.78779592078456,1.7943061162336913,40.24070945489488,5.142728608733286,False
2773,120.24258054894348,2.307363491319573,37.50953367073608,5.750374958466347,False
2774,120.49233127722115,2.820377160748973,38.734358766649656,10.11336520970087,False
2775,119.6745504697644,2.175464755777056,38.10427127930572,8.046563289440181,False
2777,122.72332729702828,2.348721400019937,37.16193128377412,5.245043620946619,False
2778,119.56221863181057,2.5290665336395928,39.26402776800868,0.488690486715476,False
2779,122.44303999991548,2.394993568886828,36.324579377806586,7.95934644514554,False
2780,117.86630635464542,1.76887862428329,37.781498678817655,10.131562724199636,False
2781,125.6639708276266,2.3126797675325497,42.62707044214234,11.780145216707846,False
2782,118.95068580299788,2.714386029048335,38.64931524567292,3.949646439845531,False
2783,122.55336484112964,2.3244882093518933,38.88483956224198,3.8495216733197295,False
2784,124.30453065220372,1.9690796173456504,39.55802328559064,9.86632892968479,False
2785,122.19278248703549,2.256365924883723,40.764399779024544,5.528208127523708,False
2786,121.29285697464088,1.9438625497317867,38.22765483186436,6.544042656112369,False
2787,121.03348646305363,2.446560737853772,38.302993007576816,5.364634433022293,False
2788,120.82503259964996,2.008823482394415,38.26313903068991,7.047556537936157,False
2789,130.94688432178214,2.214848726938405,48.56727957220204,22.498713240589613,False
2790,119.60660136771392,2.0284439996016306,39.17596578349028,7.454257134265144,False
2791,125.58673015831788,2.090710388490402,43.2030038495698,8.592934260076323,False
2792,120.66353643867602,2.4972301291720997,38.98168503650701,2.894366120889412,False
2793,118.5640315649134,2.2206914329787395,36.93346825952106,6.584611603071887,False
2794,119.39947744972932,2.0881595052548563,36.24066598970199,8.147766043184198,False
2795,124.4111491101614,1.970954405822656,40.46103004649419,12.8455848676429,False
2797,122.73702045252,1.9497438732954628,39.41754560880669,5.094031896977932,False
2798,120.20168428337963,2.222391848288876,38.16622972918723,1.7086175601012474,False
2799,122.77742365753612,2.3960467537445327,39.45145608363168,7.946503352168205,False
2800,119.004960512653,2.08792970151556,37.256366311906575,5.547701801756338,False
2801,120.1951965028281,2.514108720143803,38.12852796566192,11.04753390595154,False
2802,124.0063939109144,2.056499915554354,38.2450751971232,6.958574073588563,False
2803,123.7102608046491,2.1523976554240245,40.1189283131106,11.77095245426127,False
2804,117.9560794775525,1.9840846559325496,37.59662891726263,9.864806280258144,False
2805,118.34786799598342,2.3981523469135717,40.00024004478352,5.708129099644552,False
2806,121.33697667372157,2.619502122808914,36.115282526132894,5.680816845944173,False
2807,126.35101036147547,1.8476366078127608,43.800742484307634,16.6872821614622,False
2808,115.06174799014612,2.1307675862730604,46.92123012404144,17.114013760605282,False
2809,121.86283211266856,2.452955969410007,38.459379421201405,7.052734889177597,False
2810,116.73426567212324,1.91061089571488,39.86386936748416,13.119089877371612,False
2811,119.0335739200708,2.3133367813942174,37.97659093801942,7.686434185867841,False
2812,129.2466433768374,2.4442944400415145,45.63703962636987,20.213462883742903,False
2813,119.69642413534564,2.215645762871368,36.17066215819331,3.562372342536639,False
2814,130.02877722778987,2.310052614188027,45.99288119379814,24.81867786385203,False
2815,121.02234188716676,2.5521804772255217,38.728497661811005,5.534697567032862,False
2816,119.3407077434452,2.5896853108202293,39.17850287131619,2.5991411224600767,False
2817,116.46638210695212,2.1876065573931034,43.30522692337973,12.715339020440902,False
2818,123.4175957988206,2.0935244301401537,39.27036517207296,7.0617469031270055,False
2819,123.33390371816154,2.0160039777852607,38.84295616006766,4.642897763485474,False
2820,123.61384036107027,2.3953928300857426,38.10808539011418,6.958544359291655,False
2821,116.22372306158135,1.9256448884418065,42.44671713306771,12.591979428379265,False
2822,121.92664627301087,2.14948519240176,36.47115522843867,9.167715273987229,False
2823,123.09553445300146,2.220537954190893,37.86736303635256,7.155167483037647,False
2824,117.80327358783728,2.099399497456249,40.36379807749758,10.74515689147429,False
2825,121.0284370693646,2.255964053003825,37.847029992917896,4.976433954887684,False
2827,126.71066704156162,2.1756802819306915,43.42504369635069,17.891550833613437,False
2828,126.96593771473896,2.112918874514522,45.66770248247055,16.40678969943437,False
2829,115.84049518067638,2.403066364876371,42.00565605117235,13.879531246241234,False
2830,128.73117371775675,2.2479167288291046,50.64550871314835,24.119221095627196,False
2831,118.16280026442467,2.4878671542422754,39.31971337795096,8.155654760292599,False
2832,124.04008721241502,2.232937523963944,41.13161269110272,10.458584477763916,False
2833,124.00854374067757,2.150315358405793,39.406727295722135,10.140169809951349,False
2834,117.9133602967904,1.843255022381089,39.84730034456155,11.548330694892256,False
2835,122.5291301609012,1.876053061237652,37.95499923956122,9.301506637255022,False
2837,132.21373397880382,2.2758678332568483,46.38062734182281,20.911962856216547,False
2838,121.71508413737996,1.927550104026508,37.61597824156817,1.9434068644158973,False
2839,124.70865240464776,2.4511154731838767,41.121876233298224,11.214603710215098,False
2840,121.2337385837528,2.206049312971191,38.738650893009925,3.902266414718777,False
2841,120.47959038477843,2.151162616179666,37.75460629425097,4.365346528161805,False
2842,124.39779912247728,2.0312289849591325,40.212079409699854,8.829228486185382,False
2843,122.79922749106169,2.3244517496540413,36.47513119817709,7.059911154979655,False
2844,123.26862152239477,2.039100436091518,39.83391646704525,4.179215272943173,False
2845,118.93978131599836,2.002924399186024,38.02912297240504,4.293734780063563,False
2846,117.75968537766472,2.43766998412107,41.28118075707706,8.877336390511035,False
2847,119.24006135591662,2.2709242321550045,40.392796419016825,8.5617016895218,False
2848,119.07545370439016,2.153014114350346,38.57056372296711,6.44810238920387,False
2849,123.43721773282404,2.3282865969467434,37.97650199598657,5.77485715489132,False
2850,124.02555055591156,2.20178637462214,39.99216215959071,4.322288165590363,False
2851,120.51909610244957,2.276602630090337,38.504191680333655,7.091027607152254,False
2852,125.43584895835548,2.036630419524909,41.91871031427483,10.688594459628316,False
2853,125.2422551206719,2.614079721782125,41.226030339757614,9.318724838175164,False
2854,121.75453664084168,2.084076006464755,38.85784349322861,2.140146009558741,False
2855,118.45213550821656,2.5112032653899954,40.07500672017044,4.737773172802056,False
2857,120.81084621181192,2.3614194231309926,35.85758539939,4.758710105686177,False
2858,121.39111210893604,2.3468446998052275,38.62694475097969,2.956929799569487,False
2859,119.94722442061963,2.429370351030009,37.246308661044935,5.9407630185293945,False
2860,118.24164998847868,2.031875258567171,39.95251225091452,7.39472246927648,False
2861,116.4472177660226,2.4151270802557727,42.75662613658723,16.67652447395772,False
2862,122.9618918030276,2.5692879701822884,36.39115262313765,3.30871488522935,False
2863,118.57145673292048,2.148261404151629,39.40292711775204,7.571048757620567,False
2865,117.63317189390132,2.0953106715039693,41.32211506902716,7.209376956151626,False
2866,117.10211432755776,2.13071274956298,41.49514827381992,10.698709005550857,False
2867,122.58143001840166,2.5422845597864985,35.979860741547945,7.537551612258418,False
2868,125.7408717847986,1.9991530947739595,44.60489574242054,13.24988666482474,False
2870,122.77395150258054,2.5221801872828755,37.12800373719009,2.1638099023465776,False
2871,115.285003005878,2.3249096851776727,44.16136998921542,15.031173240663067,False
2872,118.89971420835552,2.624074049808505,39.27105556153129,9.546526632043085,False
2873,117.67179123967354,2.1099122724348294,41.32065363279677,10.809790776511148,False
2874,115.12535786516156,2.225256227447514,44.9581607334802,18.30596932575264,False
2875,121.36263872547406,2.067864611245639,39.10211453553976,7.58913666821168,False
2876,114.04723437300764,2.22866023372954,46.30441209222474,18.477872482826825,False
2877,116.9011925051289,1.8451806605431396,40.3408523191806,12.591738267177371,False
2878,119.3346992385584,2.336990911331002,35.92643664493804,8.192932627717193,False
2879,118.42301390855168,2.264694816698468,38.2943619236834,6.272769744697455,False
2880,122.2288663568419,2.1884890675068163,40.292725094962464,10.724089907035594,False
2881,121.94729859489767,2.121927135080067,40.87256532309795,5.887144151481206,False
2882,123.77077611239991,2.02104920252638,39.993951667009696,3.720758911999868,False
2883,123.33238957140932,2.3455425824065523,38.36685107537104,7.828431185560746,False
2884,124.53651964702028,1.965782002859319,40.46340179592108,8.20970586783631,False
2885,120.99405295997194,2.3023791824098487,38.61534963888565,7.413503399015868,False
2886,121.94074739253168,2.614890278961892,36.16282613731133,6.550845643237768,False
2887,122.5856924759495,2.49710429772886,37.80892360944666,4.943995282574237,False
2888,121.43913576191218,1.898974411465869,39.90778584461117,8.12215272078607,False
2889,119.76869763925708,2.09265238793134,36.97412012065877,7.51559440761058,False
2890,119.96942814354672,2.284290148111068,37.25992486824898,3.9986794463637625,False
2891,118.46556896517713,2.18594361559713,39.43028670023602,7.159283581530083,False
2892,122.30701217272048,1.920118856343516,38.743906717676815,6.780040189325578,False
2893,120.70855296033602,2.2770631902946983,37.20618184286505,4.537629282657132,False
2894,118.94416137302603,2.19799662097674,39.02987763946234,6.043906493745586,False
2896,117.24776394387337,2.1493542594765107,43.64732796349005,8.102729087642864,False
2897,124.03440815783532,2.4336006770653182,39.86156153776904,4.180417360621891,False
2898,121.24371477554854,1.946582319374005,37.95938080625782,5.675145150568108,False
2899,118.32531993932288,1.9943981404206983,41.55954900370981,3.9249597957834887,False
2900,123.50649802376626,2.344332391961898,38.66824149970419,5.512112784125481,False
2901,119.26260868963745,2.416746156121475,36.94241734178029,2.890478515860873,False
2902,116.63984805626208,2.0085214547851216,42.507727162302594,8.721779289622065,False
2903,124.16578909657932,2.2048154812967824,41.6039160654988,9.517852042233825,False
2904,119.33499933234503,1.9236841652941843,39.0792512648837,5.747894014537862,False
2905,119.73241282035276,2.1637560347389044,38.22737064194992,5.27141117491269,False
2906,121.12765806308244,2.3673845571248253,36.1206738627601,2.7054904144888696,False
2907,124.54202659064936,2.1130083001727717,40.68422950230188,8.34497006031022,False
2908,121.06211560168556,2.15019305881124,39.60395024076524,5.916615224289823,False
2909,117.2827369089498,1.9740409203407896,39.435617669377535,9.937349906747116,False
2911,119.49653185478866,2.551622183242868,37.99356147020048,7.824820585322071,False
2912,126.85256431174136,2.2145849783434266,44.628536043246,16.709160427383363,False
2913,120.99652886180654,1.9995384466698805,38.32230255661079,1.6807305738311902,False
2914,114.07138995651414,2.137045610016402,49.1375369832653,20.564347688916783,False
2915,122.1078314136826,1.880514475766688,38.8326788732827,5.443942020741573,False
2916,127.02825315600673,1.9971680615719576,44.72491125213941,16.443617240708893,False
2917,125.88535289449072,2.47206794780929,41.11088923618214,11.549549514763928,False
2918,126.67595829514536,2.171503515122679,45.42873553250039,16.60830523890488,False
2919,117.83874342531746,2.578146035220241,39.540884734886745,13.315315991033987,False
2920,123.827672427528,2.180930432300789,42.1488669922213,7.070948657221649,False
2921,118.7618169268162,2.192804260761701,41.55194456801846,6.947981094445904,False
2922,121.69529713819249,2.3281788317084247,40.69425311699816,2.876335171893647,False
2924,119.00218712886358,2.240987864730715,39.61825619174196,8.258951476195122,False
2925,118.9036352381728,2.19020270238781,40.09908221964572,8.269055690106033,False
2926,123.7855213684421,2.4972077787030296,40.69286894829819,10.499307294395669,False
2927,123.48222927717592,2.3929358788327235,38.89480435313124,6.544563190644139,False
2928,121.85814116092554,1.97326166289064,39.82492374931135,4.8831483305194405,False
2929,116.8136936040283,2.448427723725516,41.85615295528626,14.582575644918377,False
2930,120.03391775475586,2.147537094883801,38.371867241422784,6.728843612196245,False
2931,118.68703890287756,2.0191093547407912,37.17777010078613,2.855904702326761,False
2932,123.69599484575292,2.2394206501742406,40.43723986627667,8.608095726624528,False
2933,124.65237304373328,2.1594461288672364,40.59622711948555,8.763713782244086,False
2934,124.27479531669574,2.507693062805705,40.96355508130621,10.660025995035982,False
2935,118.65881979980723,2.2681244056982424,39.51149525029643,7.893955547319456,False
2937,115.52241811579682,2.380129416571088,44.54143108138648,16.21214347829419,False
2938,125.40704363205484,2.418574323618542,43.29542704152234,12.397904432970378,False
2939,119.75610968810857,2.35672101885946,38.08183758581324,6.432120812089186,False
2942,124.92199583101382,2.2335302929453404,40.332344103282615,11.370107034738584,False
2943,121.07579103795132,2.447834412417606,36.27972334642864,5.245517573403292,False
2944,120.09045041770167,2.1818207719835723,36.853085362999614,7.670686507888297,False
2945,130.64659746188156,2.2066493032689323,45.50430883911232,26.07441255528481,False
2946,121.70420467500117,2.544315383459383,37.98362448532126,7.112200911422086,False
2947,125.9601465720908,2.5243848255910466,40.64018394508259,14.202860546753785,False
2948,122.3096490151354,2.198364838615336,37.87858699345746,6.622121234556744,False
2949,123.25069000242134,2.1092896845388767,40.63443379960705,7.459445063306465,False
2950,124.62473733811753,2.4926347000417,40.30383419726214,9.83373725863949,False
2951,117.3740043968243,2.360083671583043,40.67740618567902,13.91557001984944,False
2952,123.34007186666952,2.263116250839473,40.56059486358451,5.693376308211159,False
2953,120.086836860549,2.135625457962011,39.21758675790134,7.686174495399332,False
2955,114.40267441984398,2.19565830802246,43.971115365258015,17.62085026043978,False
2956,117.84383540429208,2.067132364085401,42.445082440118775,8.328677521505687,False
2957,122.646792008637,2.225808465717447,39.423943828392666,5.110299287766311,False
2958,121.35277865255492,2.253084809127922,41.22729894932506,6.340955377188015,False
2959,121.57153679224456,2.1249209866159537,37.05484010706906,5.487799429762505,False
2960,127.04792479632874,2.380765137721904,43.75454096790699,16.060236978785685,False
2961,117.06582219393458,2.457766478462198,41.41449009588503,13.412129289038663,False
2962,120.91495660203046,2.3939795387310827,37.6436070948141,7.273785941342249,False
2963,121.94375012072284,2.144750322957201,39.04570932257943,8.525238012610684,False
2964,118.71755333873116,2.3511643008376746,40.54351065550046,7.47357982826746,False
2965,121.08781290975712,2.215592279492008,37.88821405522306,5.134806057758692,False
2967,125.3707092735526,2.334545875699549,42.88221766723306,10.788882304121804,False
2968,128.16917800258548,2.2292263281913898,46.9643349722424,22.320103869926378,False
2970,120.89932959585587,2.491454172655712,39.35050501693739,2.42758188293384,False
2971,124.18696605273746,2.342230031386905,41.87219679066087,8.997028876649585,False
2972,120.83476110612742,2.2498341002576363,39.41516297327264,4.371719267904608,False
2973,120.90469411999236,2.232744451011604,37.78329967982491,4.7423300121326335,False
2974,119.18950906701176,1.9992621192733784,35.93940734797603,7.038448493186321,False
2975,121.36928418103544,1.852202554560018,37.83733366508916,7.665542736801647,False
2976,121.98579595268356,2.025488178183687,37.22842058879184,3.9274646090733834,False
2977,118.56879862236296,2.190456596365914,39.13172030578358,6.629298439772727,False
2978,120.61236231083436,1.7788921443582033,37.16063969464068,3.798934919237948,False
2979,119.10869351522295,2.0911356415454505,38.75998703615385,4.874620959957815,False
2980,128.128958615806,2.150477393375115,47.82979289009137,21.85803683812153,False
2981,120.72183461327398,2.1569146893029085,36.35209004838804,4.853826056481482,False
2982,125.79021967025932,2.067655280362372,44.63766391499684,14.34432771933606,False
2983,120.39357077449615,2.13169723712372,36.82035151184199,5.937561695032004,False
2984,121.8037916887582,2.5447787656247725,38.14256895019495,3.4181000793626977,False
2985,116.90377137789966,2.3324290562981207,42.93226886397678,13.53158573902251,False
2986,119.61407496520962,2.08793984462037,39.61116876855136,7.666659253026919,False
2987,121.65265747944666,2.1863304423276078,39.12701425919504,3.636833888758747,False
2988,125.9166118759756,2.194337332869547,43.71180238342852,15.986386013291638,False
2989,121.68814661079644,2.04640891325197,39.04538436784704,5.986923999215643,False
2990,125.28953311969828,2.0461739564512293,43.83303533708549,11.342767959188023,False
2991,122.98626024162904,2.4021048040653428,39.420479916638776,7.261182496127402,False
2992,126.04494415234052,2.116043124496637,41.210958479193216,14.059047013393691,False
2993,120.81696912635432,1.981060722593826,37.32027689816053,6.247374548762298,False
2994,128.4096904030206,2.1913719311861115,50.98405370433411,24.772128647964617,False
2995,119.4952717709662,2.223601950625825,37.68290083569303,5.35136296582072,False
2996,118.62396831398722,1.805459155161233,41.34815382734232,3.3268634581212293,False
2997,117.248836165964,2.1918507284365614,41.01353684753518,11.126577365623556,False
2998,128.22617648183,2.373595986869652,49.59870124300896,22.7662242623588,False
2999,123.54028747511548,2.290245877104367,40.88184075894254,8.936669718005966,False
3000,119.96422572652104,2.645959023038994,37.998317369530106,6.490672539284165,False
3001,124.87197036030784,2.450221896462436,41.52743413008918,9.786692063689436,False
3002,123.13184577386512,2.489786804950171,40.16870913797909,8.734345804288242,False
3004,116.20171821850629,2.35163125235492,42.6942841609114,13.569149229133483,False
3005,120.1773836642258,2.2326140415865403,39.22677276388702,5.174433867708921,False
3006,130.3977429034315,2.3947480586862664,47.920176394765576,21.57715761803353,False
3007,114.88158370313332,2.0881527133210014,48.14323791168872,16.947049508335525,False
3008,124.28701433481706,2.221537263898994,38.32828154656143,8.368480511880286,False
3009,120.1617706770096,2.0704544713843376,35.95757594921265,3.094983163620346,False
3010,123.29285673545834,2.2795969115125767,40.15717471366361,8.420806250184404,False
3011,128.3152929964218,2.069618182396036,50.89852193658209,22.823645956144603,False
3012,119.9049445553344,2.0626143000276564,38.0125872050348,4.726633644132103,False
3013,119.6944257537628,2.282694658621101,38.89550802479576,4.814403838254584,False
3014,121.3678589261444,2.1724577118438866,38.99853951262053,5.366533706858974,False
3015,124.06046679424855,1.8144957728566504,39.00259837210631,6.101816738691962,False
3016,119.24318962153852,1.9088886157375824,37.7601013077273,2.0180679414601768,False
3017,119.0440190488904,1.9705467017077076,39.08833355880103,7.408689189432545,False
3018,124.27728673774824,2.0234056187772054,41.53824948737433,4.943453284710097,False
3019,122.1737819038979,2.282884665895728,36.78736406647662,7.305079174828386,False
3020,114.66134238468506,2.243787769414328,46.58195575860631,22.223705851583325,False
3021,117.20128542164576,2.41305587433984,40.85714351730045,9.938556129253788,False
3022,125.65383117786436,2.3505603645883544,43.30813865560929,15.24938721999072,False
3023,122.24597767754432,2.414380591236532,38.33023340103504,5.697273933396439,False
3024,118.63719261378452,2.321679238291825,38.518580264814254,10.192558762772002,False
3025,120.47173006257157,2.2419358618182983,39.68453072287857,4.4308602753616295,False
3026,121.04103368568518,2.4198703484575312,37.299335701832334,0.707313879257188,False
3027,123.28077341686851,2.38388255834802,38.76469875147281,6.868842268880572,False
3028,116.78938347593775,2.275219073510798,39.83149720609982,14.650382096927514,False
3029,118.39305767012158,2.454214374172029,38.56743898858896,8.59509169024597,False
3030,121.8461628400765,1.7308423514993208,38.82841704066456,4.4714829089523125,False
3031,120.6905128004641,2.1419073651719103,38.43785465513017,5.85843603597779,False
3033,117.18852706818524,2.430536575496314,41.91228867191981,10.121892834547284,False
3034,122.1070988964411,2.514278999390154,40.983675199813945,10.619124950425908,False
3035,124.38390922007017,1.909964125957948,39.54696867844771,8.224700445999531,False
3036,122.50913749616278,2.482233434829856,36.39579824964616,7.901893965698584,False
3037,121.43124639326092,1.9657109627947464,36.67519526448115,6.712771457410616,False
3038,120.70276083204548,1.971756950887836,37.10468986047152,3.901250786111894,False
3039,118.41196142640834,2.1531428595345274,38.20692258724566,6.737843772478847,False
3040,120.77680436343664,2.136358705573483,38.13271868621811,7.151823132474114,False
3041,124.90508814392926,1.8883165440566247,42.98338832783265,10.81249668059797,False
3042,120.6310116295396,2.3299755946985137,40.03151032671859,5.889989626919072,False
3043,118.24160763301992,2.3358804849453207,40.32952131144765,4.754716985536601,False
3044,119.4740340248273,2.4108083192327343,41.29593975471487,7.261397699892658,False
3045,121.6226359215554,2.113308934044427,37.6220036344421,5.881550425540773,False
3046,119.84210660873936,2.1920834570055105,36.17268300861235,5.547821943915572,False
3047,122.50444017749574,2.193914567019472,39.86706634274057,6.677863626494437,False
3048,122.620815658322,2.537599088293693,36.1877768383438,5.341951545855534,False
3050,125.4130343640216,2.0086111302021794,42.96061780771745,11.55662279419812,False
3052,118.10385890114132,1.9828859530169,39.59704072645668,12.278677808556502,False
3053,118.19904321561356,2.1483359285457766,38.19095191709409,9.678430002602976,False
3054,120.76510842297456,2.1747848927260183,37.998095185387314,3.3792199629888944,False
3055,119.60135639255782,2.0684627782415066,39.73512610229968,9.75363378351921,False
3056,117.47118714642107,2.2128937852205346,40.76551272572527,8.735954492725355,False
3057,119.63075543806372,2.3256298555515627,37.33316910395288,5.912155932819371,False
3058,119.52900990578098,2.1527467109938,36.85423860982738,7.662426820421175,False
3059,118.91727200674026,2.109361053206253,37.90183333881745,2.975236329462238,False
3060,120.02105259291947,2.1668470166692257,38.72086824382119,5.085069199852539,False
3061,124.65319763598684,2.1985127306708825,41.38277059393516,8.781714221815294,False
3062,121.61763792787264,1.851936086933116,37.04326562341393,5.723168964615238,False
3063,128.66260813577196,2.292310783592256,48.04343670875103,26.45354160304387,False
3064,132.9311059090333,2.109799754110641,47.00578425902437,22.965346959296177,False
3065,120.10079610079453,2.4523070149622104,37.01086526484836,5.248068811781138,False
3066,121.01281193623008,2.3182106951284958,38.89581733477606,7.223807059005833,False
3068,122.3492872672303,1.9977992412570185,37.116256158721406,5.915909164427121,False
3069,127.43780511016296,2.125722671762515,47.31709709945436,19.986821246528415,False
3070,118.37950655856952,1.9515083025085185,42.5757458918819,11.091634152110451,False
3071,123.66304278035098,2.058961758214135,40.53393429544703,8.010209453762615,False
3072,121.6440268526038,2.4504210849017185,38.26833461808005,4.367717545971319,False
3073,116.12959699803108,2.497498115584499,43.68508858564457,9.875190622194706,False
3074,123.38916622449376,1.970373341039108,36.97933473468632,4.4733593262252125,False
3075,124.9296330384921,2.108344466336544,39.93820099780758,9.71735633537148,False
3076,118.34275314828996,2.1847608655952104,36.28920385824175,7.465420287310118,False
3077,120.97230500953488,2.3171211283619564,40.24900480569892,4.144587681114449,False
3078,115.65140178777612,1.8480379472927015,46.27925246177945,15.879799548918594,False
3079,117.09769997497855,1.8793999836943125,41.86081209084151,9.449615635283047,False
3080,124.24889169061348,2.2979252287744805,40.49781502182367,7.156824412810733,False
3081,119.55410883137696,1.8101922862164157,36.442865276483616,7.095733732204829,False
3082,117.56271077769208,2.110640518772226,40.31420063518883,11.9370845632962,False
3083,134.04862882704225,2.232418361711768,48.72307975262961,22.11731373938264,False
3084,119.38052146256383,2.2831331939866235,38.74783715896204,6.581008897670576,False
3085,131.77039069900354,2.1716563808912337,46.90119666665028,21.13711089417108,False
3086,123.2919106795922,2.1268486561904942,36.87013614590564,4.23687664874848,False
3087,117.39862658730353,2.368914171943296,42.647773346739,8.62080658703034,False
3088,118.19336784068632,2.257041185273152,39.64187155575667,10.113344248709485,False
3089,121.4776479756615,2.0705966756097083,35.7664384601321,3.8003101995883326,False
3090,124.00517035131944,2.207544579336448,38.785285358205854,6.810276192102738,False
3091,124.83829693461854,2.276633804531239,39.58035571626089,10.424949011005184,False
3092,118.93830866687895,2.5436474482902764,38.76385907024904,6.758158764757949,False
3093,123.9058685974509,2.357264733658316,40.12723656773995,6.6636755087440775,False
3094,118.56915889024174,2.442911371190789,38.64579528663389,11.041966953111926,False
3095,126.66124897541108,2.0778785207400743,46.06110336698342,15.913218577638355,False
3096,117.48530982119884,2.095163418749,40.82011326426567,9.739377935130817,False
3097,125.11828431345435,2.1529240014374023,43.11226455187152,10.37271186860567,False
3098,118.96489306886195,2.1712854706723674,38.446812947151614,7.485527045495381,False
3099,127.24106400986328,1.998395008439422,50.52811686416081,21.179227354761508,False
3100,122.8330942594427,2.453186725311364,38.00541626356425,9.537043121614314,False
3101,117.85034875883451,2.3766703275517584,39.00813765773193,7.223801246339978,False
3102,119.38106071341822,2.138864427739698,37.242421455875856,8.208848379745575,False
3103,123.4216617361936,2.328342129802771,39.01595507967913,8.296949504737402,False
3104,124.26319769460824,2.244579832600768,38.10726410457572,10.778580275907927,False
3105,120.78078166565416,2.3439655961862758,38.39350416616109,5.042249219223362,False
3106,121.13844067098674,1.9311385752948744,35.52732157983007,4.851330567547998,False
3107,123.3508944011966,2.1708677853605134,39.42604718810146,8.912204396808717,False
3108,121.40857512373354,2.188392294418841,36.2800981316562,7.072342532613803,False
3109,116.99013493605104,2.3247284199223306,41.041702493243136,13.802525312215035,False
3110,118.47978052361545,2.0743124797635737,40.18323388488463,7.800267528557742,False
3111,121.72887182377016,1.7000138551835209,41.11212489884619,5.182801154914077,False
3112,124.76799549114286,1.983660056463416,39.722113127664535,5.495504705456524,False
3114,123.41654120439148,2.212776845100666,38.34384142914661,6.4948069375342135,False
3115,121.89060135921272,2.536749624524997,37.04366615249791,3.385597803993234,False
3116,123.32132304654569,2.31654928813162,38.25601362205289,8.632837314571596,False
3117,118.93307236435876,2.216306055846298,40.01116818554308,4.206226620842122,False
3118,120.52498402319954,2.1935217446437125,37.415168215707965,4.326495838509948,False
3119,118.44519476384762,2.420836676433938,42.360053062579865,6.60661009117193,False
3120,117.12889790680607,2.0819779095685127,41.837567944167816,12.733912854034546,False
3121,122.03400193607224,2.1719432424518805,36.92220134130994,4.418552378193068,False
3123,123.13172270197794,2.483781209739061,37.9573320821362,7.162326229638,False
3124,122.6929466757666,2.2784997874003228,39.67062430716834,7.9193720787960356,False
3125,121.75219724110396,2.058495340799211,35.994062598160546,7.013438840354862,False
3126,122.7255116636004,2.1771089979363385,36.91178911570208,6.178550460975241,False
3127,120.86768240169482,2.301930152641256,37.23484179392679,1.9831682074337955,False
3128,132.93343802317116,2.149856217455545,47.89908287944245,21.27666474113588,False
3129,118.74895235167229,2.09310587565748,40.71776577057879,6.935609705653515,False
3130,122.1460883694813,2.0691452628031337,40.08367892914997,6.203149035721389,False
3131,123.07209482438662,2.267792379848223,39.63332890740676,5.301397160517904,False
3132,118.92398757297616,2.1283891441578637,38.84040567410919,8.87615178398144,False
3133,121.16067950687784,2.109248453047451,39.0386934948729,5.234913161174162,False
3134,119.06683222014898,1.932787648988919,37.33431948365068,4.759053221925901,False
3135,119.36782924080003,2.215528115305434,36.18802151656013,5.261760591906379,False
3136,117.51271899918332,2.1637553122416184,41.24307718229697,13.12062611506692,False
3137,124.92390226801632,2.135670330271607,40.07996003967409,11.851271149728614,False
3138,124.30362404163216,2.239754135497744,40.316166246043856,11.011943588529842,False
3140,127.11380745102582,2.340313094388094,46.54585656753993,16.973748126727372,False
3141,120.413338340638,2.3105457001799525,39.29484681864695,4.02575778472352,False
3143,120.294658812374,2.086600332811752,38.36295144932956,5.043523687774013,False
3144,121.79109939044363,1.9912168717355128,37.56306454941304,4.48900400455777,False
3145,119.76688846678536,2.081368698532384,38.47461480701555,5.040465192914874,False
3146,122.15420923618694,2.203930019027314,37.51801022972043,4.157602781632105,False
3147,123.59040627644735,2.042742775669504,39.2208874303447,7.206876991857566,False
3148,120.64685918153543,2.2192114278234887,41.43106130694102,7.358757562467158,False
3149,126.50783152606462,2.0069086644176277,44.91081239744109,12.942708073884432,False
3150,121.74136278236372,1.867801622198596,38.70623465266511,6.050677495182866,False
3151,121.8385046969416,2.3638812241729594,37.23755498415502,8.068257664648886,False
3152,118.18210714700749,2.105117080926832,41.07300987016704,7.631126558556653,False
3153,122.2973471311062,2.032593269355222,39.35863825675214,4.784223897129112,False
3154,120.58451561549096,1.9812305717405123,39.0355363212812,7.016459369125915,False
3155,119.1144568390544,2.2846071949460804,39.061518683373016,4.574323988075236,False
3156,118.59292933474008,2.4749815422935937,40.61912474575887,7.184782308760608,False
3158,120.183220524445,2.156887325067484,38.51479691172543,1.8803032060446387,False
3159,116.48334519557808,2.4143263679778144,42.33904147020728,12.051289614697597,False
3160,118.83551347482904,1.8379108591283375,40.193642709031465,4.439300050969079,False
3161,120.84013969762374,2.5933737285825336,36.830259271053016,5.18677038537112,False
3162,122.69466780111112,2.6888200604652743,37.69846940554708,8.32372092096631,False
3163,122.71986921734847,1.6587324941159836,38.58145858170186,9.758367816365284,False
3164,123.09750511050724,2.1804993542166486,36.70413190252328,6.917540330503475,False
3165,119.00093304942428,2.0562105936260875,39.95505296366696,8.535204116263081,False
3166,122.0553653748548,2.147045645819053,36.99324708267176,6.3478576612574384,False
3167,118.2842156612572,2.116322986076816,39.00966827845105,7.053503734733608,False
3168,119.07910675265656,2.362351819695872,38.53449931650802,2.834365731222674,False
3169,118.1551021790492,2.1774860186064022,39.831630462604856,11.123040685533752,False
3170,117.31599455074536,2.017818557160009,40.53906789368038,7.956869492914129,False
3171,124.29904941545983,2.165562967740976,40.30683758864264,11.636569197669816,False
3172,123.13469627303456,2.302956847392482,38.92500827707613,7.814859357935935,False
3173,124.0276626469322,1.963255734446944,39.43554279788301,6.553935094299991,False
3174,121.12187050467531,1.870753262206004,36.99811473744976,5.797995234424446,False
3175,123.40810386648197,2.5985485601670644,40.68168823265066,11.28216849755999,False
3176,115.54000284560811,2.071514664058313,41.82281775076613,18.551789027729782,False
3177,123.6755713059406,2.1725294026160955,39.30748029218567,6.731383827955003,False
3178,121.5490714730156,2.120440918834886,37.45675617269602,3.952754378316932,False
3179,122.94403976046242,2.309617540816429,39.37587286260136,6.713146977491106,False
3180,122.1780722270507,2.554557984618209,36.41474728239789,5.371272875209184,False
3181,117.94012902093566,2.315986768345857,39.41009734625776,10.75648467570325,False
3182,116.35607669628776,1.896326970492002,42.61145754898087,14.153327636967996,False
3183,118.79263208483282,1.9231753145982944,40.463039778321686,3.690106546614328,False
3184,122.75124357194603,2.1202070449346166,39.10654834745616,7.144881902204239,False
3185,123.13928338704372,2.1463533600933467,37.46830267608835,6.461513867880437,False
3186,116.75937894011622,1.85560974609068,41.3225109998397,11.564508899188764,False
3187,117.95859196084854,2.3638681840348883,41.18690258779424,8.910548728310554,False
3188,118.7579693735834,1.9827358884237043,37.54486696685382,9.23693057545206,False
3189,119.89235431317287,2.498660312425151,38.1676758239762,7.487214269378797,False
3190,116.77764242435678,2.564126519441144,41.910370180966005,10.015395016501216,False
3191,116.5916395249656,2.150349293473565,41.77388327922905,11.8904119886356,False
3192,118.4523105811366,2.287794528083637,42.93243602013608,6.619561834817306,False
3193,121.26738689229752,1.95361055558316,37.47917816775615,2.029516171637849,False
3194,127.00497462202452,2.324735265295823,47.54563285555764,23.15579068728858,False
3195,120.64100911908751,2.1003615153131263,37.03216092328216,8.750139470764692,False
3196,124.28151373003963,1.9825529356823293,41.05510550889573,5.716033878029003,False
3197,116.96448281401813,2.142133002349403,42.71481164674565,10.854172227470183,False
3198,120.36001814892732,2.106850398318928,37.3257536415646,5.2366893931174605,False
3199,124.1767458746274,2.1349681193992494,40.14906479764759,9.27879741953898,False
3200,131.12884272675598,2.389935980563272,46.63368588777897,20.87693377354104,False
3201,119.2216239583389,2.042938481472853,37.20805174035707,3.5992073484240645,False
3202,124.60683702435009,2.5470045999547755,42.20987419269922,7.133910114168076,False
3203,120.0507735551882,1.9349880734349292,37.47802555592786,8.044134936065326,False
3204,124.42393457813726,2.523086054635719,37.44143613191959,7.436061447089872,False
3205,122.32979271249432,1.9966978756186613,40.68399970824636,4.869753866230013,False
3206,119.93718157597952,2.199797353492677,37.20578434055484,9.59415598821774,False
3207,122.48704064485234,2.101960777304396,38.16619881660499,4.5788657099297385,False
3208,121.99339349292272,2.131254265692429,40.35028119613448,6.195949957230181,False
3209,124.16473674510767,2.36027144727111,40.0191581840397,10.726687718630616,False
3210,119.30012883261844,2.4999653594457625,38.423366053990506,8.141215050253862,False
3211,121.12773880702302,2.4381049409911286,36.40696482670463,2.675715942603889,False
3212,120.80930139322562,2.1190287335316307,35.88271670138182,3.857358434886144,False
3213,123.18285923908331,2.2368510444809107,38.83197023670835,7.442197615056777,False
3215,124.15262884953736,2.001689937485061,40.58377813651976,7.231803780609049,False
3216,122.44561919372828,1.9707398188542664,37.834119863110665,4.993570528835426,False
3217,116.91753227173788,2.1124853386031743,41.69297454465741,11.830481363967523,False
3218,124.74561475898956,2.249921126202989,38.69814558908091,11.287721104928028,False
3220,124.10568530560316,2.190729259483847,40.331789466037726,6.967772282917667,False
3221,125.42365277840206,2.503205024909905,44.87087402128785,11.038154906177114,False
3223,115.84933474881062,2.082963184694667,42.610987398768245,16.88366487942715,False
3224,115.28322660138068,1.920625418143443,45.12398950574008,16.185404575881527,False
3225,121.79075433599004,2.2919660612929653,37.71142459235456,5.376478736801213,False
3226,119.16486569603708,1.7365143499585,39.30601817038945,4.429437239188651,False
3227,118.1648135371852,2.422030823176536,39.80338178160695,11.553529778220144,False
3228,120.80548527969712,2.157282508423352,36.37039320344276,5.506342191314328,False
3229,122.90831439237,2.56626006411548,36.67469976577559,8.522316418202063,False
3230,116.49645160503736,1.854606902884707,42.80380925549247,12.355486546348171,False
3231,119.6084793771308,2.383629245041567,40.22404142504147,6.039722799317078,False
3232,125.68059911767298,2.1798982326371603,42.92291403134668,10.017215942507471,False
3233,117.66660602131374,2.133789893705584,41.50181995186748,5.002582843583759,False
3234,123.69625968021136,1.9260313069575712,40.91601147835405,10.123055594585054,False
3235,119.49733463919812,2.3191495813423435,38.84359010057492,6.138611722392449,False
3237,124.40171527232889,2.557025560393178,40.799667205238265,6.876881248717676,False
3238,123.29797347765356,2.4016100525721185,40.730944816760456,5.332416798591852,False
3239,123.81839476686302,2.081220934208853,40.43639450809368,9.998545973814776,False
3240,117.43006004643532,1.999227483276497,41.776502625529865,12.966838109818791,False
3241,124.45234509089802,1.926301713295523,40.02080094366311,8.191119693158836,False
3242,118.35665134463206,2.494644869127894,39.27414437737468,8.921370487732238,False
3243,121.80457947327176,2.044365143144427,37.988071084167785,5.787619217178649,False
3244,121.8005631796914,2.4960459737942617,38.07425890573124,5.195310505489488,False
3246,122.0445656957866,2.265980576318792,35.18872000157949,4.720807995041714,False
3247,118.38418906657336,2.1386263374879406,39.54504250063195,9.952217404135252,False
3248,116.81541102188328,2.3321345826004505,41.7490273930674,12.053479022901474,False
3250,121.57608719030864,2.126157341706238,38.946310200748,7.922989386556045,False
3251,124.56306820696923,2.3392009573296404,39.85114986092489,10.194664813633986,False
3252,120.8613279040176,2.171205578155774,37.54008814488581,5.023518175738119,False
3253,116.64399048190144,2.0403330442522347,44.57787664286863,14.462126751283742,False
3254,123.99500201111272,2.31996535509213,41.28637389464602,10.71311124846585,False
3255,119.85185111005056,2.1872028688742877,39.03684711305692,7.945116365914598,False
3256,122.06021071800517,2.297782002351561,38.74230030368379,-1.7934118807768016,False
3257,118.99287577171349,2.109228028329163,38.672196457731495,7.446327272624138,False
3258,126.09733530172444,1.958175739063809,46.3154124241865,14.697012179205114,False
3259,118.28264904503207,2.5470147925028552,40.66729708761461,7.718158491600335,False
3260,119.95396776227086,2.509322282152715,37.26630546916627,6.741545509377107,False
3261,121.33309097836168,2.376756992252393,36.20427595028756,5.733890417711683,False
3262,117.61423478603042,2.1224378629251457,41.25883874109388,10.500026222365904,False
3263,122.02461053862154,2.1399364053677856,38.15833201744597,5.05831192981453,False
3264,125.99692248014922,2.476465489179293,41.63561192294653,16.785775192752567,False
3265,119.4795673018495,2.1292339924865176,39.065739445138206,7.4890944207301935,False
3266,122.22494273899837,2.0734887927305405,37.98037132863648,6.75597017181687,False
3268,120.879319478497,2.190464463677226,38.57746631237463,7.403931810132354,False
3269,120.02956891362876,2.553685065702769,37.41643880054006,7.47081456786591,False
3270,118.4626574325278,1.920321617862,40.23908180078687,7.239070654909288,False
3271,124.35249645584844,2.3036369765569007,39.825354539599445,11.015321093831014,False
3272,119.98864458696612,2.614216519843324,37.66227831458878,5.888693176095402,False
3274,119.83070208815388,2.147199101546441,39.77106342961064,7.764223003315925,False
3275,115.05787079752828,1.966449616480316,45.40321377648015,16.369457105336355,False
3276,117.49084203576142,2.416468610887049,42.493297850688926,13.93831667624818,False
3277,123.97938980697268,2.0459743834718624,42.27141832805931,4.312991579281764,False
3278,114.45915299467208,2.1810382881220023,46.4518546224528,21.3849118487587,False
3279,118.62442241619132,1.9530995440414776,35.444247239366746,5.852309173896977,False
3280,119.76086782550172,2.511378920019487,39.69566108634555,9.31354954903562,False
3281,126.40522778860384,2.4309770621451365,43.98306377170478,15.906102130404395,False
3282,123.38267167303874,2.193683050157374,38.12292500925869,5.678782121859905,False
3283,119.2727713661354,1.9691702128826143,37.89099658780234,5.737821610557428,False
3284,125.0439924610582,2.5071814098485268,41.0585945377452,9.56738648731885,False
3285,118.70440095644652,2.126813654590571,40.84570151102985,6.463444979784105,False
3286,124.1282093915754,1.9789590318364965,40.3607372905717,8.00056242894915,False
3287,116.78748053763866,1.8475763975054915,43.57264866771065,9.98366592673858,False
3288,124.32709927854638,2.070806973621245,41.0777958691089,9.58747760526334,False
3289,119.74098569903994,1.909072375494012,37.9467258010692,6.498116863980474,False
3290,117.81163685308206,2.0754358326954354,39.728980738285344,6.864998701394219,False
3291,120.32685479946343,2.348881746739543,38.82977875739567,2.2078829115683,False
3292,121.85976695713266,2.1249199672049537,39.229177146659495,6.049536986286192,False
3293,119.4662798653703,2.2711386764227424,39.81333593071221,7.03395315510611,False
3294,122.71725586858553,2.055333068093554,38.30877283321364,7.619550549093326,False
3295,119.1927189606414,2.2130338132728467,38.94634585947535,7.390423989357646,False
3296,122.9231544211872,2.584180164417204,39.57292757613294,9.482644898606445,False
3298,120.8111385304054,2.276885887523932,36.53242506008984,10.304157602333696,False
3299,119.63171483166556,1.8868945545063125,37.36373255970173,11.746501179641996,False
3300,121.46977646687232,2.5040212244833744,37.735205709029565,1.936846558564508,False
3301,122.70578660340446,2.104558674211027,39.5010050269843,2.0438343783758395,False
3302,127.39157737346798,2.4101067299813,48.624168234869856,19.48424799645099,False
3303,123.91220330757436,2.1753639408482197,38.10294281166734,9.126366453399074,False
3304,124.0255688444291,2.322315873004161,39.23734618501464,8.259741874222147,False
3306,122.59947127798031,2.109511932097457,39.59595998319711,5.58194798592248,False
3307,122.50239488506628,2.4183812871523704,37.81003818994308,4.671510186248828,False
3308,123.18244673039712,2.0482030272013803,38.489224185392935,5.835583172140411,False
3309,117.8722054694764,2.3555868440055088,38.31669134724283,8.243764617588656,False
3310,119.62390492710186,2.121958941166694,39.04502979368923,7.46544663109337,False
3311,129.891388886564,2.269911589726412,48.14105429922569,24.707075150141492,False
3312,123.00760332938064,2.107601399529148,38.03644510271738,6.061624359307345,False
3313,120.46005885711428,2.2099951949413192,37.72677082448504,6.3854497569075255,False
3314,121.42849261897034,1.9850612596616468,39.5054874559033,4.886548918243361,False
3315,124.37110932246024,2.249511396937759,39.193810193259445,11.299282368618664,False
3316,123.67576728998284,2.2088375669919174,38.48098320939658,5.958843865303104,False
3317,120.49866489057212,2.091969289185505,39.68322229793322,3.128876774896344,False
3318,118.92301519967752,2.188994406721941,39.04755776579406,7.288648215904583,False
3319,124.51935166812488,2.2268008952335823,41.59556428179084,10.303190735679804,False
3320,123.3990626608206,2.0767285893469776,39.788487846126976,5.571002538931765,False
3322,120.02922278938432,1.998889611821016,37.75454099149004,9.187222875991186,False
3323,121.51309793225197,2.669146607792202,39.13894471660684,4.099221316431076,False
3324,123.4143721230752,2.411823732041637,40.793459942864686,10.066088740228183,False
3325,123.8213146343133,2.2546188211263103,41.160604429594805,3.4598845662252566,False
3326,121.88010860364396,2.434422585495339,36.6292969301838,7.51572021073709,False
3327,122.81426734721244,1.8041495046632443,40.42052884477312,4.7222988373624615,False
3328,121.19882408737227,1.6884640524331989,37.54338099344133,7.068373951948861,False
3329,128.73153642973352,2.120141787650019,44.94862788121422,19.16620277885062,False
3330,120.19008038777211,1.9242871712795784,37.92418734542069,5.299463106604069,False
3331,121.05887267858434,2.152678895110334,39.08122948412577,3.661993463869798,False
3332,120.89249432494238,2.24113132811898,38.70514608267379,4.797671788773405,False
3333,115.15472399622524,2.3840828996681225,45.18479300785655,20.63539370107459,False
3334,119.76780166171876,1.9723472031449572,39.42299443081124,5.526327647174592,False
3335,121.17423752457636,2.2799261372320143,38.188497672280775,9.220198635698765,False
3336,120.12775302509232,2.2028779386304467,37.42251634755064,4.733241308756064,False
3337,120.23484623391408,2.269501861986617,37.20835539502016,8.239264037247334,False
3338,122.51277324949422,2.09604560984928,39.03677153671287,2.9121530641605267,False
3339,117.65523272014924,2.476627027972424,40.35396993783899,8.57124664950755,False
3340,115.95306913675124,2.179298270314055,41.81557575101311,13.09641992632633,False
3341,119.92067364840632,2.554836444700754,39.35759792310416,8.529371522150162,False
3342,123.36875465705556,2.0419222692635555,38.61006216035917,7.515822212331361,False
3343,126.23141442240858,2.348565467991111,46.09064885136201,10.811335878314315,False
3344,123.42459754119368,2.1880663038878945,37.46942113138663,4.768289288892104,False
3345,116.44838234440655,2.134451516666648,42.322867946889154,10.526969875127588,False
3346,120.27966155793202,2.326463068093509,37.20418425387561,7.156306173705446,False
3347,121.79556658135274,2.1401653041620823,36.87119448428982,6.951038383824776,False
3348,121.55053246246314,1.6676069325685343,37.43385098650377,4.735321174652878,False
3349,122.6718441141229,1.5874263753651388,40.9166516949721,5.136103351801202,False
3350,118.15714826597164,2.4544844320568098,39.96437853707032,9.389769751198914,False
3351,121.2013235714073,2.4460516915759394,36.97969640925226,3.068092037520742,False
3352,122.303000772306,2.577468189251189,35.996301489339984,6.663804912526188,False
3353,123.55957995524136,2.1964943503435648,37.20354759014813,8.200791535599095,False
3354,118.50227368350036,1.9414730396004216,38.67509799811533,6.861802636420368,False
3355,119.93001371154702,2.1160832314698,37.42807716526477,6.356292863703945,False
3357,119.0734679005089,1.9985923551429785,35.8626967641147,7.444131115666779,False
3358,119.37431383178976,2.5297149445947733,38.46224214029173,3.590205045016351,False
3359,117.83928802468093,2.647900575928748,41.53387074969483,9.864088829828423,False
3360,121.5133976657212,2.295656140146036,40.167680597470415,7.242794533163114,False
3361,120.82656916065967,2.197827250660361,35.54383722403526,5.820335088684447,False
3363,121.66807470483543,2.5092867792312106,36.98768721920612,5.147366630855792,False
3364,118.122195194554,2.2152613621698096,40.01142516539792,9.792148050286595,False
3365,122.5056357734906,2.1421671203178776,36.91302238989183,6.117398222006842,False
3366,117.02626113204114,2.296234817734908,43.66087435330461,8.54562177009067,False
3367,121.09302026944592,2.082857694202163,38.058482822707575,6.761439163962922,False
3368,120.12219368045184,2.229375034624364,38.009429489531534,2.364812506858779,False
3369,121.93961584334602,1.911506629830868,40.26476099919232,6.046288790721325,False
3370,121.38656156071916,2.417417437850487,38.01201265354129,4.5222770289897145,False
3371,120.2089910574335,2.1791177917728657,38.65804736083674,4.567554377088111,False
3372,116.23755582646284,2.4317601721268027,42.01375463605311,13.46508470198011,False
3373,116.4206553132708,2.1597727644316764,40.83183482260179,11.191991653402049,False
3374,119.18995048881412,2.1727600582432043,37.92731131029224,7.319889158373367,False
3375,120.97433235981828,1.9575365143416088,40.84321353273382,5.308144191695178,False
3376,119.11443136368274,2.351951394603629,39.60510843087097,5.2715206711089895,False
3377,122.93815698479634,2.0248320091953818,39.18331483774163,9.057299557288196,False
3378,120.1344151504438,2.1027155253601544,36.89554676175112,5.851319955692485,False
3379,118.00846055318353,2.2002094372165075,41.153473858888006,9.5307796651572,False
3380,120.13790149173748,2.2242448367378715,36.39850578774073,8.151643429321364,False
3381,121.7001654925813,1.8587806119564485,36.07067759315326,8.031920318959875,False
3382,122.0071426283562,2.1538388269023967,37.49660072050136,6.656610058175044,False
3383,126.8229753091787,2.359046043728743,48.00038730483693,16.49241392603805,False
3384,118.9263810459894,2.12433239309522,41.41323952672544,3.988526251930501,False
3385,120.77221614906976,2.155053649157336,37.42480679947811,5.610872249872131,False
3386,122.32098423514022,2.2324812101685456,37.5074411332302,7.890459972374176,False
3387,120.92738882647748,2.1748079134906004,35.86868927142676,5.875043490729354,False
3388,119.44808374743518,1.9938968995224795,38.63129763527058,-0.5017542753178095,False
3389,116.19730275333283,2.1927307752666194,43.28511476307629,14.926183389270768,False
3390,119.41641286693566,2.39881463400118,39.57812773621752,7.847560266876338,False
3391,117.6715225205748,1.989764810546582,41.62124748015166,8.505244647784235,False
3392,115.64751928851628,2.1251036221028365,44.046142455733104,17.105054601363488,False
3393,118.5333955908212,1.923673735212985,40.061346445691136,8.522582346330543,False
3394,117.754015665624,2.388276390098069,39.40718061758268,7.585282099319194,False
3395,122.80973829040812,2.1815283586324243,39.41868888291815,8.761775558732875,False
3396,122.86338469598432,2.0299600732788274,38.10448285391035,4.00706472992837,False
3397,118.19797420229928,2.218453120028636,40.32459275637268,7.839207124869123,False
3398,120.19329124525431,1.9592799570209096,38.6352231061673,5.129468260977196,False
3399,115.23944774745114,1.9933008937079189,45.38991640935965,15.246054299862337,False
3400,119.46754615443363,1.907973294029644,39.5495528871412,6.599153524609918,False
3401,122.23684389217728,1.98664415248852,36.29503342622668,8.225124893954492,False
3402,123.55730745780372,2.4714675167999616,38.05436963173525,9.859647058345114,False
3403,118.78955404675692,2.053376333743481,38.72385811306696,8.285086967282666,False
3404,124.26075006763531,2.293245024530296,38.462905616813096,5.699119088181735,False
3405,116.30135504330823,2.032739716008816,42.328074305468775,10.38873317849921,False
3406,117.13235382265424,2.351906749152644,40.80389174608938,10.751261761139707,False
3407,123.19995178347742,1.994783599813737,40.7673422495843,6.828879169310185,False
3408,126.18047580854606,2.2078455855523518,44.08950632562372,13.646713688779048,False
3409,122.52963916336944,2.21057026197379,39.85301356230803,9.63904266470394,False
3410,120.87493860174456,2.6655610672853185,38.39561801218603,5.40660841469193,False
3411,114.19493038578116,2.326085057596033,47.49160648735855,22.4387245672902,False
3412,114.73041412626522,2.0814191971341454,46.82152739626011,20.834695833649207,False
3413,121.4011695643772,2.337009792730103,38.983660378376,5.36074901116158,False
3414,119.89000572432936,2.6276348940970418,39.8224809286201,10.55424867124106,False
3415,117.57191093532845,1.874072781903141,40.413391737955806,7.526420747734438,False
3416,121.20315100057316,2.031503591486255,35.86731563537863,4.062908594363025,False
3417,121.3569072392742,2.1526204881773414,35.794881276389724,3.453215107369456,False
3418,123.92768919247484,2.11658235457161,39.461363688549525,11.169028146918778,False
3419,131.0380003385753,2.133448660334025,41.13669480703585,20.28573867441844,False
3420,124.8080225418366,1.9391535468813517,43.52386365486772,9.241473853532142,False
3421,121.02478149160132,2.4807912107100027,38.77614830773137,3.558849830400012,False
3422,120.64246151609726,1.9154782803046764,37.2017563164973,7.876033769759962,False
3423,124.29936777736629,2.1599574380755,38.95234022845959,9.697246364756827,False
3424,117.96683327187156,2.40916611835214,41.36057691290655,11.099829280589947,False
3426,122.16329818231688,2.0041211666194463,36.97402299273462,6.645559043967454,False
3427,122.1805706837968,1.9302648687252089,37.3108946486422,6.258244043767751,False
3428,122.62779751931504,2.154000160794444,38.73125308700204,4.941592132050153,False
3429,126.81912307352808,2.048594086829907,46.25671920676236,16.777893768966333,False
3430,123.45677297618508,2.241046218340596,40.87833526387329,5.062330355612796,False
3431,116.02432646508784,1.919709770455164,44.80507465635627,14.80386745919061,False
3432,125.35075819277928,2.3626071473775245,42.165407129453065,13.271556516271604,False
3433,119.94322060372043,2.223109904632893,39.57237075821145,7.472180222540448,False
3434,121.3321807258019,2.2379672788704954,37.15197618944147,6.505055709132909,False
3435,117.03431268625668,2.488215355648004,39.0927428726841,10.460737295278932,False
3436,122.63122625618408,2.112440900325627,37.7129274085265,9.080058910248784,False
3437,118.9807397007906,2.0548366610533555,37.848892005752745,8.322480381273277,False
3438,121.31052587777975,2.090447274330625,37.199630597230666,7.871987185418312,False
3439,129.44174411663204,2.161494686095349,45.646504788037376,20.4162941594242,False
3440,126.96753968538114,2.181807021041734,45.23509412639813,17.425396118726503,False
3441,127.14500693045132,2.033860452679645,47.11346661688653,19.15335952945036,False
3442,121.1441908276657,1.7953829493933884,40.23440825231359,6.678950696819229,False
3443,121.19833090524344,2.0878141998241926,35.7657033160177,3.030397905475733,False
3444,119.8423268043165,2.2719651332573783,36.62079057518992,3.5278235022816977,False
3445,124.42861950365864,2.2272516612506985,39.55731483784443,6.845708967913295,False
3446,119.98034840196654,2.4399108939651657,39.22419610456945,5.358501115292477,False
3447,119.69385444859832,2.591097308792758,38.10889188845324,5.163803258004195,False
3448,124.0336378773614,2.351866754291694,39.08330893957687,5.6932613760756405,False
3450,120.88295939320956,2.353354858452624,39.24632101704489,5.023118534511731,False
3451,116.09793657731592,2.5419798511854768,43.26226172875306,15.856835353152292,False
3452,123.1829900698818,2.5701707268582537,37.98731304733786,10.692566226172575,False
3454,123.23579865567936,2.3412760292849173,38.79648636733394,5.625980479462326,False
3455,125.53157741939664,2.1589535656125265,42.20442544283571,13.616094184754362,False
3456,118.37708337785028,2.1917325438072184,38.84741186930248,7.625567616671173,False
3457,121.73260527428742,2.132432533729948,39.32055452885975,4.931610688584965,False
3458,118.07620423445488,2.324250322179011,40.20553226352112,6.554961457275184,False
3459,120.29392680869783,2.0559303925281305,39.456089803781154,4.492470698494657,False
3461,121.31564390062024,1.7289660229643402,38.61859383536636,6.762654020313916,False
3462,116.6208128299362,2.544617978954502,41.560581410148586,12.882996697432894,False
3463,116.92340977283295,2.1559050834827365,43.00851343553714,14.485100429645954,False
3464,116.7183918123786,2.291116087467316,42.63844122086932,12.897501375615612,False
3465,122.52350302881273,2.4915573389422807,41.89501163518627,6.818531874249028,False
3466,127.39807306053568,2.260058687488236,47.40890831039258,18.945530916385387,False
3467,125.22362055640066,2.4888687404186864,42.83156798369736,9.47246004604883,False
3468,115.1224458826472,1.9516524375697268,45.97759238721523,16.20817730132283,False
3469,125.40533540801631,2.6794753179195405,42.140707443138375,10.662749560745173,False
3470,123.9028412927454,2.4174220396977533,39.51739825112709,3.283547695733308,False
3471,116.20957016886084,2.2418404984973286,43.43112495081107,11.315475901582827,False
3472,120.06007498819746,2.485015866525089,38.871889463476656,8.553409206329553,False
3473,124.396119475637,1.9662730228021257,42.03810231795397,9.937110027102433,False
3474,122.70634388389784,2.1422770242461016,39.04205980482031,5.503667982384753,False
3475,116.94180533759724,2.488850079280476,41.02141173389713,11.721242033350014,False
3476,122.8933006829682,1.8265879638210072,38.363699049169455,2.743137017758941,False
3477,114.37374815215016,2.312091554991761,45.93976895547518,21.10351040417525,False
3478,120.30925125515265,2.306435231969031,40.264547438915805,7.794232139958087,False
3479,124.52766598514016,2.5938451633644326,40.03424830902015,9.325429256480357,False
3480,121.0570220682711,1.883408916055553,39.258387931758655,1.8343579308221896,False
3481,119.45329359511796,2.521926211406327,38.88582226931398,5.25081822994036,False
3482,123.75697338669428,2.08810585137022,40.06704987617815,10.29091357969712,False
3484,125.06112304788756,1.9555991226080416,40.60425993500368,8.277662963421431,False
3485,123.7104615281838,1.982429592506615,38.35715635242861,12.269806033966915,False
3486,124.35226186120516,2.2807044694907845,42.719290114386354,6.750944674265964,False
3487,123.27201652805635,1.977533617043729,39.283802405315896,6.545163981251331,False
3488,121.82313881226106,2.3480568667305834,39.61191072097907,3.466111725248508,False
3489,121.27747789926782,2.0674067906060496,39.81731769554688,3.258544066267888,False
3490,120.26449487079806,1.9573932388302704,37.58491190578914,4.53025160838203,False
3491,117.24165829151484,2.0944381707280213,41.6580866232088,11.352481642916215,False
3492,118.0385343226586,2.267341438351261,39.98797537891441,10.721607381242166,False
3493,120.12575510600084,2.1445293476137963,36.66376896570843,4.733786920277581,False
3494,121.74850169476753,2.20684202366656,37.88213208447984,3.476816422523094,False
3495,125.46651905381322,2.339241492367217,43.15271290808782,13.091842061980408,False
3496,120.87042859358591,2.41648429032339,37.35495549334512,6.1710068622415,False
3497,124.11077650172076,2.137980938282114,39.70662854362136,9.04364069283188,False
3498,124.34587853493956,1.9911555968847685,40.237501785523925,9.642121754222076,False
3499,120.28251492716475,2.215218895784504,40.85824079324624,5.166298442356494,False
3500,122.84353965524755,2.2941299172208147,36.3634368430677,6.576010084820787,False
