Mesure_ID,Vibration_mm_s,Courant_A,Cadence_u_h,Taux_Rebuts_pct
1,1.387109448480041,14.792356121482694,313.41357921236175,1.540021453049198
2,1.6071808702366053,13.292023832821858,320.68143645406167,1.5558726432336385
3,1.1211748972335014,11.68275070394418,336.56035386697687,1.9247653937107831
4,2.6054558631018176,11.424291078188636,324.242712649321,1.3947756806008005
5,2.534585110204512,8.853516662759276,321.1367952261299,1.5564275047042835
6,2.1374864841752186,13.175563568283168,352.40472044970846,1.569058123755989
7,2.0472902860794715,12.865265889152294,306.7335634689313,0.9485893740696607
8,1.456943499125847,11.401789233795858,299.7969481116518,1.4922763933813268
9,1.923245013912258,10.42512154883516,308.1924422658881,1.275829886351308
10,2.6273371574413624,10.729205812491301,288.5290503976376,1.4567640424588073
11,2.0459955993685,12.488837648727365,306.21740814382053,1.2041960182298366
12,1.8023737368258363,11.901725192971234,273.9166605120053,1.269767678443796
13,1.3846752689987354,12.760751219368009,295.4686573417795,1.4902891543189642
14,2.483107004705782,12.095087452205002,302.92399012281936,1.5637584853701112
15,4.061896169742016,19.94438183717452,322.0934352353548,3.5920380002668755
16,1.38514315132301,12.406532654431471,324.9996297989545,1.391254047683725
17,1.6765070112749603,12.911674918176749,287.6548928344805,1.0948043367543492
18,1.5528616939246545,9.70134824798587,342.36860181134466,1.22547109529055
19,1.9538897660008099,10.642219872452793,307.67072261191106,1.253508912783482
20,2.0725686393644867,11.59921316312361,309.32080938855387,1.0619455768750623
21,1.8238740275025165,13.187525663390266,275.8815172702101,1.407787632655835
22,2.2719663087704087,14.068582698674515,293.838966977839,1.3303904319982918
23,2.0275807841653544,11.819340639374435,323.8968286075846,1.4291619038045076
24,2.3718093348452456,11.327261929723003,308.0560123288358,1.155181464693433
25,1.8749820726717483,9.849534601316417,306.9406650725517,1.0431641563624212
26,5.386743712750742,19.516300331709886,309.08909907035866,4.568709408680322
27,1.8024289467841148,11.394790367286076,279.0223225084511,1.2494113839748113
28,1.683834502885445,15.25416813629397,303.2610460387732,1.2194729471590382
29,1.6407948074664849,11.186655687962036,330.34994639535716,1.417149121336303
30,1.9261707457059931,14.31580260654673,324.56073719717887,1.3355603030029108
31,1.3981623681969757,12.823204121946214,302.7464100419192,1.166172373685905
32,2.1030969953397336,10.868909160746497,333.146036138508,1.4833064188860663
33,1.3331436806523176,12.255358167507945,282.33622687816893,1.384737021709288
34,2.056584823420031,12.848518579205512,287.50944203258734,1.5419247148932664
35,1.5270618895662764,11.752222588231758,338.54520278883155,1.0674925510676398
36,1.8665473074169676,12.921780981607528,315.4035161295534,1.274165549190659
37,2.2115891396963256,12.897552875283527,299.80002784215833,1.1897377382347634
38,2.8064131893567237,12.655972350653544,304.00426581136554,1.195134403894253
39,1.6226998177265952,11.981879295147744,290.4806399637107,1.4170548521364594
40,1.9473888927007628,10.70756590176326,309.97866683253403,0.8168733518177498
41,1.7466844638285601,11.915536086977243,308.5529920336065,1.1801678843260892
42,1.6955453871037216,12.193671130087427,305.3579247775284,1.4764706623315311
43,1.7497593345106595,9.936344041858392,284.1243881262003,1.131565038939721
44,2.2884232664729285,12.186158847590479,309.7656099992404,1.0691659580826445
45,1.8291804475193671,11.893518608708842,295.4687942164034,1.3775788858182123
46,2.7872594443947993,10.57371132213655,287.25240931119464,1.521962849567405
47,2.145592739563157,11.633692970239068,327.8013648476725,1.1317064085501387
48,1.6464962685890736,11.656969018482272,344.05498444103466,1.5299774283067336
49,1.871653186249223,14.12310398684276,339.9671623187535,0.9764279957290706
50,1.7193535534860036,12.242130180795105,316.7022097477211,1.1553360056704756
51,2.2800240285313498,13.139649776446058,300.21946857657457,1.4203374761469099
52,1.4264271202021614,11.870403165060287,303.7335995131168,1.151002037961848
53,1.5306670168474665,9.938691831481407,312.30084074232093,1.6872335013921524
54,1.7929588584378005,12.739576033703786,297.4355404556986,1.1823501235662728
55,2.2390313775984136,11.275994597453705,328.73858108220315,1.4091870759684304
56,2.4315710961879704,11.630839857013298,268.35690510208633,1.48623920224344
57,2.483189766770495,10.841731625972983,299.6769400282262,1.3096258256345497
58,2.185430531981636,12.080044650313496,319.4192868572118,1.1248282669452836
59,1.970988662274693,13.171696197784698,289.7871263489632,1.1919120822391278
60,2.2781190343098974,13.02601191932209,300.677319958799,1.3889469678453568
61,1.5994247838989013,13.74480845856368,315.68558149237765,1.0989913334604935
62,1.3543699722943208,13.900755403749523,332.32884392668035,1.209451161858921
63,2.152823152190271,9.749538346715955,281.7091109210076,1.5108534938579472
64,1.6480125539979025,10.687017382977954,280.3746592204125,1.1273660831992685
65,1.9771426437420818,10.010989263840791,287.9714566188829,1.2711302516467413
66,2.041869455555485,12.695123451428548,277.3243546908531,1.1606109890052871
67,2.086841845712404,11.237610037820932,278.60518780259355,1.1729517814553596
68,2.328227038483768,11.461901634971678,287.4920984414954,1.550717737552624
69,2.291226315902106,11.7617428248798,327.2028838684279,1.233853822692843
70,2.0682500235086914,12.420827756899827,299.38261727476237,1.1314296137817865
71,4.111382215564419,18.18089523439774,305.5647519108189,4.154399407335985
72,2.037716731036712,10.615250191102504,287.8016433784248,1.1001618472645562
73,1.7913263541637776,12.001425827184217,316.4036673511625,1.0921086757549399
74,1.9312498772978401,13.318620529769914,338.7637525009899,1.1029465750397611
75,4.6327870814212835,17.324490517209313,289.0226620872904,4.6886610978274765
76,2.0637663953092393,11.129174322979765,336.0454706793452,1.3447374573145257
77,2.157585755963142,9.6369704516286,311.5596388970212,1.1458606525175505
78,1.7530817728393733,13.047943143566307,305.3035429871968,1.4329122934662526
79,2.357025695750454,11.190475185670472,312.2022289818543,0.9590416481781833
80,2.2660953479321986,10.737819392673106,312.0294769814063,1.5176197108578287
81,2.26857339412928,10.11314225089534,338.4278795431384,1.5023101547858573
82,2.0752119363637123,10.416989107743838,314.363973172791,1.6506609040276756
83,2.3619665335183697,10.942664357500762,314.7399290805375,1.4809221506481145
84,2.4450898188221566,11.737266390186434,297.4130032406742,1.4063098768645186
85,2.099084621772253,10.670384124763277,320.10338845635926,1.4641187343366802
86,1.959885674349887,12.2042788413024,287.77675447478623,1.0758036091986984
87,2.313099846540166,11.728907486090087,306.96207181243267,1.1797356100016554
88,1.6835561427040897,14.44419151810298,356.8991040040549,1.2472330652015007
89,1.7487139017846356,10.12511257196807,259.92458144636674,1.5116631280738597
90,1.9813448799902846,12.17762737334362,309.19664593403814,1.0290331375450994
91,1.390525026046649,12.191405487945053,309.8892125758201,1.2304635068113308
92,2.2896583457471986,10.866386855684537,300.8943972352304,1.2976487899980056
93,1.6629801393869619,12.104777637192207,301.31865330078625,1.411655531283752
94,1.8349781424743852,12.846553803047387,306.6453759169067,1.0757232128887073
95,1.92535214151208,12.106140630813616,300.46394104163846,1.3374269722204861
96,2.0137503875496927,13.522909173301821,308.99563511877807,1.4737933123047406
97,1.8797213532519352,9.604543620095127,296.2230072952958,1.4487725104148326
98,1.9764201334693778,11.073543245917007,341.4030707374474,1.2709921597690095
99,1.979130328663355,13.622561651954038,300.46375262064765,1.1821417761312243
100,1.8435391648305057,13.003228966590235,315.2530053372449,1.5618127228946441
101,1.7293819398264323,12.594562882392918,292.9573502028221,1.247021279593553
102,2.3785158735244605,13.356536947171405,321.79657454722064,1.4740354838290322
103,1.263458004206654,9.891786333428053,318.202420172324,1.9171527627774623
104,1.927999694346681,12.875171728995102,312.54668425757905,1.3701640423344896
105,1.8358851848405247,13.170807178661365,286.5079635880666,1.0167419569514946
106,2.1465770203542704,11.275429817206689,291.45674526985664,0.9650863374759042
107,1.4909975212183468,14.89216082968035,335.35111374343126,1.2959242300309002
108,1.8250751305647386,12.215983860468263,291.2574732612078,1.360259050659811
109,1.9641740931035854,9.587954053240605,316.53623906382506,1.2897272707317728
110,2.3745257636296606,12.41939919772713,287.9959160567366,1.7255781416661629
111,2.1162647383783986,11.208153967011661,323.15089824083185,1.2951217511864
112,3.9742969443337337,21.401876477627518,292.6448475650471,3.6407593361391384
113,1.8293831484477692,12.602738436730428,287.66261802428,0.9907976453981795
114,2.310117973431242,11.34228572049619,292.1778354194558,1.4937913700465293
115,1.5797287969269265,13.652697110089186,295.0315532601016,1.304764484637843
116,1.9724745060696702,13.033396436577242,312.284120388636,0.8992266380431189
117,1.9968078416158035,11.089288013549687,306.24890671048007,1.2044582345081438
118,1.8649759290277323,11.832750411383067,285.28719056156905,1.0117912776197528
119,2.94351312397962,12.568608469840488,304.4969537516212,1.649002707003106
120,1.8555439891933578,11.599310410950116,284.41697466876025,1.2137589187234346
121,2.157417805778729,11.63216065576802,316.58403257001765,1.0338326096787158
122,1.7317946079232507,12.040397531090932,319.8842521797033,1.1456356456121544
123,2.1847117971997916,10.82762155755887,304.5689479061115,1.0716471019922023
124,2.304775658898177,9.543958127565336,309.8897612538697,1.1122750820900438
125,1.7942125871388657,12.263048348565242,336.5382339919594,1.0238049721489353
126,1.9808543646735135,9.812210055775296,302.16314613694186,1.1036670202906083
127,1.6866520805381944,10.907657426540807,288.003356899084,1.0799724628238345
128,1.599458665782538,10.051259405156571,315.4255142468802,1.4135768394451917
129,2.362878401375072,10.186711107462566,284.6122322162238,1.319168451216775
130,1.8060996689407232,12.468990691531221,301.20975866108705,1.4615014480290958
131,1.1552356850221754,11.75546101843392,294.2181791704967,2.005516726803492
132,2.617874654772768,11.715759498985063,292.36724300224034,1.5645264561906942
133,1.7192666369280878,10.55250803801359,300.49842327839883,1.3372041376116612
134,1.9137694346881893,11.278566002277582,321.1980438718535,1.3525288806953752
135,2.57431727692301,12.414100675131206,324.90203818983537,1.4912219641437887
136,1.950390267034326,11.942704008162849,321.67170553563204,1.2115165444482738
137,1.9428321892293479,12.904941467146184,311.0543736043115,1.1960957338835057
138,1.5701394344073134,13.061601213338506,300.3611018950222,1.1065340706985922
139,1.4278082051303518,11.722558155915968,262.5591500828008,1.5642259809306576
140,1.9417648073913552,9.962525785487458,311.61789787899096,1.1957758406232335
141,2.126983420926213,11.167690611027162,263.97202895434003,1.4995786683722028
142,2.10693389287377,11.892541791040038,270.37938902348577,1.3898880951841468
143,4.307855829784245,18.31181127460253,302.089982195835,2.6403487138787822
144,2.0070902297714297,10.839913367532871,309.76239040334895,1.449368372194678
145,1.3569765016352116,12.076727512645835,296.8804717310733,0.9359391403688594
146,2.1610584572434175,14.67333341300661,332.63956067469144,1.6016090449813405
147,2.056492045669516,11.462993131759987,313.3178298353331,0.934225755184423
148,2.690781312964,11.996913562259047,300.51065767768534,1.5853297292383344
149,2.0026178762501665,10.556760535045912,329.9535790132723,1.2854873451951423
150,1.6700657267488723,13.367741160545664,333.17204025615365,1.4900573471677998
151,1.9822469030689134,12.962217347686565,314.22605648254404,1.1344497420095043
152,1.8852700699944571,12.886307553412509,291.04536212436506,0.7787940797310349
153,2.1521477540696394,13.49577539243522,295.09513224160884,1.14843178116495
154,2.009412221603815,11.529924509835713,278.95870316611996,1.15622069344938
155,1.5590186546315747,11.667340398169816,304.23649616359074,0.9068403248543071
156,1.427489849132093,13.880866385075315,286.09925405399844,1.4057350455002238
157,2.0920178709215556,12.696000913239015,299.0766541544627,0.9899100754084524
158,2.4840900893742335,9.558855996521423,309.6908054549929,1.4704229493969025
159,2.0277717594181017,12.50030307320071,269.2932444439291,1.1512468152074034
160,2.2846540738720726,11.360132133153444,282.2526571666177,1.640835742167127
161,2.35448320397126,12.987989007122323,295.87673501296416,1.2241592737705416
162,2.093377146028134,12.44900951636219,304.0545073629829,1.2913098281084547
163,1.714927979248507,10.085402959574921,296.10996560471403,1.206145332917303
164,2.0683578297659473,12.295713187545026,300.1306772350452,0.8781500380421043
165,2.4224755106601683,12.231690499976768,292.28863046974,1.266148733237043
166,2.18546169235997,12.399808735111264,278.91080284744476,1.3713203118341102
167,2.2618858699900297,12.63308173710464,295.37448600694944,1.3615484864732532
168,1.8381088154078609,13.645562555803904,301.1629665512545,1.157071705823614
169,3.913662576182026,19.45303893695092,299.41297813508754,4.31167991016493
170,1.9584454411848715,12.02518830652191,307.01232653833614,1.3299277863616492
171,1.9820316991121214,13.262764309607046,312.54010226855354,1.2840910329947761
172,2.4087854106043256,14.467014795948744,317.27107208414003,1.4689454779242879
173,1.1784891950816414,13.006577829584899,293.596084960795,1.550105562511641
174,2.0106884066036432,12.2268267394889,276.63565752944385,0.8631935866595233
175,1.972176268506801,12.47578360474581,327.8887345831149,1.3072165326358625
176,1.5199746004945478,12.281648135338084,311.9380264809996,1.3364260774875245
177,2.2351185258056128,12.02037025680066,287.8160776788691,1.5115051873862253
178,1.7464249328192765,14.381687914657018,309.9986910168636,1.2443267953067085
179,1.875038572726394,11.176041288251923,324.22390519882623,1.2002758371458537
180,2.647073667713915,13.270396411066969,336.12517745430904,1.534673493242439
181,2.3534907773386697,11.86155736302937,309.51098497083916,1.155587224037872
182,2.2010704287007905,10.371538912847404,324.0740714722975,1.0952304461540379
183,4.5582921031822075,20.988263878342792,283.22716269833495,3.3926702176451737
184,1.94236199214413,11.398546582870694,304.35375047125984,1.0179120223157616
185,2.6997820428795354,12.635335050259425,298.9697723133863,1.4479978514288003
186,2.2807586710040835,12.100430244924429,311.16625733067576,1.6352075302961273
187,1.7376575301121617,10.875770449987234,334.001490837852,1.4498208882493842
188,1.5099642026238211,13.618108704838686,309.4980090970266,1.4056886379059945
189,4.431378359681265,20.05470683641844,288.1215666931962,3.256581250701533
190,1.9804458045425444,13.744661085306042,282.2581055620901,1.035250200334664
191,4.008587837521135,19.087480034574046,334.6240411295709,4.903101310353318
192,2.1500051579990536,11.96069362489124,314.2482814229342,1.121400424943847
193,1.9058404938909677,12.773916530880483,313.065464245551,1.606080786656254
194,4.680717336474337,17.758321840132567,298.81283500595293,3.6869557132845365
195,2.154609075103317,12.14306551019182,309.8215121240212,0.8636964183031408
196,1.7871075924596562,11.806754310746499,287.2347216897174,1.5206123349413572
197,2.2214956675484716,10.392862251091087,311.96957040266574,1.1726543703551107
198,1.8257332210777852,12.14020105532298,283.8523375416675,1.1046276546779403
199,1.84849134438666,11.514936419082368,298.5328079895003,1.3187005476684541
200,1.8137050076825176,11.733192619579865,293.4279233241307,1.0192404295465907
201,2.3958410497321947,12.40016344021495,246.36738243200165,1.3944134995751072
202,1.9017996641809738,13.399786447385289,298.7581647223987,1.0176270871134683
203,2.480355113197488,11.066352900397224,288.8204043596673,1.3738604767173468
204,2.6242197045654008,11.629785963357707,301.2129820899659,1.7008626595586593
205,1.741448302100943,11.158409034004208,305.03101040867335,1.3174129753783816
206,0.9776516398560733,11.086801353421109,336.8227749736685,1.7551593842371562
207,2.3655783401449453,11.34597416198525,310.48476194883517,1.3884707358374637
208,1.8803098359239505,11.783904688903286,311.01402739370366,0.927299392824951
209,1.696834755403803,12.644458822565255,313.9210490339464,1.0873733424794363
210,1.7939486628464612,12.352490341263321,320.69255322034024,1.1394202800242537
211,1.8548151625218898,10.837457301008426,313.17703016938134,1.3700172314437522
212,2.454017581742809,13.42357635630887,310.07083443963415,1.4048389294832386
213,2.05596893376113,13.038853537124742,317.8024445341366,1.308912803828083
214,2.4492595205378476,11.008695784329326,261.32058042504013,1.3156239602942514
215,2.1729770417474734,13.346521981111517,342.60292849901884,1.0603327049825113
216,1.8917692466173304,12.359632253855905,333.6151372048412,1.5046517249005353
217,1.86337497887676,11.82789916678223,308.9084435334672,1.0716411469446234
218,2.1965630627623605,12.393888048927243,279.5658838926422,1.3069900125266758
219,2.287148970266448,11.971652124811925,326.786307784873,1.2270517880442986
220,2.348877439995304,12.599586519929547,292.5102230168352,1.3856279142895374
221,3.855563289547111,18.679266282733572,314.60913829834885,3.683933547202704
222,2.061322049741565,11.628831342500577,281.9076991678616,1.412791668448114
223,2.2044141432393642,9.771590564922478,345.0753241815162,1.5007266683409575
224,1.8656122409220983,12.579900794695119,279.0400982820448,1.4091006583732624
225,1.6027709881690315,11.588979193774593,306.241749265697,1.326199597898854
226,1.7178051266542569,12.855741270609771,266.8006301387931,1.1607553187048352
227,1.9156375951082052,12.529842568503293,304.2579958604662,1.7686925659873882
228,2.2317724987271053,11.61756936772839,297.34486630751104,1.0339061857473297
229,2.440642123450236,13.125287010185069,325.4693010903074,1.4927451989192662
230,1.5253834769428827,12.225325828020228,297.34317023134645,1.4017134839906211
231,1.790929245124506,12.180007132115897,325.49522449123396,1.2137188598907809
232,1.8747481260278618,11.848078244560543,286.5658297834039,1.2464454071069224
233,2.2781509613073254,13.851911283463778,299.92469114519463,1.144377713693453
234,1.815161312614025,11.215406597994775,300.2855822374309,1.3059103128617917
235,1.8495936827683848,11.64505800879504,313.9205886013925,1.27693813334992
236,1.5058025979974217,10.638931340412004,311.630739675327,1.8820692878726932
237,2.169192560590641,12.799404185056957,318.0000527886205,1.4313401165522828
238,1.943510323891206,11.359636093006559,309.8029508592153,1.3050912045294072
239,1.7710842377571412,11.482960860101047,316.90366687903605,1.3465532423838624
240,1.9091703714312662,11.431369704627102,288.8384492835235,1.5728575439547094
241,2.394448425675942,12.068994107668626,311.99837600386223,1.099268423362883
242,1.648289582088055,10.62416445687494,333.94770669402226,1.237673582088323
243,1.7054191291137415,9.532430207287513,274.76013018702326,0.8706389681595182
244,2.438288356612967,12.503474441132049,313.8021431894407,1.4270127785578774
245,2.0265211898066,9.675086523175919,317.1820360028861,1.3700567742141145
246,2.234413933849171,12.939551562375117,331.3013547944903,1.0338499249826192
247,2.1406131685019902,13.714380524488663,318.06884479922377,1.498879241493842
248,1.9876329066971181,11.819353815671464,306.80568695885677,1.0563157684731002
249,1.8780953082980052,13.42944224139254,312.7413175191807,1.1404228305120625
250,2.2910453078693367,11.97331793850246,291.76931897789586,1.2747376058636606
251,2.406817798733904,13.759165274985657,298.0165746975606,1.6181397053719826
252,2.3794659214556337,11.498160362675469,280.95734888536407,1.114757067711524
253,1.5850849282233108,9.398630009625766,331.76653125819604,1.3615421351456096
254,2.456718856245515,11.912097081482848,313.1028317411152,1.4801228191486113
255,1.8747226610308243,13.878759512751813,288.50997571415695,1.3231106797314156
256,1.735739661859308,12.58846513653446,309.8844253279265,1.3629803224018804
257,1.9407353061310344,11.433144448608372,325.868258779898,1.3544074267984174
258,2.290894952337056,12.361791286213204,322.87026185817894,1.1398273790560827
259,2.1891624644098218,13.068237322297808,288.30250496300476,1.5590254201310232
260,3.7438825516661964,17.43498589629698,248.59090131416815,4.250472394290572
261,2.293183053407291,14.889029093876617,312.11694952813485,1.2028041410866523
262,2.048951203265802,11.430840247828565,289.0363466269118,1.4709628324434527
263,1.7994599870612191,13.102761794249224,316.201895107649,1.0980164046982976
264,1.7521876509645273,12.83813096012998,322.10486699005236,1.3009022143404916
265,2.143582195547567,11.230189832832137,325.04539600094085,1.0678025833279086
266,1.9711187924645395,11.53311570591756,336.40532874761357,1.7043476375782274
267,1.5185731963052274,13.119908512227301,327.25442452539147,1.8007939637348167
268,2.296506522574326,12.159266676364666,336.4918789181124,1.2307014744701623
269,1.8319037399814528,12.3718788994,329.82308617823594,1.3209252462794403
270,2.557241876796078,10.200435910925206,331.391916332399,1.3873510665626052
271,1.5089535051958511,12.721598520678311,304.2643734926401,1.2749560983539847
272,1.936751991263496,12.316026528490825,281.79212423781723,1.2263264861866527
273,1.7550078104462703,11.92969897509473,349.6808645806834,1.2278924167209064
274,3.7841908052430204,19.009870710415196,306.13315283388835,4.856472017328839
275,1.829623249134568,11.549860522163325,327.11674515153624,1.2700216066543948
276,5.522292078718829,18.46538083828219,295.09505304156403,4.463752792605629
277,2.0501795595278263,11.733925915196979,322.3506039658215,1.2639508842433513
278,1.7229021864209,11.489376503849872,260.99066014928064,1.2305663634212942
279,1.3599800563819082,14.39858251714752,297.6120189619828,1.373707444241634
280,1.39752310877831,13.003057801727948,303.2286004989388,1.592769054728831
281,1.8122378995584427,10.934684183631129,313.3269578294934,1.3277796445590164
282,1.7782092055514689,14.239925602486927,324.29644417881997,1.508724153888404
283,1.92158225281793,11.523857727420056,285.3054274106543,1.302635558738333
284,1.204735669847452,12.032400904210713,316.87942740056366,1.5399459025247617
285,1.9679114417337134,12.987158914424452,327.08000557946133,1.3239715105798524
286,2.359705421301488,9.833012601712623,347.2264084895766,0.8815101622204141
287,2.567994436577468,11.739271568364934,317.71930370907563,1.8143065857359304
288,1.3369438482290013,11.369332763936116,296.728892333338,1.5186621049963327
289,1.7195125342662956,12.225588087498549,282.1082361720513,1.6840951098853805
290,1.7010181486589127,12.407054651591986,337.92564136157415,1.0797650765226798
291,2.0510024996339773,11.915014698134414,318.27215484067295,0.9780316764585355
292,1.5730796362432413,11.863987972003113,304.6044386315557,1.3825232567269847
293,2.5887921370543383,13.17164450989899,275.8432707040073,1.4805126569475406
294,2.015232865090009,12.331634523367441,288.23868888383504,1.267788178994699
295,1.956898798745276,12.045567511057138,316.36376519793083,1.2382798687798562
296,2.557449806823972,12.162657650606153,311.3689944342662,1.2608267400915725
297,1.9943833315708281,14.01947789728324,269.9660319386038,0.9029477693628416
298,2.140106192274541,12.189941374682517,316.3870260170329,1.2684079583983396
299,1.7372206043477827,11.434106644537724,276.76814393204074,0.9849134064079303
300,1.5203242772309657,9.900101002527835,329.3721632348407,1.0626520198606517
301,4.503904566383271,18.096466566075602,308.7540064682892,3.2281357317212978
302,2.7654415436306885,11.486271515412263,296.6584139225126,1.6376722510951152
303,2.2215573319004345,11.880785471650437,322.8227781039921,1.6270044382425621
304,2.0960871929888674,11.388816394428737,311.36298719202415,1.4013915098446466
305,1.6582693134351802,12.38625837475039,328.8486969530903,1.556711434709854
306,2.318937780344346,11.37464115104086,306.4485610410122,1.3917651221472012
307,1.524807353990173,10.994061802851027,307.49874859530286,1.4088555742818387
308,1.4515302426111667,12.673908218893153,299.86549221323764,1.881649507833318
309,3.27018736613458,20.919544163064746,309.73340856980894,2.7618504578380287
310,2.6840718191865065,10.782115642478797,335.5631158362066,1.3981264890042329
311,2.664262981337414,12.268087450078593,295.9502449389012,1.3977112311086792
312,1.8420670751123098,9.9044948760308,316.66319268795144,1.3936770895298127
313,1.7640303436307057,10.378008056200125,289.15201550585687,1.0376536556990081
314,1.425873285804077,11.35235758922511,267.79882188178794,1.5504588118873643
315,2.0273107539320296,13.248401475614912,308.734257326662,1.316377492722082
316,2.056704463195842,11.143423367323978,311.6672976224496,1.3645987246771565
317,2.276344688968919,11.102289477757896,303.0190771500353,1.4048644416418168
318,2.3187476296638074,12.039696010083894,278.07227052609977,1.5686239581762966
319,1.9309023288173786,12.040791972264836,310.4774193435492,1.1930228003102419
320,2.1946097561658546,11.136355379969864,309.79364541451,1.328755356215272
321,1.7547763962537124,14.184843723989562,289.0019486403337,1.088770912388008
322,2.18796488667624,11.708100289573089,280.63715171348565,1.0282394771204135
323,1.8224687726354045,12.124943480659887,300.4570173012926,1.5718761589344683
324,2.1608104805884283,11.558042508518513,316.7527264419998,1.0530922489288337
325,2.132475463849878,12.483968718366297,312.4997851722558,1.3387922645039216
326,2.0240812689932723,13.358453315674529,289.1449340389866,1.3065565044112923
327,2.278088901355774,13.83003006665003,307.4646515303961,1.4813962411018111
328,1.4503603250237602,11.161507757209732,320.96827529856023,1.049622133664976
329,3.6382120035092624,18.517372223374238,283.89201723319735,4.349038498590968
330,1.905479114256438,12.60464890150612,306.1367966247775,1.1937541174220092
331,1.494857814314337,13.071990270406086,329.1135376430757,1.2331193529630926
332,1.8575974199058531,11.898932800037922,282.0512212047098,1.1620035945384037
333,1.8688793967228574,11.7942551493896,325.79947323889115,1.4176697249704577
334,2.458389325333343,13.029286110285392,334.1453741418029,1.472320567612749
335,2.0498867958020117,13.050161756661916,301.00030054692405,1.1759085238361346
336,2.3603003516223575,13.722292620248075,298.82584485770695,1.0500683132136606
337,4.594383491057728,19.031721197351384,323.59569954235207,2.8862552387430687
338,1.8125164550687771,11.882393909601767,301.64965324946866,1.3716960797569189
339,2.0468008827112794,9.294161062006376,262.6437193874883,0.9457657084426542
340,2.2552992168762604,10.227613408205132,303.22169729558755,1.2154757164337173
341,2.4176904642549033,11.566323234298267,313.4672714275021,1.8408936198336665
342,1.9536914779729484,10.788835175629163,318.3215093644844,1.293198855201417
343,1.4233712746514695,12.895543621976572,289.1486750344654,1.5479502529372435
344,1.3987692099023343,10.55897694226315,300.14357984949305,1.2046800234036121
345,1.8857555864590896,11.448565238814684,322.5843307547414,0.962370740380695
346,1.1817344745982097,11.491770857547662,303.92002481455995,1.760899489444251
347,2.6282865630078907,13.32521739173939,277.4827161087036,1.3803760053747893
348,2.2089266309899065,11.330937376078392,327.2774841731668,1.4609144985948102
349,4.277579645180634,20.172918892276783,301.1460015972096,3.104842829876408
350,1.6116233420969215,12.215276740274989,324.6419379892648,2.001774414152405
351,2.3598416835916387,12.993617333992008,279.8817794744021,1.1832276592873692
352,1.610226995522148,12.935236557328128,302.82223854339645,1.3689801028497008
353,1.6436206327396317,11.9632158758435,314.17524842619025,1.1173746195278462
354,1.7319189209906578,10.134076036132102,303.43139249298224,1.4695364810841738
355,2.039930595101014,11.745085024689807,283.7058883582221,1.3090591502299298
356,2.2172791037015895,11.978048791014633,262.03754047681673,1.0560881546603542
357,4.7792423569893865,18.075503939284378,332.4187723310605,4.620432698773372
358,2.3657399546313456,11.188689340257108,309.4646876342239,1.5746263833483485
359,2.0002707982321595,13.254991230249475,326.0024189502405,1.4703418650735005
360,2.357182690814717,12.014981360146491,321.7160437884881,1.0136685569174557
361,1.765150135108274,10.987452917406662,315.7432428701524,1.159898746677356
362,1.3626968949383118,11.495949377384152,299.2159276073528,1.827972499892155
363,1.7651041249013222,14.121396919363514,313.81580466150433,1.2196700831440797
364,1.7178088200032995,12.730815682241149,330.78566503467306,1.30446362015061
365,1.7788045248702882,13.153302211120845,306.49419670892763,1.454742846262731
366,1.6642188447653388,10.854254333315245,339.23061879918544,1.0212170492667496
367,1.8386116478471008,11.24228733859782,278.0104060435966,1.0476882206404972
368,2.2170060249327523,11.25043546353063,276.07564499727596,1.1835151522709404
369,2.6003399859319,12.202833111347484,322.7853538613491,1.6771695831962783
370,1.3961287340093418,11.808597985805886,290.2626271426242,1.6427493731839555
371,1.5492928805847397,11.461556147617276,341.780064567718,1.4858354179323805
372,1.7229938094451414,11.5995234482462,329.07214468219297,1.238207468029275
373,2.2680096571028074,11.126561294657423,333.5762871216447,1.4890114533161576
374,4.088755186783139,18.186782454632848,320.9198534999225,3.1621446823362627
375,1.746561771913732,13.224537142217123,288.4114947739347,1.3741321637477857
376,2.2508565526968973,10.33554671329527,275.13185119756656,1.440165201097504
377,4.6318119966247355,20.054041051831742,331.9153040454024,3.462696677322487
378,1.9934340142017295,13.518101964367586,278.007772291783,1.2087609503853365
379,1.7143232706828098,11.798494191577877,333.52794237909535,1.1964446720147368
380,2.0945978485323873,11.418236367939514,317.0530656841284,1.484384324325847
381,1.9183561270416016,13.016654634545647,303.6274522312382,1.4983699489314906
382,1.9156453646750888,10.917355935444272,312.9568583180356,1.115594524222416
383,3.661058292924039,17.59002494177203,313.37523683808377,4.524808053101314
384,2.323744136562731,10.8561714895757,301.35661300543256,1.5266930528084715
385,2.087458079214378,9.942888932973291,330.6623702285477,0.8962438746528462
386,2.3624953086613707,11.832817308725724,330.04521549079163,0.9602814235725711
387,2.467714150917344,10.610265430406319,307.80186743277693,1.2975948932192571
388,2.1606432691033244,11.987162435337915,294.2001010393945,1.2359716990907528
389,1.8227330097901968,13.226532586818777,328.5071727992772,1.0068637182353855
390,2.364114181276925,14.039680947347586,268.5939131575012,1.3239203498796153
391,2.162982645797424,12.10288221233753,312.99006692620384,1.269232023425973
392,2.9111787218826737,13.121137415173159,318.3123519477606,1.6020704191161896
393,2.10853601097314,12.438858915117297,290.0896669739958,1.6137608752403483
394,2.2441908136549293,11.578575024737436,322.52813877387763,1.3217297340855347
395,2.101648361953611,9.882746010676016,304.5250544963007,1.4318972409970683
396,1.9653154928461587,13.78914155979033,295.17739780491587,0.9094792112880383
397,1.9094229576443518,10.845987591790765,322.3380201139461,0.9119541578710288
398,2.1029853456304983,13.521048002559546,285.45768028344054,1.2983761109785652
399,2.1824115131348494,12.590488392188476,320.6454800581498,1.5909359139585417
400,2.4040357648755486,10.926385936227906,269.3177681512534,1.0959597837846653
401,2.1080976954063173,12.343198198000849,310.14268004116155,1.2356863963515505
402,1.8379887886011699,14.346202167413862,305.7891912118429,0.9687293306320863
403,4.7872815888965174,20.843489901175623,295.2854761964163,3.005856937944184
404,1.5369720699838867,11.436015638252107,312.0132476220022,1.367259182146646
405,2.581424845250308,11.21682116599685,303.5677376713798,1.3043106677320546
406,1.8105892352677029,12.110228841047679,323.98452129149985,0.960421082043949
407,2.3386041610482673,11.81793489813318,315.08271779846183,1.0032081286046033
408,2.0967928001048866,13.319711124207004,313.14849619173833,0.8284196877984389
409,2.1063061407937926,12.813548050063986,310.2535016640837,1.3020973579852
410,1.9588932436546822,10.138534238318735,296.50100378215325,1.3205300643365676
411,1.7242703889806643,12.504542780966302,299.56753610043745,1.3641267783452016
412,1.6610126098278086,11.802999943045895,309.46788512397603,1.0871123108444036
413,2.604962886081728,12.040818949630873,301.87952923207155,1.6207783142366365
414,2.039886377593036,12.273837315686725,325.0061509477939,1.342310287372668
415,2.393843711165678,13.318601905804261,306.6821034117876,1.2945266026238518
416,2.4847174281758377,13.075572259900623,311.7673989408524,1.3096048424545892
417,1.856203574465275,11.175282985243975,279.7516891898799,1.082583353390744
418,2.1482270180747456,11.935526835541364,321.9781448970868,1.2516151161181435
419,2.0157537714219718,11.506626467857068,294.5388753138618,1.523598469852009
420,1.594975168944089,10.149969434202742,286.23223551865914,1.5259983913864243
421,1.9350820084335103,11.8796924416388,334.6313481640263,1.1512865226516005
422,2.2056273065837297,14.029229870315007,317.55718740378666,1.3330938458825994
423,1.8253397607461999,10.116752266875277,322.58772294005195,0.9980177096013652
424,1.8863048816198487,11.973532026973926,313.1809312923317,1.3537693834471263
425,1.9393216006150242,11.938248040049357,303.3232856737332,1.0360376923580812
426,2.739035265958536,12.316509018940751,299.96712785498727,1.665754986853777
427,3.4852899463598233,17.88625892917841,319.02398333822003,4.45464767475454
428,2.1755751546595405,10.43237835012005,325.3853427602893,1.104493494494807
429,1.9113313229617424,10.483542577525911,303.77269253733476,1.7892779424202352
430,1.7757707820241482,13.464027134164628,342.3057715646144,1.3282943428730327
431,1.9027435024953072,10.919045428201958,301.44826610520545,1.0557501691317381
432,2.233581685341698,11.45048158918151,279.9078479919805,1.0736450088893579
433,2.2535832579071964,14.315095858474272,274.01259066210844,1.711573802784175
434,2.0651059928521636,11.192318777545898,274.6200433781721,1.3011410111237793
435,2.3824594607598195,12.376639557746019,297.5513877336951,1.1745345722416474
436,5.002311760337439,20.951801816964206,300.8236756199699,3.0615735630275847
437,2.285731579682715,13.117292205677167,317.28679347823805,1.3351406769185783
438,1.8088326420984733,10.535266007251952,304.4850553654321,1.2201828401936239
439,2.1730545422245067,11.215312307528352,320.1806786234153,1.287148554005554
440,2.174720230698499,12.332600373877185,305.8080709872109,1.5730384747400572
441,1.7145289982237069,14.121919203121621,305.2433856702836,1.023302082800561
442,1.4506963870810097,11.162338275494685,294.60473226784796,1.5099667410522957
443,1.2920285325189056,11.457025717477816,330.60659228716065,1.4861546383239743
444,2.024449421539253,12.461531863541104,277.4332826615961,1.1005495953164193
445,2.1043139002034215,12.681624050083215,310.42358523284986,1.420963667423378
446,1.5863764478216549,12.74827940473301,301.7302916885138,1.0103655388130373
447,2.366111316392977,11.069008548681719,319.071582755081,0.8071358259649457
448,2.0532763522537443,11.414747049372155,304.62507077919474,1.246609624778109
449,2.4723084152203736,12.237051319782166,305.1555867010862,1.3062091954782091
450,2.129687554494257,13.38854244389111,300.2004867984252,0.9395218669784289
451,1.6267832498422972,11.73766750966973,330.078615274376,0.9414639463219594
452,2.160398424651552,11.975467909907799,305.04330593108523,1.6015632683121805
453,2.2345387432052353,10.87147871914665,340.4537218090425,1.3256080228305107
454,1.808331744939548,14.049549515081466,309.90044746929567,1.225971176613107
455,1.4952674509415438,12.169689241855881,305.3916771343519,1.7919019494393162
456,2.0351036225073122,13.185530257512417,302.3841147226201,1.405151857200995
457,1.6497043776393352,12.03288692887436,315.15644419433323,1.6274795679350684
458,2.392310682071396,12.093793771767753,294.4089192876703,1.05635381713709
459,1.8574881618506927,10.349660220062733,307.6233631827027,0.9687072563826796
460,2.6036103872726546,9.634161943338176,305.14646625394073,1.5420223467972696
461,1.2565444663684076,13.377095733019555,310.85445858677343,1.614535521911619
462,2.0471784614508017,12.085864035688662,311.3005458727116,1.451267891466894
463,2.500287424035462,12.22707093528528,312.23590784331043,1.0240147289262909
464,1.6883934894394461,10.626040872579548,306.70828543111924,1.3989786536485636
465,1.9442796725305376,11.006629404427015,333.2409828622887,1.3997165796200415
466,1.8589374999725847,13.168532201248484,312.6062386912847,1.3991735907106682
467,1.760681325246701,13.91415814792558,351.90775319046793,1.1530251806099008
468,2.0856179243899984,11.316598584850192,305.8973253541857,1.3081212917053262
469,1.5466024396503137,12.738631617199362,322.26043926419317,1.168210190245558
470,1.961160926534421,12.209027425949765,291.93111424925576,1.1423158678071725
471,2.1805979831896005,11.867418165914502,330.21420659560346,1.010982111059704
472,1.924717201014675,14.037154922196152,292.32288913805957,1.0516673540260884
473,1.6499285300049786,11.501478189374973,313.2058043232097,1.225337554786861
474,2.360564889510526,13.364783900719235,300.24031037184574,1.1798168742010682
475,2.2555899365658973,12.419565648746254,313.1361403481039,1.0874374407931278
476,1.6355844900436907,11.981421745398698,300.7736677363132,1.019759787902386
477,1.5470623522421105,13.509218890336387,290.7934479094181,1.715310665345672
478,1.6668264544021616,12.31914794826533,300.1113387836399,1.1664901782468893
479,2.1908456079205254,11.89392971709649,332.74844223454966,1.2878463423437787
480,2.096450514636891,13.517386390280237,313.41097283309267,0.8537872298153621
481,2.276528949356,13.374188479149081,281.80069946217566,1.5174107824810432
482,1.8858474236822849,13.322159653269264,324.7168886223211,1.2412506165053523
483,1.6763430168749625,7.723415224218369,288.95274475410895,1.1740773970503349
484,2.321596270945075,12.484194288312251,318.3804671850467,1.175026282758677
485,1.8062930202920926,12.233328912376967,314.9569726567263,1.3963954079457468
486,2.0652918195488925,11.961650420505965,316.0935883925244,0.6119387272710451
487,3.8652917379758622,19.287152422306775,338.35740499102724,4.318077014345843
488,1.8005663514870203,12.28661255975498,290.0844633517637,1.2000475005752806
489,2.3532887123295296,12.7455881590599,315.9943059659629,1.2487655323094211
490,1.7493039016655498,11.705242011469508,327.67259502378295,1.7387715129677528
491,2.2850763375080247,13.647998693194141,293.41984937075233,1.181242416834567
492,1.1841431063341323,12.856838610950108,291.5764355507301,1.7974188809776022
493,1.8042129191248848,12.596779249566325,299.83062430209617,1.5853309859297495
494,1.9400258739426537,12.54307575707755,310.84519464479723,1.3362809546354915
495,2.6098891061698417,13.27300943824292,279.6114270687029,1.2884156188385214
496,1.590827991994942,13.123856565629039,314.92523583544966,1.0435555220835455
497,2.234847653406481,11.875950741099084,279.64903864857695,1.3821761087291593
498,4.719523139227874,20.432268068324966,328.27995486453403,3.882303527552761
499,1.7474786234645039,12.191457464046248,314.2478029056222,1.347452846470253
500,1.8692666179295585,14.10861947065036,339.43651769844087,1.4569443610997757
501,2.049570070834166,13.207500592151662,317.03810769096737,1.71986372470112
502,1.4814802614826146,11.311829749582138,299.5143118798221,1.5287924884174064
503,1.840713875848525,14.563781758395292,290.62381156608205,0.9950966684495359
504,2.4466392143312454,9.687756180411188,309.30003904540155,1.3299041057679502
505,2.182929183802547,12.701090214735947,304.45548940739826,1.4941208904762298
506,1.945137048680865,11.234127937610186,326.350502627791,1.152050007866865
507,2.039575326642769,14.070398323040322,288.2848613056127,1.5020808428499208
508,2.20331687793542,12.278086671824816,341.3762360082976,1.2114152721143656
509,2.2703435517685397,11.126824988404167,327.9459849508699,1.3107208657790645
510,4.277401017094295,17.52427615856941,301.3365746553714,3.2860048563856914
511,2.5371523301478844,11.214675395467848,337.3607761574772,1.405026843534196
512,2.460721870421631,11.663645323572913,290.90369428896906,1.3698482706847919
513,2.2370401706236245,11.638487622521545,308.7006162184741,0.9120044402102225
514,1.704964046953938,11.17372854442884,282.02352107174625,1.1639090696376637
515,1.6429216326302925,12.297070192740886,338.23824661342536,1.0298613588953613
516,1.8856886711911924,12.430346579747406,275.3470373645424,1.1264185264587494
517,2.021267784175544,10.904062969596437,279.07204946728115,1.0412386372532025
518,1.3810278470543318,10.175904360651602,293.57516407289836,1.6322401509204325
519,2.1731425967408398,12.34205209736453,328.8018261441709,1.4226670027007988
520,2.4506117923469652,12.585112606231487,322.1872079494199,1.4338894233079822
521,2.2017659489408072,12.803238438157358,307.1969113081239,0.9708958526482236
522,1.7633815190185178,12.60629181975354,323.3406718010113,1.213966027882482
523,1.7219588109098283,13.729988453310689,302.9225529551993,0.9769456793423807
524,2.1049483204609274,13.09677467562439,312.6037180268239,1.1771498127903224
525,1.946343699631637,14.947811016057134,334.7310693618101,1.3312116325873862
526,2.155064410989568,15.41071191651624,300.56086028232414,1.412847847516346
527,2.210602480411972,10.066087153590814,291.2052928261093,1.3211809988252137
528,2.3821616851131315,9.58314750564057,313.46669085788585,1.5393228449439131
529,1.6037567998746673,11.991869572368614,318.3249375348479,1.3461564815748304
530,2.077566631747259,12.554655672868353,306.988059268615,1.1568978950143094
531,1.8727837486135368,11.916526490093705,323.0608636467086,1.3844424867099767
532,1.9654777346226235,12.773938490663536,301.3773355477968,1.3820102921194064
533,2.3025430984340605,11.702733717061788,307.29582817250287,1.150085056181306
534,2.3405940555679354,11.236654160244465,311.74234788614496,1.345399038126942
535,2.489455277634279,11.40282005416385,310.172498684674,1.284877206415104
536,2.1489565876288936,11.779814794029376,334.0388893271993,0.8115938785587455
537,1.961494123235472,12.927863578466164,311.652012500006,1.2889109199499067
538,1.9114925356923658,11.464585233667586,299.5297615714157,0.945795706384797
539,1.3928357491618661,11.682134426791624,314.5036706268382,1.4868338983642515
540,2.4689072657145115,12.627238528448789,323.15931512486225,1.0248631538716741
541,4.840690669341891,17.112018977344636,318.9362379473383,3.6831228683343324
542,2.1770639710010187,13.228381605709929,317.9385362809336,1.1320912295488532
543,2.2376487840098513,10.988543144541433,278.03509741674736,1.4742311207870857
544,1.5641395718324513,10.749999867887965,260.1347728968741,1.2072815757082538
545,1.6768287626391278,12.335091937420177,327.9547616951712,1.047669598472673
546,2.541456967469423,12.444717308491276,312.89943403171037,1.4487744049714288
547,2.1016524304892403,11.048544556508245,304.6116065009251,1.162805212227851
548,1.7967950174955194,13.477954941460169,317.4976345000428,1.3828874710786556
549,1.9557785461053596,14.11743049074725,339.6915788419864,0.9987973323578265
550,5.528601528118897,18.936601688433708,330.44356098523537,3.703428006557166
551,2.3270100679070063,13.63603074000431,322.3199703104352,1.7580747100529641
552,1.4868713832161249,9.379654610799205,289.0389386090124,1.310124794610651
553,2.571999345285162,13.183723493389827,291.3777655465422,1.433656032544118
554,2.3381518108495376,11.05646095175874,262.04471573538126,0.9363999367009685
555,1.9466336627304448,13.073679950169353,316.40324252992855,1.0311129219737099
556,1.5828971449196478,10.942596415447667,324.955289554301,1.3963290154382626
557,2.368903024021324,11.924663711910526,326.4232048314472,1.2156741161788025
558,2.166749625103117,11.108872843803976,317.15774848298196,1.3395698546033739
559,1.4897705676727822,11.764731232439711,302.22679655190836,1.4411881813270915
560,1.918772673624568,14.01291643182349,294.8430056856174,0.9403528399545084
561,3.094160529977371,11.881268423747253,290.1434336703662,2.12137361574118
562,2.0057756150950476,14.32133178631842,302.05835271502644,0.9514830259533557
563,1.74031029198252,11.57560618279788,287.39912742986394,1.087478865508637
564,1.6470261811426758,13.640941174187482,336.60717317015457,1.3206512931860763
565,2.6202346442002966,10.211738132835917,281.5573120448192,1.744219209921077
566,2.2967158213521905,11.68484003908399,301.45304101599396,1.0520488967589248
567,2.4926036898710295,11.410279016142107,270.1480685582443,1.3751319278486425
568,2.0868648494322555,13.691476160876856,310.3379875033652,1.2357313950062012
569,2.4389067323664753,12.203773664639682,304.95709322437165,1.4470554673844576
570,1.7030878636582312,9.703108513387754,298.57777363448827,1.4897001999600377
571,2.05690684332027,10.558857379804081,288.20990121145906,1.1211279804896186
572,2.1004687302404577,10.88607152568266,305.0443130405771,1.4084262277062678
573,2.4838564261563274,13.027455323523386,295.19970397974373,1.60653456844494
574,2.111595064049159,12.885508232021904,302.53637799139995,1.5642639107663963
575,1.781070890392325,11.669560623742768,340.23374003452386,1.3291426329644898
576,2.022425843622131,11.39663922702067,308.09918988606626,1.2317891331478252
577,1.4132553791389157,12.788027064935058,314.5916097435326,1.3116446553426766
578,1.1876609433554064,10.757524598324844,296.6396340377511,1.3041394993402153
579,2.2909694795379005,12.503435875745389,290.88016082585426,1.1952072362818345
580,1.8688396397927796,12.409769796557256,304.58676115792434,1.2327893712991145
581,1.9085039453569064,11.697951447626558,350.07066808734004,1.1831244563225698
582,2.2908313377783154,12.437445761550286,299.82630149190874,1.3702933187833204
583,2.4889536347656094,12.112303788382153,311.5058804605668,1.052610739288995
584,2.187070784189654,12.547161444232195,290.0888267283703,1.184602432920438
585,2.674825490576234,10.532487460671897,255.4051033087685,1.8721875674649349
586,2.1759411969200473,12.675952178581571,290.7830360252302,1.41769293476464
587,2.105774712252998,13.129261462452499,347.8527714923677,1.329950999693867
588,2.0841360878766095,12.35304656262089,315.7170253050458,1.2823838037744062
589,1.5500765532532343,12.66133743609065,334.5366356189621,1.2483722932797603
590,2.3345995119740426,11.879088750849261,298.74099977122444,0.9163600496966178
591,3.549489814389698,19.46054222057325,262.5770401323801,4.530393291430672
592,1.7948114999534777,12.07177184077784,285.043237937676,0.7355757290728712
593,2.0080256226986646,10.737264589299928,312.14644569879505,1.1349274738492654
594,1.7235831868053229,12.902237770371586,309.27704949685614,1.2451119148695544
595,1.8418854269245126,10.20243912774145,304.8123716615919,1.1255620438499032
596,2.64378144817953,12.31105771871722,295.4555177761463,1.882949343839126
597,2.3864083600235877,11.577354864948322,321.9148823624584,1.6544554094376833
598,1.7599603117176414,11.507061675324817,295.9757598679827,1.4411337779057678
599,1.8356517211596683,12.189187624918826,310.5407036629286,1.0311408608401922
600,1.5530486180068546,11.219782990100207,308.51590697058685,1.7041423881124405
601,2.246747825102148,12.563426615540616,298.3669560194802,1.360324521280324
602,1.9125901423563334,12.062476295884203,289.1366710812879,1.0161883579773692
603,1.3117367351869083,11.320976653446582,297.3080584389867,1.490767175273954
604,2.0352742571335205,13.47199752705095,338.7251920885594,1.3924615346374196
605,2.153642609260639,12.225260871329448,325.0240615387912,1.0943878626997887
606,2.3370993406112683,12.69388102676693,323.3669971630756,1.2962880901988896
607,1.9743258218981288,13.558247602443863,290.84365327805335,1.2636907734887557
608,1.8695650930247665,13.54019638937381,279.12159308659596,0.9900371186665828
609,2.695192638171335,12.637763999241807,324.73689588365517,1.435957112948992
610,2.002305154634843,11.667075978889216,321.285810688099,0.9949106732340964
611,2.2518466410592772,10.427325833709068,307.47048158028593,1.4117896415090478
612,1.8111611248183095,12.227359770527721,298.3302820234977,1.0397849873524887
613,2.2414683780725415,13.204042747399125,278.6489962237694,1.2933449273916684
614,1.4905298526585657,12.389746301332615,320.61320799881304,1.077704734940542
615,1.8382763589984783,8.210957545255313,326.3504320693864,0.9890053450070113
616,3.824210179016937,18.833814488488336,292.7763362871585,3.742660106364606
617,1.7882593373456863,13.024649070253316,291.27320718668676,1.1689854341567565
618,2.4376645140808746,11.668655586901055,327.3391146501585,1.351006460125481
619,1.7856859387437058,13.087197842778874,293.44643966791733,1.3005093691496261
620,2.2513896439159296,12.690761955832714,337.0230837414149,0.8834710254988478
621,2.531042813719964,11.245942528489767,303.03706835841723,1.3354760051962364
622,1.9903479402388384,13.398431227839453,298.0418892764003,1.0499414754125596
623,2.347818486769698,10.605775384583275,305.81194402184116,1.379422318397309
624,2.1858800853485363,11.93703086185717,298.04062878144765,1.1672035774616552
625,2.0407529257042363,11.827297455950706,325.27182295425825,1.1848302794483756
626,2.2626104562609255,11.09201803259234,320.944582512357,1.092388763341931
627,2.6439783314971486,12.334173254413862,324.58591326951495,1.7937543967808107
628,1.7769558806220067,13.441405789530364,308.3213553324931,0.9731333228668222
629,1.6642796849383739,13.372516059047527,296.7856190304495,1.1876780798892674
630,1.6437299090206299,12.796030636216107,304.8368478663008,1.2976767172904626
631,2.3480497894077943,10.134485242431674,297.3374577517351,1.22241110110104
632,2.3952786680949236,10.530452469035168,331.3987372372933,1.1409599387291636
633,1.8120370733331228,12.182786031734645,323.0409270283748,0.8588613297984253
634,1.2523952576962287,11.962341454808104,303.3525847965702,1.3970459202507013
635,1.76383514102692,11.452112189751853,288.32345077811715,1.0415873360680254
636,4.87552590620702,21.08842827909459,332.7351143876687,4.198807298454716
637,1.9766469013560084,12.116446168488256,307.4603144397974,1.653266406049376
638,2.0631217113643783,12.5966540153099,302.6569857164588,1.1922322746682201
639,1.8168294536035408,13.086683269043291,332.89374895494126,0.9391795613804818
640,2.3549311936484174,12.060454294639706,295.82092135919476,1.4231945124772887
641,2.1201171306141227,14.850168384703606,299.2593157760684,1.0124415767766024
642,2.2052622153273305,10.965590467320727,300.84633892923625,1.1154453355057168
643,4.743068957780629,15.281375673864266,281.30175491044685,2.9000401963551825
644,5.027821295105237,17.28037048570988,310.68323657766706,3.322181854734036
645,2.1605000908633363,13.718924115070035,291.2777945957879,1.1445121172021333
646,1.6751738801524763,12.882294461640512,294.7270088183998,1.0006068150152656
647,2.1305720833812947,11.401432896009547,292.32016137077005,1.069826709043167
648,2.277027860181282,11.049735987549742,294.432736340529,1.450035510762659
649,2.4042995131681955,13.523379550662865,289.89953964771536,1.2913634697339929
650,2.1456375018992997,12.397856486872746,309.4498551971595,1.2377889374734352
651,1.6621623184439624,13.551459765477972,302.19932433525713,0.8220309533772359
652,1.716038934649099,11.933835714140288,305.8641464877461,1.4379370636858997
653,4.232311165264626,18.24653902019006,347.36818537632166,3.1141601149216815
654,2.0663123678477837,12.330250420768403,302.19989874021445,1.4274321089512867
655,1.9572173645423423,11.313477532188525,315.88905720025457,1.231953173177561
656,1.6066937770291803,11.841441425310089,317.9374927880476,1.1804031852074783
657,1.604597987989732,10.69726632127182,303.86858076144307,0.9582477315508249
658,1.2655173787826608,12.543517506099967,309.9283843678107,1.958648024007791
659,3.1857539592574065,18.3054224125328,305.3725674247237,4.596311824673884
660,1.9538763619657762,13.089177320115851,308.6460511228066,1.373891313929108
661,2.8120806312999993,12.733199382488106,294.4426977917335,1.9594505121300885
662,2.6288728333269993,11.858968849846672,296.1041964275632,1.4821060267438089
663,1.6576190057569602,13.707167709584684,305.3046005590954,1.5408148574076619
664,2.0524661540867135,12.9815393365025,269.5057344106821,1.1059365668454249
665,1.487397171482442,13.527400931822815,331.92931021577584,1.505172702449162
666,1.5407616641996578,13.596415374917386,343.89544432398435,1.2005205679562594
667,1.5808845908293672,11.86184037916242,308.0663046786449,1.2046228766256974
668,1.9210754604453584,12.426667402582561,316.9784451905181,1.2231375648572025
669,1.9361391364258083,12.852021701847226,324.45903806090894,0.9489671439459202
670,2.0884456897824006,10.735944033712132,281.15594468759116,1.270578428499587
671,2.232125736396499,10.76032951038332,321.7090030151196,1.1699377725237163
672,1.8820916768116946,10.570757189405414,297.32408370018396,0.8108292970487105
673,2.01267068973192,11.881089902628121,346.2330361367032,1.1085639506751848
674,1.6171656226584268,11.633351234867241,301.6113277400235,1.2189263556540275
675,1.5294260415099865,10.420762308875238,321.3472800170899,1.503431203213025
676,3.416467038726242,20.33490649983237,301.7885672535176,3.1780089778709106
677,2.2272367303948797,11.894819191611749,344.54046961394806,1.5204763923889626
678,1.8817322531691147,13.300464187084692,295.7776960932997,1.312414275089238
679,1.345107908011459,14.214276987045704,325.971598171893,1.3465379772426194
680,1.9779188665607366,12.502095374455656,316.280201884135,1.1886206737770715
681,1.5629125338748708,11.233706426497141,312.2775793099549,1.245017664443903
682,2.58113258664054,12.711396815081775,309.1221332188059,1.5002236211759485
683,1.7974123974446108,12.010233215652521,292.99377468145644,1.2365894715181296
684,2.2385270950366922,11.735862220840351,258.4509864121866,1.1084251782482015
685,2.3811370595847454,11.052238766702207,324.3390579523091,1.2888793691258462
686,1.6657750416050356,11.489357956855793,296.2008960138029,1.3592599267994212
687,2.0266164911441478,11.80442988759879,326.0528025862765,0.99914075490014
688,2.1937137654858514,12.884506031381994,311.330559822482,1.2859167660921653
689,2.0404411603435375,12.562128138448653,326.60462205836217,0.885244673239594
690,2.1263852657584366,14.008133757221346,319.4340653619705,1.43069820986882
691,1.5346297122542962,12.741771881231118,260.6354867513744,1.435377864984306
692,2.1939126769000836,12.466724417018597,316.06812109246397,1.5484178828818935
693,1.8298425320395517,11.663146597980168,298.8138412589393,0.9940528503865413
694,2.122307928149449,10.858790719968619,325.97020137082717,1.4356658833362186
695,2.3219960959430126,11.373117213961542,315.64173491246237,1.449364904195151
696,2.2340829776313957,11.23017747096188,315.85344268338093,1.1964304948084903
697,2.122051903921316,9.183002500275013,300.09962967725147,1.1336093297395096
698,2.2247449036645808,10.890505039168412,288.57308854205974,1.0132769517359137
699,2.2409438688610748,13.762430737502571,297.20803473853056,0.9656704292205469
700,2.523425406484374,12.405460234254893,272.6019392924429,1.2141376297973934
701,1.9880822551880302,11.585823759120395,294.37381277816036,0.9489300911042506
702,2.057384947704836,12.438327804354023,278.64513620829024,1.5211203160519755
703,2.326223383141639,9.851255021697689,279.1206655323594,0.9634426327712377
704,1.8283643365827704,12.310307488108666,307.0966192500718,1.2474543761952224
705,1.532656384562705,13.405241489462231,314.6128809110713,1.4181870583110223
706,4.798276407471803,17.16408753884753,304.42771735684613,4.0066186018995245
707,1.9278917103844193,10.050811521126574,296.02177104790877,1.2921774853385666
708,1.5773654058929714,11.544665411745633,287.94665307969933,1.4964520635715426
709,2.175189675282943,13.407188194481432,299.2905261374352,1.1292304209081117
710,2.500896555260237,12.284492622587436,290.19998525790055,1.3680485445809853
711,1.4295901087988199,10.439858895727077,303.8690466418164,1.3365081637949392
712,2.3578137483257686,14.604392097102258,277.6124280665797,1.5373235253445983
713,1.1120263694890116,10.620810632130354,317.6237164077031,2.0930714857846944
714,1.8598996794364702,11.732782960225464,294.7934398026375,0.9729901078609271
715,2.6441805692849027,10.858875399282576,311.7726242050821,1.042760994985668
716,1.8850865830204966,10.860397783595038,320.96999592136143,1.3217493698449474
717,2.031478438537347,11.502633772691327,310.901675874758,1.4146691121027914
718,2.267003170270744,12.699765175830684,319.38428221276547,1.6341698784104677
719,1.3992342700787717,13.419584589741563,267.8004932686267,1.5641297475920029
720,3.5575149476297243,18.105558465937378,296.12858005333004,3.324675516871789
721,2.022474575186458,10.888842090396583,324.8553800022035,1.5323152104931492
722,2.6518123406370586,12.526503248325788,314.166131689692,1.74787115077023
723,1.567490709150762,12.558759936822106,338.2723387799263,1.4884706740351763
724,1.8664612392424575,12.264413969108796,335.6788486394063,0.9542576477860916
725,1.6750754732117346,12.303313794197406,310.39265842011145,1.2616731976974755
726,1.6379558687080173,11.87617690902195,300.4643848600735,1.3386532956136132
727,2.3945909544726023,12.10796594001147,287.7481031647942,1.2734592861722354
728,2.0093280257002863,11.800183758514072,296.43544582036554,1.1924310156683167
729,1.8055514812507178,13.177268099740834,297.6515556471914,1.5361317486038548
730,4.456765809164999,21.426788333978138,294.32151453712913,3.4752023534385605
731,1.8028705230691113,12.197618466877913,288.4699205406612,1.3831264909783578
732,1.8341688879073073,11.992770527231503,312.2283785753968,1.2797882996185856
733,1.5574441294987575,12.281447502259075,335.5395142065602,1.1460069412614016
734,1.90944466010218,11.276286018918379,321.79862182814463,0.98959986209969
735,1.8742776579217495,12.841476208215303,299.19643895113416,0.8692206496825513
736,1.73477115275883,12.48529404998924,323.2525192568128,1.3393232108350823
737,2.054266189706741,11.53748277115304,311.23971560309985,1.189117928926965
738,2.0839613180413554,12.992273500946727,304.26732168313686,1.03907421576099
739,1.8051734749979023,12.020888745179926,303.14379093834674,0.8475534000194245
740,1.9495530472318108,10.932937697678186,301.4010775162113,1.2880691173959355
741,2.7555183044153,12.386764889965256,316.7191902092709,1.5077392862638785
742,2.7421516405107482,12.260691753739259,307.5140614809756,1.387734740137541
743,1.6310684334545926,13.056459960721687,291.8883896436142,1.0888583155460234
744,1.6799433516940045,12.914701645082333,291.0166620361937,1.2137467221902674
745,1.6292088530528013,11.879851036308361,310.50627166307004,1.3764909419405031
746,2.3699688789902837,11.480704369945116,312.71572188229896,1.2161295859685264
747,1.8605147451485071,12.001918125063579,299.36361240229786,0.9739684163332963
748,2.083885985258705,12.399639767635522,284.6238987905676,1.1925971241065965
749,2.6989385666483092,12.532129815541554,327.51737210753237,1.702218565419559
750,3.968095585094722,18.418590992605417,323.6948829714878,3.698263639666874
751,2.2471870526150624,11.900161862181054,269.22722298247703,1.2503455718471705
752,2.1821472622551377,13.096498722025546,329.11249261964355,1.1547727837325903
753,1.7941239269064178,11.258267916497395,301.23843564800575,1.0474982123705394
754,2.3707066061096507,14.727343797370304,308.41976744048856,1.0978745494172581
755,1.702604716814935,12.839377418169136,325.48801508094726,0.920695559326052
756,4.575201436771834,16.781373901985177,334.74569815932296,3.133886837590766
757,1.7943921621768082,12.203752264030058,323.0515751308195,1.3178555849941667
758,1.832711297812367,12.849951869835344,309.3385489811101,1.2332886737783528
759,3.853048950609301,18.644752550666716,280.23846764654604,2.8304859534834765
760,1.6765092062141735,10.355341547665622,268.5278271682747,1.3306936554434887
761,1.8506324871850126,10.857029664241216,320.8068609024411,1.0664771342797368
762,1.149028004731286,12.596302238780106,329.1565462234006,1.569439536180309
763,1.9183336805885411,10.06992188017479,290.3363925049151,1.1091598971592054
764,1.8222090169654692,10.405720970969375,300.14396063470286,1.7212505835640317
765,2.276503884514141,12.590518221627319,294.96921400906183,1.4499130471820627
766,2.148043258424889,11.755195861468488,294.48979867719794,1.2467265407841135
767,1.752326899115246,11.234641571434723,324.34930131005535,1.5100020339670586
768,1.8395072342009327,11.455794637945214,308.9307163895656,1.463392405625984
769,1.9178836865176858,10.382104805871249,300.87479039487795,0.9279409918509546
770,2.5200847940665474,12.53289877350044,352.8353603691867,1.317722259596554
771,1.7121933618402454,11.11280208948081,279.1804238178639,1.2464347172195747
772,1.748083767267271,11.410672596957742,314.86239946692416,1.3603826627849636
773,1.6049955469339972,12.381463650245896,286.1183908669005,1.2488185617066967
774,1.4812861821973353,11.717709711000362,302.16613630410365,1.3417321918500742
775,2.1074512682689233,11.22488135940223,307.6754909203281,1.114657699573292
776,2.0710161658756236,9.811617732803679,320.20272295343165,1.412813010006426
777,2.448966648492373,12.404168430454597,300.2987258871016,1.0322745423294735
778,2.3644931527044255,12.086892264369242,298.39493423965683,1.1942422007075792
779,2.838990850086133,11.430873796548289,299.97646823935685,1.2536081890377306
780,1.9741445313606165,10.85886098398647,285.56085164657884,0.9944732145254862
781,1.9088146526713274,12.014038726518876,316.3815764376504,1.268424353814851
782,1.5449207792033244,12.528518936578346,310.06401867407436,1.391489116312675
783,2.2438023586167137,12.107534769456734,312.8330360836709,1.1730254156321125
784,2.0414869845062187,13.801872072541368,303.7482259544046,1.4258297311576071
785,2.2279432067537392,12.775251952865531,301.5281967219783,1.5019834407629646
786,4.112269350643567,18.21774017078818,326.1608060881553,3.875515188831697
787,2.1230614661593448,12.81210663170622,323.3921564628263,1.2591730459508146
788,2.07181986628388,12.053528506230187,330.466410551319,1.1125859674711407
789,2.0486622639627905,12.04971202997492,311.7066983269257,1.3267983538506956
790,1.7608569321333167,13.426000177042125,329.34795370379754,0.995501548140284
791,2.4162636269936892,11.01213633404543,297.51051248503256,1.6631322061706195
792,2.717607652642304,12.025640612860455,301.38466784945604,1.7369734984241236
793,1.6113795907958346,13.308681002914565,326.5118135662753,1.0508302226817872
794,2.252155392857535,12.33988961399238,320.1815876886843,1.0803457101881462
795,0.992752447030864,11.594041716094344,299.7718926755319,1.8929783325863525
796,2.2340134823188604,10.123224258088413,286.1673517516452,1.1652071652074756
797,1.3454458842103858,9.502618363586919,301.3286442741355,1.565984564042604
798,1.8162614282352596,14.283799308736823,292.6723680570134,1.1483766482492666
799,1.5404413683860123,12.339363003375892,336.04106268479615,1.631678833158564
800,1.9245359767677115,11.357519547005111,318.6807315833555,1.2050782898217027
801,2.29357779442874,12.384402578042826,291.2133936070382,1.7358237790307354
802,1.349940357695542,10.957558447866315,286.1901627080298,1.574081582554366
803,1.8741821086695265,11.635678594864107,290.990361071878,0.9396172174176813
804,1.8203209309143802,10.964965567707738,294.941145707606,1.6366700574151345
805,2.553367039355156,10.445399056979046,301.9993929116505,1.6034648391209179
806,2.1511163527475996,9.684516559578285,325.06183683585596,1.2897312162568382
807,1.587974010354302,10.242576868548282,287.6026959556459,1.4311859409257957
808,1.8350469673393601,13.123416540331206,346.2116704072379,0.9785163488669277
809,2.544636483434936,10.914429842668966,288.0205957370842,1.0171021173857713
810,2.2500278608709086,12.588381322983167,279.6371408402972,1.2291584172267382
811,1.6786182881581024,13.052312128829735,335.3894868558225,1.5377257906536905
812,1.9065253115659189,12.018237653728203,328.7826007970652,1.2843842790804303
813,1.9177117980571483,11.671576066446821,301.71772164038686,1.5458971083892215
814,1.8117063254954682,12.14632521258043,311.8639816722415,1.485516861353489
815,1.4014257452874088,11.541717596823474,312.31824414383624,1.419096424399931
816,1.7628323996135111,13.324300188262294,307.4608237173841,1.4705004666692962
817,4.835029453533828,20.18980140276531,281.66336830753147,3.1269554017287073
818,1.8665994295285886,13.59479301340805,260.3245907120075,1.1946410331046835
819,1.9638612293386783,9.633280441749076,289.7949287181785,1.1580284943379824
820,2.049183976398751,11.519270565253874,337.6907794046771,1.229541535587284
821,2.776349488149244,12.004575052659272,338.3974430490798,1.0792495511046927
822,4.43110703048543,18.68180395601732,300.28693463913845,3.255632001342009
823,2.382880873754229,10.099954008527748,287.7566439945739,1.4320462547090438
824,1.7906369397820812,10.082211973594138,310.00618195512885,1.2552019528733873
825,1.909210258824128,13.437468724587932,312.90166151840646,1.2738805503339439
826,2.0043934530886,11.384968749529243,315.81295134729305,1.1913163063381242
827,1.7290534703527154,10.363853027701445,259.5134837089232,0.8446428351658828
828,1.9286987767889647,10.785995111504743,361.8396113088529,1.535569270839507
829,2.3108178275346445,12.429522107643436,325.3845440247854,1.1843988636676699
830,1.7198724036178408,11.095197544890153,301.438453332686,1.1235288566468729
831,2.0000311608372736,12.265788206402455,292.06740265710465,1.471596556272964
832,2.2480567430795766,10.923399900978845,322.7715024934329,1.432659382364591
833,1.7114368829155395,10.081379859877577,313.91710307062175,1.3045743747200553
834,2.3833948274152346,13.566818179543457,306.6586547846212,1.4420689008331733
835,2.025509217898963,12.438008902417874,313.2500234055346,0.9693927649805936
836,3.7145154338395616,18.61029702024617,302.97104712395696,3.3635473306870463
837,1.2971482679699249,11.42650210615023,312.23352078291146,1.7553571562220558
838,1.8692356452952843,13.611390405982759,318.07453131716306,1.0748312260507706
839,2.1300573456508562,12.650683050081598,311.17970373347646,1.0104822868958974
840,2.6108707565808635,13.261494334799336,310.23659416979456,1.4396186393147439
841,4.911934727350507,17.988298832318456,330.0714823978013,3.951829219528726
842,4.230291039108783,15.954893699700285,276.2520718504678,4.042253738668026
843,1.5768133992323214,12.442418807596185,290.63811898594827,1.0318216519936525
844,1.9556121265214659,11.394923979754775,305.4780923476584,0.6913068159070418
845,2.4272612548151025,11.894914680095996,291.86238350727365,1.4937776934074793
846,1.689293257360027,11.358028626128425,297.87141431160904,1.0413268133122155
847,2.337827920140586,12.438965117252438,328.1793520920208,1.1464785499396706
848,2.2566612526101166,10.54646641976436,302.31852246876093,0.8028779027640452
849,2.096153276957437,12.629167021171764,272.0742015011485,1.4101298080069036
850,1.8849540812024088,12.341784521917202,297.379848871983,1.2780089828736951
851,1.6547966958996478,11.776360618641945,306.0460371344097,1.3335381015072696
852,2.6213827529361597,12.494468860217292,305.7144115842139,1.4923609322258196
853,2.2211518812034106,11.598565489893724,315.00867394423545,0.8173124619295873
854,2.119215643636407,11.262856184539984,313.53899434559855,1.0114942241310045
855,1.8555025881292122,12.598098770267546,302.50113022653227,1.1221822791331744
856,2.013255070356492,12.64571540566981,283.5252843515822,1.0503568639068264
857,2.0576510444895115,11.442002737310062,297.0594934705239,1.1476918758291978
858,2.1399564896567504,11.347642478532636,293.79002198080764,1.260992631933983
859,2.2570191009651768,11.798729167863497,299.86813155164737,1.440922954207607
860,1.726134965950718,11.392793781904581,317.44103363464194,0.9489604287167486
861,1.4866910620795486,13.677631020870496,312.2738494921475,1.3563245620897177
862,2.0294982979457243,12.348123285613628,319.83210284735037,1.3428308255337722
863,1.3884739319363333,12.016060256901936,298.0865023351497,1.239561845158481
864,1.8867186517522267,10.974002528942068,332.1504938291252,1.1691330435629241
865,1.821783559460883,12.812888391740305,317.111093226741,1.3123670829045295
866,2.1721118672705844,11.327234610061144,307.02022427315524,1.2200152688091235
867,2.693908962420208,11.281977957810856,315.86023851880344,1.6237453409894662
868,1.3193932816337537,12.849876129384244,292.83631253664146,1.4968749324610817
869,2.79596476061144,12.426054993091087,267.0424241127124,1.5177634321482874
870,1.9184236943083408,9.246207629950886,294.079465356744,0.9694508652174044
871,2.121733038760403,11.82645215985926,318.45422523035904,1.2583250709182379
872,1.5048087448316991,12.138071582602382,306.44388871440134,1.3671231830155683
873,2.348905049579212,11.626444228640723,302.53697949179826,1.0744744346120034
874,2.0145153877231037,12.176400032258785,289.7388787260009,1.3165375828575039
875,1.9784864060840996,10.009343196800089,269.79513513350236,1.4538624021019109
876,1.3219152097839664,8.885877340725202,330.64722117466624,1.3438607760405912
877,2.0258288848465997,10.926984937792701,301.2578946473911,1.0548738499198596
878,2.296039913335801,12.310471833943865,297.26831632585055,1.0997540667884573
879,1.917302477580884,8.45254814862702,292.9103671923463,0.8683710176911041
880,2.4109697709754525,11.072099326036541,327.58140459727935,1.7022340289683884
881,2.3965133101619767,9.884962933880674,320.86431462282894,1.204556606978211
882,1.7756166160407032,11.733113410215518,287.58968964420285,1.0585179063153676
883,2.5582898505790874,14.153689183751435,325.96177337078365,1.1616575249579033
884,2.0158532375137788,11.761106405869489,302.3887324594172,1.1225573018050046
885,2.0174108377757407,11.881746870136045,294.0102406162299,1.0611400090305685
886,2.034643427910956,12.923154034867055,299.7149770376441,1.4883347376105638
887,2.024260512829394,12.023437213591631,290.90064949073184,0.950605580276886
888,1.0794533251695222,11.763509052791727,281.2242121505218,1.400736862067202
889,1.9350727606335978,13.019310516559504,318.9703573791546,1.3128861443045277
890,1.522618734918141,12.519075865562986,301.0273125374336,1.3152944240888318
891,2.5692174957754865,12.317488337723098,316.10977160561487,1.3498161672423266
892,4.45777423948738,18.967591768359743,310.16983996033184,3.965764165370593
893,4.15042491697734,16.152438825805397,314.8737400043583,3.8293406712282154
894,1.916536396931389,13.00888797375483,268.17223750267243,1.1948161864502596
895,1.6471947721887055,11.62989111813291,289.3983155115737,0.9935536968778594
896,1.7698466495535383,13.354378167291614,315.24856559723327,0.8981633088986732
897,2.6799246672491117,10.84813899708179,282.05304750555257,1.3372928556221795
898,1.7577309147180138,13.577162349956357,311.7151715086202,1.0183435976302362
899,1.1755416259648777,12.51924409139726,279.9673175596657,1.66168012601462
900,2.3605579279698876,10.934611584642793,305.2959917029045,0.9182582295112105
901,2.5251760897662625,12.559876498007537,333.979827090849,1.2760539365702621
902,2.5807254905082826,11.284666811850991,318.94280207596927,1.367730285529296
903,2.3634218014872648,12.036770859782223,271.6866629460668,1.2713141875714253
904,2.4205318870321735,11.464710149140224,320.2706852776913,1.3859010933484124
905,2.0185269259187395,11.853796619453615,337.8002880811325,1.1348979094922076
906,1.273296531777918,13.035573873190854,355.3462881829113,1.3833603576435138
907,2.0097583645250046,12.570362817361355,313.5513632744364,1.44895316549688
908,2.217550470346796,10.762098069054014,280.4404413700636,1.1643903865797003
909,1.9526554802018123,10.825093914175717,312.82420360443973,1.4851709756438125
910,1.9367073584411347,12.297853171291866,333.7286047701464,1.1373781251964297
911,1.6625586863435873,12.377505839585355,301.6324127644945,1.2650660514433396
912,1.6493914398547909,11.258110522674192,323.77596061188603,1.2460063479679122
913,2.6433519801681244,13.750447031280242,289.8871460202016,1.4945847839582131
914,2.65602122945805,12.894844430996555,311.7023585562833,1.3742486731206003
915,1.9990735040638639,11.311865998076726,260.1875687269377,1.2192275097859817
916,2.0985332617825243,11.205519152602408,287.89396312693907,1.5119880875256275
917,3.974971617911976,19.026897240685578,304.8898283489266,4.382038035584531
918,2.224901197478809,11.634960147818424,298.45957884962417,1.4414959979003479
919,2.61587721006497,13.381773243104956,281.58888510303655,1.1591967283609468
920,1.4647692270193575,13.082975270294375,296.0061884344708,1.1358591998670509
921,2.162359154895838,12.038576464851529,310.9337908724239,1.2593664816584922
922,2.188657784925764,12.745696116978136,303.44790343201606,1.3755026409790445
923,2.1846622802112403,12.905272748979003,306.09687625767566,1.1166329841513984
924,2.5749861837469643,12.064086801093188,318.1754384555433,1.258848494148698
925,2.712606374259903,12.442880547305998,298.8230713868016,1.7834533073160999
926,1.9182807127445682,12.65360630950151,329.46520189493447,1.3411821584964494
927,2.235610785254725,12.536366296013773,287.19312081017455,1.4449048014229102
928,2.0294817970041206,11.14331578867663,339.70404595507136,1.1122314941261102
929,1.7787596474711065,11.254519266919331,325.0346953488967,1.1253642586890966
930,2.0947849549083553,11.682545872145345,298.59203995078,1.3951686335388187
931,2.235024834975087,11.222669293048423,299.79226332384053,1.1805968317818603
932,2.075925039895945,10.379589370100781,308.72124064901124,1.0812873611315128
933,1.691586576679859,12.743547157043945,315.7760767376956,1.074432016533386
934,1.837753776050513,12.381048939555901,324.7018689542022,1.113535274383604
935,1.84043240293887,10.5266967660782,280.8693575357285,1.3902938011108532
936,1.7051446157742536,11.734991617099709,312.87396719710244,0.950230847218557
937,2.109738853561984,11.79728560102211,266.90274345567116,1.3330360632574443
938,2.146339233702577,12.200138871360933,301.8085912549613,1.0712053510431647
939,2.3428311603105185,10.809885306487574,331.17042506817427,1.228459843730525
940,4.410997242974329,18.288317361174947,279.48303742006703,3.1722507205864643
941,1.7978824598199223,12.571696945637301,276.2137198514301,1.1803619257016047
942,2.5440993081759333,10.312641786504514,308.97431179186356,1.3202009083114237
943,1.942426447574478,11.74407015763987,329.97372495510683,1.1131176415950972
944,2.010545860238072,11.64131509566595,310.8571181195358,1.085781694312616
945,1.9387136975115227,11.864387249950536,270.7168778561321,1.4662083159167199
946,2.396560786552575,12.277989383295637,274.70368856516706,1.2993661376727037
947,2.4101330382502604,13.758427679592547,306.75943579272956,1.2757358067936442
948,2.389622835206097,10.24055857935001,283.7736364526762,1.1621530277580052
949,2.009298663975142,12.964239741006024,307.4603532903018,1.118463114864897
950,4.264922780862949,18.267071537303234,308.5279120388049,3.605023803691121
951,2.673824577215739,13.53308226369905,296.1843648081612,1.6254925708988819
952,2.299708141934431,9.752843725409127,337.66557729107865,1.103175164910888
953,1.8401693565126636,14.68003410183827,315.62840968881727,0.7660783264289027
954,2.4983365964305437,11.57125538757513,326.80863581829516,1.3606652254981644
955,1.8125368796593169,13.419421366850338,321.5704716488892,1.1652072873786774
956,2.4937461911160295,13.19257162575195,302.29867588490237,1.2291135373834916
957,2.517399606284572,11.519861999565151,301.49994947589175,1.5429326355395974
958,1.6774810299116305,11.604275859993638,299.64283933708214,0.7157071710304942
959,2.2036154060573363,11.079125140554495,317.2598405450044,1.5401243531443145
960,2.2737667463864653,12.866107183088719,293.29342680730645,1.4559044909457168
961,2.915218219855216,11.534185085359685,336.0505929566222,1.5769639813340068
962,4.494624380381337,18.82613486965102,291.5743525338969,3.0172220223997
963,2.5013901469478403,12.591003613151768,308.8605513013465,1.4517126379663639
964,2.006071106311744,11.013105914453677,300.8765453831729,1.3062653129673085
965,1.5655225357468008,11.638119479072797,296.88572034104254,1.1864860286520218
966,1.9580044905579994,12.117816451359413,344.102243344345,0.8777028229151239
967,2.0008626663848976,11.293327561812605,297.09702185457564,1.6227389907563758
968,1.6293884324096488,11.45929645098807,299.5150187421363,1.4736365704061767
969,2.109260766598035,13.688481521253404,293.04559522779397,1.2385333547294242
970,2.3352332394245034,11.775341279686339,305.7387310824006,1.3025838447370366
971,2.083370228921704,11.604410344238026,303.1764853878315,1.3284337627415785
972,1.8103545687170433,11.807362348124405,284.85344364732254,1.369791890972901
973,1.9480347760575618,12.499900487348974,297.3613424417422,0.784346895202039
974,1.9984098251222921,10.86274994905875,315.9743577701113,1.1298271213206195
975,2.076062569618367,12.469936940504224,323.4857632895952,1.112505317457304
976,2.388440766784011,12.281402209065165,305.43201103337867,1.2582448058794538
977,2.0951789136851313,10.03247907751847,306.06190623175775,1.3595942039945315
978,1.5090561799796014,13.973681163749639,298.502088708225,0.9865994611582706
979,1.803187624803958,13.606894916839527,295.9560493647581,0.9534125895055091
980,2.0581073678138226,11.119380773980678,288.44768546211856,1.065676872409425
981,2.39344356973394,10.765330808532989,276.98030982369886,1.3237477308323036
982,2.454246254537793,12.250856646727767,292.35595986608234,1.4902289185250428
983,4.764632474770212,16.83742011014671,321.27295161212925,4.611503573903493
984,2.0457150391527565,13.50071124907248,297.3604950314508,1.143983078905973
985,2.2671582114258726,11.484700890672368,298.77166369350726,1.4089202878843596
986,1.4909384629589608,13.783987621139698,298.42126640513635,1.4975186847499011
987,2.150458550606519,11.093156292575106,327.4047379849892,1.3219164954843947
988,1.6236575644886984,11.876577705876608,288.28911373043593,1.2801239892923069
989,1.9781112814858375,13.393933867235102,309.9869600910199,1.1203810819108144
990,3.06044343610525,11.644436572397288,303.76760959573704,1.661644302586703
991,2.1062439826666504,12.299300917493316,306.2226828517058,0.9804540970873782
992,1.697665373286885,13.201924631201814,309.3983073280961,1.3242601006054562
993,2.1427261520852667,11.388347804082416,306.0289689248253,1.2013379506370572
994,1.8190236846937258,10.61208700039754,319.2743939597166,1.1365499804530643
995,1.663739560394857,10.395418344061664,304.4733680966673,1.4008043752054282
996,2.736098836686675,12.641776024381663,336.39877508166256,1.485007065005131
997,2.3733842091933637,12.42765622569738,305.8006389014032,1.1010136298479263
998,2.120937818748511,13.167829490389199,274.33759611319516,1.155475959796152
999,1.8628618484133606,11.698550809119151,316.48958644658717,1.3754100930139586
1000,1.8912236809597303,10.426189016639404,312.05774249467606,1.0023967221151866
1001,2.5398686533954526,9.411972463090265,305.58581057171466,1.4167302612589203
1002,2.107302138182599,15.154758787786871,300.3277163188194,1.1958231004363575
1003,0.9210181999679155,12.579615320391254,266.93685680372386,1.7463590566063956
1004,4.425383964033329,17.49493846070862,269.9568068792178,4.40115026393953
1005,2.0640718249403,12.306503736345197,334.65534596895463,0.8881265174949773
1006,2.1201791520071858,10.42552715694432,294.46095314421103,1.2305938559777663
1007,2.3803431847021788,11.125640809940649,322.3811676959398,1.0138499662101654
1008,2.1628909895590556,13.917663140790367,276.1454010816717,1.430407528132275
1009,2.2614180162008832,12.72418201443744,286.1565506833712,1.2226091429098054
1010,1.8516967864222764,11.16004257660927,317.2155370438709,1.098833574580633
1011,1.5695716366117647,10.650503139108437,303.1549813574246,1.5432730112167354
1012,2.098081473515619,11.432736480160976,314.6780090958088,0.9994022164232433
1013,2.5010651282961067,11.653026288054834,304.75461381326346,1.2011031765095685
1014,1.7732691045659088,14.254060639431374,301.26190464788107,0.8649948069602775
1015,1.7451916018130782,11.792905886437449,292.75921109285196,1.5008576527385062
1016,2.427356741132978,10.691493037453686,283.50795219326,1.684153409833719
1017,4.24423463526352,15.931227460009225,330.248623215185,3.47426904625601
1018,1.8563040301579594,12.2907723152158,333.2115639103379,1.0492346309259735
1019,1.8693995044688154,10.591398764653892,286.3033468146047,1.2241966099614048
1020,1.9772566566533323,12.442382087897876,285.1265761638749,1.09717152839822
1021,3.832171448176878,17.922178615745995,298.74008343640236,4.225885454370561
1022,1.8112309606104307,12.15253841157584,311.12783026753675,1.1978606617971748
1023,2.0806288066989027,11.123228332965352,301.72727225677994,1.2854109747174742
1024,2.0781332776611903,11.418242518672836,313.991361174459,1.011469786656059
1025,2.4052975684028555,10.175280425671952,304.1135189429954,1.337091601420809
1026,2.6437872777681815,11.852781242487211,302.9366394539138,1.2254517508278597
1027,2.5293692063325413,12.341857952512905,348.43541726185765,1.285767470761572
1028,2.320128334425877,11.013704156647973,295.54634147128445,0.9141390247993675
1029,1.9479428932314775,14.133670166130392,334.51904407084186,1.1207163271287517
1030,1.781925825515092,12.871507444996263,331.04353521825556,1.1139862907647693
1031,2.0062574513779405,10.027944927156714,314.07368311852366,1.3887393647663806
1032,2.2049525694205143,10.050511185641685,270.3296269439085,1.213351318963322
1033,2.2876782293859836,10.917573817025799,305.5590348265333,1.2741559048183562
1034,2.2180800067305477,13.7305039474352,295.7354943668802,1.224044927901921
1035,1.9575885850183816,12.980013881607599,305.36163244592854,0.7752574679912694
1036,2.2754017839447913,13.786083415114117,285.86659773701814,0.8461184335256504
1037,2.441305376779226,12.01123021521903,318.61264308290095,1.253114734668392
1038,2.3080561344236394,11.769561739241494,322.7297304879992,1.3126511468083824
1039,1.9887954306928104,10.627739565333314,326.06043743720494,1.1531022868799934
1040,1.7081529576228978,12.384652317408475,298.1207831050784,1.078293022699867
1041,1.6998513997141624,11.784215016391277,285.9303481631581,1.2059908854789878
1042,1.7615738317427365,11.741860590469951,311.3302654964741,1.1686911158170257
1043,2.0899763195362255,13.779855925158122,336.60933779867736,1.3606580926228458
1044,2.181931313744472,11.861019836848984,306.2490134230436,1.3644633981256347
1045,1.5049136887195895,13.464079588452453,313.1413475500178,1.2363833678416185
1046,1.8236017120727572,10.253117872743125,300.77137797412405,1.2086849628203553
1047,2.0851499128568878,14.956923456149214,295.9375362938763,1.2595901618342031
1048,1.6851120314658392,11.589402492069095,316.84896689488096,1.3444215387246785
1049,2.151866453570862,12.777902425601429,303.0907981879004,1.5443576699902029
1050,1.892400098179202,12.952900203141164,312.26341240752794,1.2013171170547838
1051,1.7468029049157603,11.452907596587021,314.1351234309865,1.4722142222167622
1052,2.0186219013571143,12.900933099064959,311.25530310450034,0.9681914495973719
1053,2.137298115352685,12.958103494239362,315.0413957489793,1.0837756985774973
1054,1.7030148800055254,11.215541048849655,289.64589681031833,0.8257552134966071
1055,1.9150856670650833,11.228569753399917,288.547471585757,1.2345875743646162
1056,2.163687432057488,12.049837505833217,304.23281108106937,1.3455809362199114
1057,1.7332684358391315,11.872956657546132,304.66589623529757,0.7316104144425356
1058,1.4197851058516344,13.532443105434488,295.5981891190467,1.4396468675531275
1059,1.462199154008586,12.772935003439587,309.3380053354642,1.4943799194158174
1060,1.8536821975800606,11.9225340735906,321.3479137550127,1.322292858850688
1061,1.5385536032932015,12.666685754578442,326.3752137347627,1.0885874422132833
1062,1.878297336688314,9.748681614423639,330.4207137076488,1.363510917572744
1063,2.5827299979104374,11.323157929005085,281.3335700649707,1.4056054497558987
1064,1.5174905643089613,12.316603109150776,284.06602567324836,1.4578967371018339
1065,1.9010883019828047,13.226902052081696,299.7863829180504,1.1806985362333813
1066,2.7463065939949844,12.219746268121373,306.44515773813276,1.610391592755329
1067,2.1428455290414985,13.604062899975421,300.7084759305742,1.434090067108443
1068,1.8712968493835402,12.95473384382779,295.05249205671413,1.1691342897666788
1069,1.9450910779182666,11.462837633521522,299.5204716764473,1.2586299556138485
1070,2.1502768779376473,11.845966289450853,313.69964880378507,1.46350362307697
1071,2.593520175719604,12.449263854862428,281.0667959577434,1.3847136864297862
1072,1.814201237382965,11.506500891858,347.18042910656783,0.9956334750304431
1073,1.734836400989101,13.684419195708253,305.3778837809174,1.3773956653754464
1074,1.5174169435269205,10.780401252278482,323.91525309611706,1.6267073659588145
1075,2.0360836113784315,12.347717095466825,294.5599118906389,1.458537918769578
1076,1.5080094205637304,12.808991494965563,315.3382926654458,1.4882303914181965
1077,1.8376760813123718,11.655208311592787,306.80163931091437,0.7469779159285144
1078,1.6819607956113767,11.407320734085827,320.42255108998927,1.1335228159176267
1079,2.375943228581937,11.916310573905001,301.42435547917245,1.1678798891382056
1080,1.822061264421618,12.893198364063691,332.9281442076142,1.2279709945371637
1081,2.1389256148019657,11.45016720271936,278.1429947452332,1.5492331627569969
1082,1.438567799409003,10.824186694399778,322.08872894356443,1.1730153428048304
1083,2.046027434058496,13.265643254692328,307.13695559959484,1.6497115325308918
1084,1.578893892948738,12.439226120229147,286.670119429287,1.229932619382673
1085,1.8510230250245492,13.10864317353847,340.137185660848,1.0599362207490126
1086,2.7739209009896784,12.835264904394185,338.2765590782164,1.7284130790555632
1087,2.326261032034309,14.397878239110161,267.67032659317783,1.4487286099792804
1088,4.302869849377186,20.227169099766066,308.1821189722248,3.544285364794903
1089,3.1196296684241185,11.203512481937697,317.70192598515325,1.7982512632881
1090,1.6796888583693388,12.517294763954741,312.9506865497207,1.361965162019457
1091,2.4078257337263764,11.3867624068521,332.2795329490118,1.0930815486735426
1092,1.4635639401035099,11.500461219778384,328.53738873526305,1.2132090150183208
1093,1.9146270348232184,10.44624955932317,309.7733724137093,1.1853990930889942
1094,1.5282735874368039,11.685275499946808,345.9878650234094,1.169522765005625
1095,2.0900465702818063,12.59953771738817,321.8632374087364,1.4154146804674363
1096,2.019589588752565,11.927376124352886,298.6745390867974,1.084596744810577
1097,1.8923173202857464,10.79069475642644,295.0577432930897,1.1628660920500458
1098,2.3822199587942072,10.324678734284854,327.3801470535249,1.111615601805584
1099,1.8015153594490234,14.323030529028625,290.72682392245207,1.4311596538051234
1100,2.114398111732563,12.35767682834565,297.6247109697474,1.0746267619108472
1101,2.2871942290949683,11.093523913440125,300.6877059538127,1.4778905356842225
1102,1.4808725768863358,12.507961805673164,311.4017610789707,1.5754046859136304
1103,3.4834283837308355,22.572613086335082,301.51774946669155,3.6358184507495164
1104,2.018851338560542,12.682508595610484,281.2945238633575,1.2061467854315173
1105,2.2205536967999113,8.934225344068613,325.91743528383375,1.134444564589674
1106,2.4974332180725365,14.917520856785638,297.72082432186795,1.457608282916595
1107,1.9244420704452279,9.965828871680584,341.35883483839086,1.164531138165382
1108,1.8892351350725405,11.773386860085484,310.4718201306771,1.123865180426886
1109,1.6945913894252178,10.753255269963864,327.80973471923886,1.2652004842959406
1110,2.1154944322619618,11.185997679029466,316.3555072552543,0.8915602256249322
1111,1.896008849205668,12.3128506534809,328.6710128862193,1.1913188467051021
1112,3.693047444921987,17.12785777746909,315.2661019327598,2.8704899787669023
1113,1.967139022939022,11.900729855961451,309.2330390118525,1.228258782340275
1114,2.1930698217316187,13.262076665015497,324.6782136534173,1.4126968867830605
1115,1.8026943063872587,11.072435642953694,349.747498062657,1.1478981044670478
1116,1.7297446688818834,10.470686434063628,300.14365510511226,1.151964623933407
1117,2.151103465146936,11.846764387628683,319.3086857790503,0.9902355535124137
1118,0.9409962843410953,11.627824360943487,304.90559139481735,1.7917443411578744
1119,1.78871263921841,11.345249562632084,314.1090623688746,1.6199639342885037
1120,1.5970416752074226,10.692819316270626,305.7588540363776,1.3525339199490747
1121,2.4211403780558762,12.571103039304734,266.16062805721276,1.1893082876577836
1122,1.845673533109986,12.654789862585904,301.3966390807128,1.0130616074162393
1123,1.8037493596564693,10.827788592097864,322.9919913105536,0.903402443147963
1124,1.9829821301613542,10.980020990935865,291.2262807811657,1.0340950508548434
1125,1.7916196500372803,12.150141193406299,321.5770359752878,1.3778921238580795
1126,1.859073144646263,10.938531176103567,308.3049649590262,1.1265098724875433
1127,2.033988643648107,12.196528180966467,301.55317044462424,1.0090587871097085
1128,1.8522858479228062,13.614851181477668,321.30467693510064,1.0434549256274823
1129,1.849773891704787,11.934195050648855,317.2585677841567,1.3434368901561013
1130,1.646444814201042,10.665021995816835,312.56984728156465,1.2587481465668757
1131,1.5961756908178142,12.431313847053923,323.28620365004747,1.1724035607698597
1132,2.0212229141565983,11.804579797528422,308.65576975259444,1.1385925733402646
1133,2.107310178425038,11.834827258759555,275.39601140619754,1.6480859097456535
1134,1.5001451746756176,12.522855160166667,298.19382428361826,1.59383752268117
1135,2.265979495383297,12.760141143056158,272.5207563899624,1.5361721211125816
1136,2.2674166739386616,12.039052382020635,316.83256687175543,0.8924862173743069
1137,2.341141198397518,11.933251651619788,321.1315971072734,1.2396059347790687
1138,2.104961179659209,14.26989563952073,321.95064035839476,1.077652289711095
1139,2.2229787351011487,13.320609398798029,313.80370458613646,1.338599748951154
1140,2.7647590456024127,12.916900729871685,322.4226523290074,1.7628752143888677
1141,1.8944674396929473,12.144326540468215,276.6211399111857,1.271967515354985
1142,1.634007974688655,10.893682440515528,303.0637954077028,1.1058760890230082
1143,1.4630790408724885,13.240125024527394,279.53151220145213,1.2407678022107969
1144,2.6144858755813107,12.158723561389824,298.55006696949397,1.5506699079999289
1145,2.61907554054453,11.365114084794554,334.09253124678963,1.5739673495821866
1146,1.6763900903230193,11.732545501053536,324.67826928238446,1.2910244986721668
1147,1.7454377155625052,10.937199177138037,316.9211373165396,1.2648393578727357
1148,1.8866031368640899,13.163061947284449,301.7308358851884,1.2177398162951485
1149,2.4284899052510944,12.751340791433964,287.1152938799795,1.3639814708907012
1150,1.5494442305318916,12.199795707681186,308.36649830811973,1.4649924958749618
1151,1.3116831662888937,11.952935869012203,324.9921649728015,1.6103011795893556
1152,2.7586300667967563,11.251264235025173,312.3776868066662,1.550028833725514
1153,2.1093306504220264,9.656920091865627,276.45756579467786,1.1973620312075548
1154,2.159044657071496,10.445780413673926,306.88299614808506,1.1977174599518425
1155,1.9282128981800024,11.183090126528782,270.5600925428057,1.0470259039526761
1156,2.1630247233013082,11.017736979784761,319.4753089959081,1.0573406063781312
1157,1.470027940830655,12.318296687077671,292.5258605347991,1.4773134850607397
1158,1.7056778015989196,12.892643116170653,282.9838148026472,1.109401556604074
1159,2.036805259582912,11.858716859208862,319.72275192917965,1.363599549862384
1160,1.2051881874849153,13.549808628633578,315.06880106931175,1.5687669481809832
1161,1.8941188351650198,11.138812508454706,309.1831813234558,1.37064554432712
1162,1.8725424703829574,11.850909160576894,344.4507430487189,1.3371390138246089
1163,1.8940584188173735,11.943914102794645,316.4299970526072,1.3753201561285004
1164,1.8071213672626567,13.201404961717861,293.3907752613074,1.1270481488796018
1165,1.651437825943926,12.116475790290396,314.34566961472893,1.3546772436054264
1166,1.362288852405178,12.146925806013941,299.85060781886403,1.591582902569696
1167,2.0506614665085943,10.179672573491287,327.801658794146,0.8912746106333944
1168,1.8949566046213149,11.010102619868169,310.0575897229477,1.5469591584573816
1169,1.5186514587009627,13.205547501067342,311.83861916240807,1.7922084601492414
1170,2.02188669449182,9.717123510043098,279.0373686164847,1.3897450753370295
1171,1.8967674317245529,13.477291917673691,306.10432915105315,1.3675703303176452
1172,1.8386416169182598,12.549630937849654,303.9872146232253,1.333373636166356
1173,1.2450867896173925,11.177726538799869,286.56415780621006,1.4772497047887598
1174,2.2389686293077626,11.084746125951984,301.0129732450008,1.212229561222235
1175,1.5684321359618045,14.085550829833139,312.8435439845134,1.5046314718344
1176,2.0221445891944345,13.552546387127363,304.92170721180776,1.0056507907250696
1177,1.7171060447985576,11.868615151302153,279.5822055514874,1.0358740113078844
1178,1.8639457188582051,12.148050902397618,300.08209700245504,1.1316406227017066
1179,3.828957270712498,17.173502797836484,296.5755537972823,4.413364799384419
1180,2.1860663702811807,12.148262375608716,308.4832434145613,1.047585184834928
1181,2.3955139812013146,11.258705942573775,306.5395861140996,1.2487755722119567
1182,2.115634923117551,11.913602673408402,297.59096488198674,1.186687740456239
1183,2.1386502545192734,13.991362317741217,296.8880580183797,1.009160488120064
1184,1.3766013499208378,11.894824548794531,306.210006583721,0.9452219427951689
1185,1.8888662521467061,10.847175930599011,322.3335815897581,1.0021079180633907
1186,1.921281873852987,10.496990747216529,310.01552940874734,1.2558952294937968
1187,2.4282826871231915,12.139829533100928,330.61524785523284,1.4072843297091715
1188,1.822819735232575,11.163015330057931,325.397437619154,1.3177083045061138
1189,2.092700828169643,12.27126345618079,331.9402849317647,1.3270705450946303
1190,2.0790150700796635,10.2185465975586,329.635297732455,1.0784670486723273
1191,2.405186306098255,12.75927514803347,333.133091301333,1.1303837405922916
1192,1.9531895711928533,10.833818641027694,284.2434294115178,1.2763263307172368
1193,4.179620179989717,19.406544818498098,316.6536730023884,4.07398857667223
1194,1.4032972030518664,11.627866460816032,326.92976995155016,1.5950482612406558
1195,1.4350931984696205,13.890227858506757,330.18249179341916,1.46774652951668
1196,1.2008294793814156,12.18863809077248,291.12706136574883,1.8399682251820448
1197,2.275094741296667,14.140019142926054,316.8328494487659,1.152299009148329
1198,2.2357834282260574,12.616816640068661,306.3536551691075,1.4468631450371885
1199,2.313889650864749,13.567946514543728,338.247084194137,1.66605120717966
1200,1.7629233575028325,11.770321972934788,280.02875076089987,1.2444717129721632
1201,1.802758319862867,12.380053354439355,291.15278753438844,1.323203903618145
1202,1.9576333250681912,13.340507947920852,272.4085911506778,1.014971303347169
1203,2.5052947560316796,12.995455943442453,307.6030931665955,1.5320049794603365
1204,2.5928398446677177,12.584092606003026,345.7491248468537,1.6366870827602462
1205,2.277832971444477,11.639271683933499,304.2018508664007,1.1474240591996783
1206,2.1158569036812254,11.825345856812607,306.8185998054366,1.325285607493328
1207,2.467383944195044,13.251428146763692,314.9042978712177,1.3871631985437105
1208,1.9104551399976546,13.480502373605354,302.9067712698688,1.282968027226874
1209,1.8631704643311968,11.34785099779236,311.5884683445934,1.3736373412518588
1210,1.954842257785166,11.181865128209534,312.05981004790067,1.3050034348090611
1211,1.6574499707031478,11.005452832902762,289.77998026231654,1.242606748308196
1212,1.9387467224699355,12.912670677303172,303.307159192106,1.3689104494909325
1213,1.6089071846756209,10.977577475731229,318.35479267682445,1.514143372023932
1214,2.3587527366148526,12.899363746623923,321.7143700981357,1.166383228813188
1215,2.1902905868615563,12.600259377433114,328.37302981149696,1.2213664790595542
1216,2.5003468391417387,11.400398971197642,311.0378492020903,0.9964696146192972
1217,1.4297510189800338,13.720245245236393,311.4041428023999,1.5118299497188286
1218,2.6655939314227255,10.39151520108865,318.50332757386326,1.7104326841809099
1219,1.449633605172296,13.825485859734416,294.29413615571644,1.3302828556355342
1220,1.580592173720878,12.350774450670047,293.5559770641951,1.3322289864134458
1221,1.7827124585979184,9.719187007675439,302.75363856222083,1.1842891784003489
1222,2.4577022421894528,13.751067599403775,282.0496814080261,1.2489155607279787
1223,2.0789507240300007,13.069433754641988,312.32421389059834,1.250174187464236
1224,1.91465976231745,11.528967148245659,323.88347665102873,1.0475212658950717
1225,1.7225803978741938,10.938807378234463,292.21921439290963,1.1991215940974977
1226,1.5184226972687551,10.274026581777775,312.8326854179349,1.1582398334823645
1227,2.396419563292554,14.65699077799143,293.6756410830441,1.4121043992665707
1228,2.279523741367024,10.984279938421972,286.7016409640913,1.2947277372462316
1229,2.4733576319823225,10.610052581798982,342.000098787674,1.2481928851765622
1230,2.1388863444433937,12.294711036785165,286.9598035516896,1.2189893991281884
1231,1.0752641395055629,10.198317186562774,281.9722522744188,1.6689367958553625
1232,1.5643959735614918,10.920296761710988,308.86487714699564,1.542629554824191
1233,2.162704957046348,13.094466113576516,309.8333866122938,1.1276812787597865
1234,1.870599041167393,12.510631654301317,317.01017854141895,1.3370557579744555
1235,1.8044053115751557,11.57499304428668,341.0221049631783,1.0819129122223483
1236,1.613870632288665,12.020137340224517,291.01166332649666,1.452305213241473
1237,2.331656348595089,11.513282416779996,294.5881369164698,1.473458680138778
1238,2.1596674230950077,11.931802409694056,333.95849895152344,1.4321974701175884
1239,2.175416928017843,11.162007479184382,321.90422777910413,1.5126660374088698
1240,1.77823921292523,11.36173674851983,319.40146407971116,1.2879957080262179
1241,2.061700715614933,11.328254048700025,294.38236348086826,1.4498735273170853
1242,1.5317822758312316,11.20155306295867,325.26598796742053,1.6563726927995535
1243,1.9545602067038323,13.14830209605813,319.45729076325864,0.9768283921119782
1244,1.1152246474924121,12.84712913121436,308.41167082614857,1.5490488262903153
1245,1.4511593513029057,10.974400404769955,294.47129941579715,1.081595492693924
1246,1.887190854511796,10.686166828203172,306.920519978992,1.4198643669284214
1247,2.831291351196226,11.826995692556322,334.6727639926989,1.3129207328665198
1248,1.3697399243012975,14.370816358118502,285.30858045313374,1.082368189715701
1249,1.564746792611048,10.869524275933797,290.6036167748575,1.0941886765463897
1250,2.0758711788424837,11.822653171325555,293.699556168728,0.8557914593624827
1251,2.619298017105111,12.097592455089428,297.6052191918246,1.4845496263592797
1252,2.070760373945826,11.880493608550335,304.7167396426215,0.986095689235378
1253,2.2457496483064547,11.495969138358562,322.2542785076343,0.8981791513848905
1254,1.881838687263233,13.27058796941841,313.3054540595143,1.2000025934755714
1255,1.821282443871218,12.4999044852378,306.09513890906175,1.222586384610596
1256,2.028764523223715,12.930385856119583,309.9858825514462,0.8265398191805526
1257,1.7695987132808635,12.648317944632964,316.23183728653726,1.0891106170589955
1258,2.253494268551211,12.983343153986585,274.7292929678673,1.2236278561183884
1259,1.4378048353690458,13.742846416271469,324.28851545158284,1.3182733871866779
1260,2.311495461398392,13.464148363467167,290.12456702804474,1.1923210080725306
1261,2.013759554305963,14.557284355555506,297.0168133188052,1.4359709909480416
1262,1.9248476959896978,13.339075409547911,311.12783579066456,1.6326976797435488
1263,1.4249554039347525,11.263608545819743,303.64269509592947,1.3357460752819457
1264,1.6570739648007455,12.932043245986412,313.7647479396801,1.0061826528545375
1265,2.4195280155966126,12.781478696883054,307.5529025322153,1.2586856337994958
1266,1.9269903506883221,14.112324395755408,299.7920188328908,1.242056866019473
1267,2.0974394630554873,10.936125631656083,332.5176470487731,1.1950409604223564
1268,1.6921637953396287,12.61374618953223,317.7451795761824,1.3789961009847
1269,1.9898308773210922,11.250822620756347,310.4381118524411,1.642443896672878
1270,1.5197467831580074,12.563799614510149,317.4653571354686,0.995761719956185
1271,2.0349587890007603,11.763778668940308,292.30406913126507,1.0993173367502789
1272,2.1297243140445716,12.527415684609977,344.14589135270035,1.518325674064902
1273,2.112215154514756,10.448627995310433,285.42253038050353,1.1031462324884953
1274,1.6837453093284434,12.872549129711487,307.0370358492812,1.417908918737942
1275,1.8802821555648244,12.22666546670471,299.8443269848807,1.3347795568352545
1276,2.188017951093571,12.167412169949095,299.1605412423131,1.4685864213228152
1277,1.9259968416526656,14.145251129832063,296.82337838633435,1.5859538292991342
1278,1.8994431161809615,11.579268261905394,291.10921998202696,1.2726815535501421
1279,2.6662136630189446,12.37649196724918,326.39015968654616,1.117138429791891
1280,1.6671538083968565,12.11029776894318,283.3153496975081,1.126390517106006
1281,2.378146463831144,12.217843076264806,322.70415017630876,1.7230074221835219
1282,1.5958617677732745,14.443984295107057,316.67367922497766,1.0151570645714107
1283,2.229173380019995,12.070187801655123,298.14395962977176,1.330873576703988
1284,4.381369055271408,18.311950557195605,314.5869311082894,3.0248061041090546
1285,1.821372195730034,14.057993074991943,302.15781768146167,0.9488992990970837
1286,1.5738831014982628,11.661542358017142,285.18188590683167,1.4863328229932264
1287,1.310348378668804,10.23430403807004,285.3721942159237,1.4925637993487997
1288,1.7847102718761325,11.185071922928264,316.7979472964544,1.1525214351437336
1289,2.1841765267833133,10.62875375655286,315.86426582633044,1.057481390939796
1290,1.6228301450151474,10.020037987054103,309.35620545774594,0.8860457517785583
1291,2.033932003323305,11.600683495195051,297.9527022918709,1.3393720057550471
1292,1.4832495707312041,11.922762438199225,301.5722323946416,1.3035891297581765
1293,1.9181391327636126,13.298580706641797,299.1400431710475,0.8996476860480852
1294,1.5985346335304442,12.692341773268272,273.55500556681636,1.3027424921867776
1295,1.9727068243369505,12.642217738941532,306.102558504613,1.3166965535446902
1296,1.824622185637364,11.017468994282508,314.404187501771,1.1783196886372944
1297,1.58337185231684,12.973426588160526,306.2169583780077,1.3273459447276248
1298,1.769394282738871,13.530356120038608,336.84468509634564,1.2395327611976001
1299,1.6730450982153025,12.434027980700776,286.9178813930604,1.1227807429549894
1300,1.5401263549169055,12.464769289927718,293.100133095913,1.3377421843251736
1301,2.3789610388512963,10.608838470330022,307.39434192230607,1.4332102676451406
1302,1.8739387974421764,13.15987938836586,309.3878025834638,1.4164635907393113
1303,1.229221092824217,13.958913603637562,270.7782447495271,1.714605941966125
1304,1.78185171734186,12.355247638951521,315.84856399776083,1.0935335976888347
1305,2.3201490998363927,11.346206993795766,309.4697031120008,1.3887397779895883
1306,4.597689252108271,19.92144048696283,266.8509270110044,3.677934034048226
1307,2.52421035734677,11.537537213486154,302.8992331600714,1.222936140760738
1308,1.7001682807634437,11.603505381523677,290.446252605104,1.1610768884083222
1309,2.176192819535759,12.712781370063466,296.8401812423518,1.3545649663230843
1310,2.362823504606854,12.307410522837376,280.91418587579847,1.5543661678584084
1311,2.1575678903090014,13.104330266568505,312.4913962161243,0.8525622044377579
1312,1.5189271088756393,12.407992799256043,336.7119748502641,1.6668709236187094
1313,1.6701359980774524,11.049503228624,309.77042433506506,1.4981180910402494
1314,2.4095248466353034,11.449238773765671,266.13108616825434,1.3404500600402078
1315,1.718385990283808,11.380874819933357,310.14072867199036,1.1994405456094592
1316,2.3414867798657717,11.794882915719702,301.4965017404174,1.348054622337685
1317,1.8494003473647695,13.974185060556048,285.18177437442614,1.0854950810925172
1318,2.049503061726703,14.150389550812392,311.3652289650385,1.1659313278828567
1319,1.514862453042667,12.920261320491244,320.8357651062924,1.0462096733928712
1320,1.7871063488506256,12.13064017651698,292.96711732592354,0.8788896326061546
1321,1.6936427668460974,10.502182558545165,275.412809405386,1.7227741795246057
1322,2.0789598776953606,12.242009136303091,268.78989968822833,1.2163558410530575
1323,2.032619152900559,11.130991973919242,293.0176683154642,1.2413762096820433
1324,2.1619274636859718,13.793574086222513,302.2009375533234,1.2095857434752884
1325,1.8283171239175644,10.233283741230462,295.71189985452537,1.0521302020677838
1326,1.6744194750468977,12.422932766663129,292.70092233207714,1.2021891849845892
1327,2.063955179940508,11.038336684584594,315.2221914883068,1.2206918978184036
1328,1.639643883947538,11.989533295968181,313.3308688306266,1.2385862627154562
1329,2.3774478842479057,12.732675009342163,308.59268124968344,1.1350395976550365
1330,1.9599171646938105,13.124165557660307,319.6967801181939,1.2968617388565187
1331,1.8858527116032655,11.93324077897526,293.1864676496843,1.245490700442625
1332,2.161761467962574,12.837338205199682,285.29793376894577,1.2942816178591827
1333,1.9732724251988993,11.271282891526686,295.59799386390733,1.3414375803568162
1334,1.4196818991076814,12.270092223250542,294.3565501097281,1.3679566764743067
1335,1.6284995352136984,13.10242815588165,268.07678979115354,1.2490299691455673
1336,2.3701980463526153,12.365309425953987,295.17976448815455,1.5787184685643867
1337,2.029359521745604,11.417721933989363,324.88730999328004,1.0117141471284543
1338,1.4114512691727956,11.693053395680224,319.4153617511215,1.0331074154901143
1339,2.1232392233503083,13.117221668802733,314.45330942520945,1.3202204841146883
1340,1.804259413045588,10.798970921379027,307.36912477826564,1.0971186074539008
1341,1.6939250166219264,10.961253352591802,331.0801734705566,1.0407389458112433
1342,1.5992945460281538,12.66174763579291,285.9169778923767,1.473386519924154
1343,2.3499753149615406,11.516942046004022,287.6331118046684,1.244535955897626
1344,1.3120755697981275,10.401635984015343,325.2373149263936,1.231231201474774
1345,1.7068637739461785,13.4859005337461,305.4968881430968,1.638546532016957
1346,2.0420443680689346,10.790439683332101,292.9187904732048,0.8789233844523097
1347,2.552427074116224,11.780626985348398,314.93464328161645,1.3657697248627474
1348,2.193850368722612,11.318527291944193,297.1075946896163,0.8446914243028976
1349,1.703891384563519,11.672548165905758,289.92454108149076,1.3067398340518712
1350,2.5352737089373854,11.026918596583526,289.4236673683924,1.2436890260456666
1351,1.5257068101032596,12.785707161462808,310.7878884984683,1.498827381055329
1352,2.092867657874304,12.121905876737603,308.70467893935194,1.2016973638660933
1353,2.1707246260132753,13.08201895473198,332.3014417998071,1.4876096945577895
1354,1.6916095458798457,11.329914967304106,299.77839356117295,1.171120019834676
1355,2.244157568160889,14.346323946944132,299.47130992163756,0.9148588796249598
1356,1.8201384548706643,9.904886335945662,330.9134035494845,1.2669133158551604
1357,2.2432998496312875,10.256351601285477,322.7416422789966,1.185005394006525
1358,1.3561415775948271,13.928393332488072,307.6081694677293,1.0848802245857558
1359,4.155207564462556,18.459197960308394,276.9017709935364,3.539068910799182
1360,1.8557626645572383,12.375524691361683,290.38661391890184,1.0650561562660787
1361,2.4023963240387376,12.474402838049812,286.02629364702074,1.6082303590400797
1362,1.9846067445801674,12.628327997165494,305.6561319841886,1.3416313313014478
1363,2.437230336802042,12.329744492477346,295.8498599382522,1.245155187893469
1364,2.177664467761568,10.937505059212384,333.8522880711614,1.3131127438374484
1365,1.9553720393331449,12.90000999558007,276.71413015206787,0.7933030169519601
1366,2.275684258365003,12.726746032692056,284.0958850955712,1.1326198639565568
1367,2.2779204625844924,13.571274261413814,309.40331812783734,1.3265429459155795
1368,2.165168501571925,13.940665184591282,314.38584889575503,1.2494436416260026
1369,1.1976945188811858,12.36352368760759,258.43154784387485,1.4783452218392534
1370,1.6561038282324607,10.649696080604599,273.7626171350256,1.2632971197476213
1371,2.484437046277073,13.94977522432235,300.25513352346894,1.4084292520257966
1372,1.560418950597657,10.880035071496765,329.40878536672943,1.3140675673625015
1373,2.3088614025230325,12.37176061303962,338.9796959339055,1.4294380109657914
1374,2.247258429872884,11.71759268093706,297.53904517706553,1.3004224606634507
1375,1.7459866734462897,11.526312114796728,301.9283544064325,1.340961756126065
1376,1.3016689305091464,12.84073013368467,289.93641636887645,1.8353107272157603
1377,1.8008805907182257,12.268905559194762,316.3977151979502,1.3892903900846467
1378,2.727305265271554,12.564565640394944,332.51353252089075,1.8655754586112296
1379,1.697852947726726,11.102745080820293,327.6083732728409,1.1203928314744211
1380,1.7220099293902553,11.808517538087873,304.4779889722025,0.9278843130454568
1381,1.6508461563915606,11.15351152217523,289.906429307566,1.2450888857617464
1382,2.425174566792332,11.781021253224788,305.14754607757675,1.263344775012752
1383,1.9149795009312127,11.86936155264585,329.8541606798044,1.4962199216350145
1384,1.7809328198678014,14.028734590525275,297.79069222976085,1.0027853711152759
1385,2.494715906018373,11.714672634084385,272.32227747174045,1.3310705045085593
1386,2.202822930777438,9.661841843016289,298.5198334402856,1.305718157958067
1387,3.7442907665646366,20.25174859877974,299.9775364372099,4.925075619084942
1388,1.5717456311283768,12.494185311428625,272.21663309714904,1.2757351532268402
1389,2.4053594877079907,11.855888521991272,309.1766719759697,1.3703034792061997
1390,2.0058758573096007,11.519063096452795,314.10808393859713,1.4158402416018687
1391,1.4578275930503606,10.958381778337426,338.4780670667296,1.6835196455590715
1392,1.3759095095872578,14.131852906795142,281.01721477682395,1.4402548056253872
1393,1.6093864496800845,12.05702937752604,318.14938576319776,1.1283782166972047
1394,1.5661803941639396,10.088473742170377,322.40305072116576,1.6198264890633258
1395,1.2838730601844972,12.360514036613766,314.3531767568356,1.2921759870106118
1396,1.6151725546730265,13.326788872238325,286.87757060880574,1.6469710662291575
1397,1.6783218034246512,12.172078135188848,285.8313197466348,1.5309131902749273
1398,1.8380615490654004,11.008247180585155,306.74954154110867,1.5136141954204325
1399,2.5925185157946995,10.909818285372877,306.6231978772333,1.5477250861303493
1400,1.9066048547656043,10.990949179508842,294.9301911566833,0.7827355838644492
1401,1.941348806789525,13.673823796751646,328.2494662435986,0.9942398112638985
1402,2.17823937732963,11.921169539239493,297.7864715151429,1.2804392095171242
1403,1.916938675126704,10.153403143853506,270.91338660585734,1.0690101105036378
1404,2.1400535373603478,12.42254731842891,300.9669827389129,1.1487130203287104
1405,2.098215206933107,12.155140464130907,313.6449202684227,1.3283493722889328
1406,2.042905997959735,11.506214986428336,311.1553007370988,1.167109697790825
1407,2.9682631295466355,10.877552568302308,311.01600656851906,1.5187159719587988
1408,2.318894045415523,10.829715610249837,331.89180225842017,1.4381477899485997
1409,1.6213973053526443,13.195297197012973,284.93376970936174,1.3889845552672886
1410,2.129577765166207,12.272264141385607,297.37324972968787,1.1602750497393683
1411,1.7228921176690979,12.526508031127962,332.8109726841873,1.3883265038908847
1412,2.1561877674209486,12.269234690538132,269.5877020346429,1.233646183834682
1413,1.5186844040121055,12.360457575403004,304.0334999503502,1.6052710602477585
1414,1.6122771931706075,11.484765870228935,327.1205800742666,1.3204389620728993
1415,2.1203676468715447,11.773587710071146,326.85229251681307,1.4734785555641716
1416,2.349184189759309,13.281402985967548,316.88209471123434,0.8984272027516764
1417,2.1759255220635545,13.556049184601024,317.3379074317105,1.3104136782303661
1418,2.2989410670873265,10.655698813464275,286.2615837850076,1.1740470976186177
1419,4.301519979211061,18.167429893941087,329.71718751072535,4.345879475619916
1420,2.060373634661316,12.923213894893031,283.3988891968557,1.433887101338356
1421,1.8237073540095472,14.070287705437304,284.47256565127924,1.396464944593453
1422,2.2845506330508787,13.960155539463825,311.9817343609474,0.8472860998432991
1423,2.3587077314893246,11.12466640355885,296.12573907709043,1.4203018690414235
1424,1.9779095080345788,13.402550730026409,308.72054058271567,1.3191224031823514
1425,1.9590758853774697,12.064499932317718,312.7538074270441,1.056390568563051
1426,2.556992034102783,13.148858302763312,337.0059753087599,1.2190832862397403
1427,1.992852377064322,12.867106548903415,312.80704254019537,0.8819156081884968
1428,2.026490054628089,10.609639553178761,293.86638252514774,1.1329146543491266
1429,2.1694790677135134,12.604971352289894,317.17678324735044,1.1817363849745117
1430,1.9657678104160463,13.106266250286218,290.02842439852196,1.3601024617539295
1431,1.7128808870399168,11.977829219469385,321.43679943876873,1.3033385039163026
1432,2.1322879514332325,11.729051929962717,306.1633025522466,0.9985184381957743
1433,1.9864357464921876,10.271169697049602,312.20978869082506,1.2478852583729036
1434,2.644787414766074,12.751979268206028,272.94822841193576,1.3986414022636475
1435,2.2759569926023318,12.229623204595303,264.4865792867332,1.0587261143267848
1436,1.7915811997449496,10.985597693818907,277.9743638165582,0.9081615890253771
1437,2.2551710767166315,11.64157600343596,336.42387540257243,1.3640280340407365
1438,2.107753042155843,12.16995357404055,284.3332131887524,1.2962458607521967
1439,2.4582992056809294,11.385500632042062,318.18157643580076,1.4373767028128437
1440,1.8164410255098362,12.00294484026088,293.4456596196073,1.0745674515711756
1441,2.0660366519258337,10.075074088076207,300.6794582140537,1.236832476058897
1442,1.9653172228176277,13.484363866537151,304.1950354087533,0.9256489076063996
1443,2.020467798070405,12.017500213462913,334.5880117006069,1.0029347960843344
1444,1.6901803678486178,10.790711142860658,315.52109955424567,1.2643393626295176
1445,2.201569083769612,9.29432026677355,311.9305965257663,1.2768486633834681
1446,4.990608254869967,19.31894258567244,328.3405717780015,3.914026771427652
1447,2.4498282659226285,12.613900707996006,293.6024564522915,1.1098983384332477
1448,4.207222093480459,18.957910797066432,324.2301735851258,3.451387182165722
1449,3.732578657179249,18.50256784828232,321.22344671285714,4.089876070794905
1450,2.276253032280413,12.946988235926383,321.0181885383836,1.0831688921332299
1451,1.7220284664401104,12.213881877058887,302.20969934759285,1.2744759606407976
1452,2.3797445872793856,11.7203643610164,297.12833187600626,1.3356020990676107
1453,2.378994699094796,11.541144241523217,289.3431743869505,1.236243824020478
1454,2.440047615397043,12.463036226295719,290.4707174306023,1.369789149921861
1455,2.1318180446378228,13.536734512367284,288.4937632809471,0.941442237222534
1456,1.8297262660907818,11.886806511552432,311.6032597128694,1.0862384469632422
1457,2.038215704206877,13.624125146508394,300.8899463611387,1.4877482355225955
1458,2.133024113277722,12.410467720797653,312.76520355824033,1.5115702292275164
1459,1.8039504241842435,12.418760065368328,313.7818763537505,1.3916454107619036
1460,2.4665907011238253,14.64562041405637,285.92439102281,1.5507025674158634
1461,2.20302945864899,13.817946037840276,285.3841664220339,0.8595504054396286
1462,1.6877219656372984,13.846470168827036,300.88411310288035,1.0687713653885456
1463,2.659005786763022,11.122624975796455,291.04782697495193,1.3983528622566674
1464,2.034086246309562,14.41140075237192,289.15258148852683,1.6838255085952936
1465,1.617063935002505,11.909561526468048,335.52236616334767,1.2253672230241706
1466,1.7094110570384542,11.749759702271144,277.39961410620657,1.3996460201875398
1467,2.5207242590078707,9.624826745245437,341.4151596910042,1.4383666580025467
1468,2.6387447206758874,12.358919907009206,310.1997749004636,1.5160215830610322
1469,2.3533197687183214,10.808310646087097,322.7522890943227,1.2701947906728588
1470,2.4617580270054975,12.44907921140169,320.6299907119442,1.0879257192571812
1471,2.425815410579514,10.72227835343854,316.10526519078866,0.7685584756350968
1472,2.194920653467423,13.977469821574285,334.91297238457736,1.4791649330960457
1473,2.115164625733824,12.606731359164401,285.5164996074179,1.084658177360739
1474,2.188952118066813,14.507858733324534,302.18518919998866,0.8479991027589493
1475,2.2576054051001533,10.874673565358236,289.6487555749865,1.3274085310426742
1476,1.7404406977157607,13.704097169178773,274.47056844141713,1.3241805006551757
1477,2.2561855552592385,10.01701634126389,293.097659865952,1.392957085530364
1478,2.5105158965539562,12.228883024121723,338.70586000802876,1.5795190287402483
1479,1.9277696500848391,11.305214568063853,301.87759944648116,1.019333060213396
1480,1.8903632751373711,11.507247811224607,340.7032828400041,1.0322157855294938
1481,2.166791208233533,11.431853940300288,342.54488894197766,1.1529509306069066
1482,1.7726198573571523,10.993812196113538,358.9123465465295,1.3953490743720014
1483,1.5391134841803729,10.614342862684238,339.2988743437695,0.906922029516136
1484,2.4017016640368123,11.513330512375383,347.4463735760085,1.3224598033522177
1485,1.8421670589917984,12.127631237015558,310.853015739003,1.401371107256513
1486,2.0064570025520734,13.28006379228862,309.1099082063601,1.3781963051328026
1487,1.7864562356471771,12.324885436283159,310.3071085018763,1.3690728805438508
1488,2.4468641852195496,13.283194221423825,305.00111968298654,1.5324126640682674
1489,2.298611655399405,10.37400544084719,307.6939364330158,0.7040648111410842
1490,1.915741160596205,11.523733653720384,318.53928617276154,1.5269534691250595
1491,1.5870359223330368,12.782105411050066,296.6152786046623,1.3684045883806701
1492,1.87857456829963,12.377509831370494,280.2027637194432,1.4757767356137736
1493,2.1995534449823997,11.052707373874904,311.5451383563055,0.9889660510599312
1494,2.0660224964279177,13.027475781382492,292.5295129821533,0.8518500131030147
1495,2.0381843155581953,11.41559949985227,294.3930770455159,1.5581503621739168
1496,2.074094565814434,11.144900082466908,302.4304418543449,1.0179896358860347
1497,2.2655786810243557,12.535642536546488,298.30142204839024,1.1801494405621638
1498,1.9853492785772344,12.00678630186766,324.98076486530044,1.3056197142754222
1499,2.157504707660826,11.424796431468529,301.9986522885798,1.3694619718188963
1500,1.6545782772892157,11.387444622228184,325.8880934817809,1.4872729588851485
1501,2.8938477719413638,10.823223520212633,308.7082924809588,1.7240555371208846
1502,1.900649238239311,11.56467692933525,303.40647796515793,0.9950604997056498
1503,2.071257552759392,13.210010379036179,307.8479687531623,1.3443731097959986
1504,2.198262933675174,12.26900550928698,281.7506624476268,1.3680961258017186
1505,1.8562233206598107,13.05445348885508,311.08538941047254,0.849396061876011
1506,3.684687454334402,18.30482732079639,320.2854073336693,4.142508541204454
1507,1.9984863461298712,11.326529172330998,322.83530768323203,0.7025862521767656
1508,1.680086667599318,10.185944597737333,280.6608664631984,1.4682898514673952
1509,2.1535062989388734,10.980460198825824,277.6583563596264,1.0873165166767815
1510,1.4227723566094443,11.261640607792728,295.33726654854496,1.5410169476332363
1511,2.6134479548458147,11.176558842679174,329.9239224438718,1.527829877042548
1512,2.2775398097424375,13.079121919545692,308.9775570844444,1.2387924978139744
1513,2.2236928251786816,13.067647313534673,291.05548568453236,1.320240415897916
1514,1.3921752606483655,14.43306760430431,278.8470895952532,1.404380817177925
1515,1.7226149643474429,11.159906711688375,292.6881925198349,1.3889556401164067
1516,2.486270792281769,13.757193136670857,291.4720796867646,1.7789299224788795
1517,3.4529344889638605,13.750393926230544,321.8411189356146,2.1983633794054294
1518,2.4181423627699608,11.74450986615725,323.2257964889668,0.6672765557380713
1519,2.362930193587833,12.520910936634259,286.10176630056316,1.1958961418614382
1520,2.183740979839966,13.364806574055333,318.55698910846877,1.1234512686207245
1521,1.7033759815014404,11.935182915071513,316.7136241761577,1.1772778499305454
1522,2.3483109291201156,11.849969045063894,283.76574533426725,1.0875045112211885
1523,1.6145774320160748,11.309928836770803,303.49126342109776,1.4636171673871123
1524,1.5762951922010513,9.403957629470668,311.1347597868335,1.0314495673148287
1525,1.5542647360965285,12.077518778137327,307.9382375369125,1.4093629764365903
1526,4.592726412181304,17.96971428730939,274.210260617446,4.181306042807768
1527,4.803296202731503,17.35689137822954,307.36128418129914,2.962567441135746
1528,2.035300334966533,12.464410815158747,316.4527680457702,1.2981763233544346
1529,1.9946086220322605,10.403556535096792,333.4326950396154,1.3898708913193274
1530,1.6059992105806213,12.88668788040868,292.96175839735133,1.303855029689236
1531,1.7652441828939085,12.531959246786574,295.18184318247995,1.1637668534539585
1532,1.7828508278112916,11.559787467133022,301.240398214293,1.3255663455143176
1533,1.5081549934711238,11.930358721871094,310.241886583704,1.4652201537908323
1534,1.8235264666448772,10.690756796430334,306.7463198172114,1.3966219490286553
1535,1.6215427402613165,12.825372463701914,315.87754378340765,0.9434593864912522
1536,2.2021864701034475,12.206100665156391,284.74664224012747,1.1878213170788237
1537,2.2313398723883884,12.288034950048498,312.1433664073379,1.0190372244492005
1538,1.5472263070760386,12.552079417640444,291.6401231559382,1.435195375524806
1539,1.8961788825131998,11.293343044719103,302.4199897629996,1.3518091289292773
1540,2.6496209584608463,10.329035897586973,335.74424529061173,1.3983218975715366
1541,1.6567329858125974,13.053050212403894,279.83162944221186,1.124845749425794
1542,2.149323236228273,12.757590254973648,299.9695855680913,1.3327711643118296
1543,2.0369326769010097,11.411105316401972,282.05637609840875,1.174169950175253
1544,2.3825106452443174,12.450021219043045,307.7552235419319,1.573081968659795
1545,2.1034133944750923,13.383770782589746,323.86819247702033,1.5610072089240143
1546,1.8490465827266875,13.252570883392334,308.05379213919684,1.4138143702388724
1547,2.02336744251551,11.378985279924805,302.89911463995804,1.24685910363145
1548,2.0284794803838078,10.362362850022324,328.91124192293694,1.565601625718288
1549,1.9679066862010117,10.551063346443572,310.9490438258986,1.2487620465903202
1550,1.538310990636594,11.657101385749378,319.75218901361256,1.2320552667370568
1551,2.4350810126592624,13.608548846615875,317.87463296321243,1.1785092052587514
1552,2.3732517557525137,11.198710046644495,253.2276727251783,1.142889811413177
1553,1.6345338405955498,11.34403936168971,303.61996149882293,1.2788653587348915
1554,1.8947460287356863,11.321397792069849,285.59465956013565,1.2992644023125992
1555,1.9212200157260244,11.415096124082465,290.0722959051765,0.920692383656141
1556,1.5952184198251462,11.98765047150471,331.54254993185526,1.208523691075778
1557,1.3466213062832066,10.59194480799307,298.25350018419334,1.498712433231317
1558,1.7652925718306824,13.192795951959646,339.0662275245081,1.3617777999348895
1559,1.8752591809120829,11.84069681418939,279.6616084351246,1.2041516127520704
1560,1.4955683333225933,14.72704803219787,285.4939259550074,1.4015724105738359
1561,2.061942217429918,10.709071901594983,318.72231189713546,0.9545976215819718
1562,2.406999706160719,13.7488527890074,298.85531264434684,1.1170319089534417
1563,2.2947406511578436,13.530479937785135,310.53189205881887,1.2399508634101553
1564,1.9556600213944486,11.547147590269786,302.9784771253445,1.3032898432596434
1565,1.3558559062175812,11.565433325136945,302.43362771661185,1.4952136265692362
1566,2.2504958192306668,10.986572402257114,299.5237507628226,1.0678840159588154
1567,2.0512372591725954,10.99919643223649,308.2308804873393,1.154262755326873
1568,2.148522888226307,11.999333455247656,316.54948917550223,1.515603097571612
1569,2.6776359801058796,12.022765582670997,334.05959871750457,1.584365959439746
1570,1.7113159296642713,10.237409206364719,301.3547743638293,1.2174964868080813
1571,0.9938144234072852,14.52285585565845,297.9145106785542,1.6022782963819988
1572,1.631290897766585,11.714531457120632,295.5956919837356,1.1388936178138471
1573,2.1701157738937376,12.072173504938908,331.45610939058497,1.2186816983632938
1574,2.0094240656118143,11.311138823245214,317.4258481480487,1.2552427075275947
1575,1.5745273546404615,11.706289506998983,270.81739832411296,1.421728872189858
1576,1.5030989158882493,11.60633407763137,270.0238273496651,1.4257435293126228
1577,1.8758868444639116,11.996776531592214,290.05895816903444,1.1351951727725382
1578,1.5638668655413681,11.983951098529074,309.1426179929787,1.2119062867051105
1579,2.182221696389084,12.885352983395178,304.39753749406356,1.6293206244388827
1580,1.8560005889808058,12.249941930808653,314.26601393318623,1.101148033838748
1581,1.7805087404839008,12.774711322439455,301.84201804070096,0.9705651087427987
1582,1.7346032589769478,11.989208096014023,330.153537884821,0.9145177624769067
1583,2.092092954303208,12.25437781061648,318.8980048179323,1.1344508899134333
1584,2.0149132283160127,11.734563749048402,306.39637892808236,1.3881302067606494
1585,2.070685044451908,13.103422907771414,325.6161097496139,1.087808287437262
1586,2.063045305332034,12.354884672467517,275.31968796232604,1.4978877347032977
1587,1.9747315621911528,11.826117660035809,303.468655172026,1.1989267873418683
1588,1.6384042957896683,11.793298851993548,307.47522151030375,1.500362485331368
1589,1.7443669556440582,11.879836724628303,315.8366569991452,1.087664725514499
1590,3.8792795857644045,19.06796592209237,274.1270119490848,4.042857132254192
1591,2.722818333330913,11.938002788659187,300.31267567625935,1.5316889464655616
1592,1.527907287854116,11.385274179267505,312.20829433431936,1.4302338505857333
1593,1.8533582238390882,12.841390610795088,313.588918275152,1.1771108377961854
1594,2.034393471038671,12.910883591802987,326.3503371461756,1.2592028366462098
1595,1.8938335363546277,13.962242521690822,318.70709598332144,1.3244599814918248
1596,2.375889339503208,11.336007318290763,303.90477111130326,1.0006745413766214
1597,1.8920257243239968,12.733082597667316,317.1495274810776,1.1388075766868264
1598,1.9179105102972867,9.89994895208905,301.37545456001664,1.1003067047798398
1599,4.335726773687442,18.726767022607063,307.64193114973136,3.0797650156850205
1600,2.6337490820214318,10.397759673492097,319.3064423026525,1.522358285081474
1601,2.4926244308819148,10.917235786070487,304.1845857226152,1.2446494108245856
1602,4.033865188349836,18.98923330578679,311.5158142315731,3.5986202093335677
1603,1.982670025893659,11.316351061035457,322.3035578477062,1.1528764664346507
1604,2.0163517356744713,11.165811138996798,317.818967493303,0.9872792213040782
1605,2.051449792961905,11.46670237525182,327.20249340586463,1.3008546449540028
1606,1.7034281599782648,12.802588591110379,346.9120693631524,1.4139123121470707
1607,2.3278078295994034,10.973820563940482,317.652699920425,0.8295090118833295
1608,2.0723131947029754,11.940429649355211,296.6967340747144,1.0482911048688257
1609,1.9843003339146401,11.58347808700673,314.2128148607564,1.2708224923929565
1610,1.5550991182043246,12.901879848461915,313.43873149682753,1.036987049733229
1611,2.0218001729717145,12.932713929491127,316.0431924831869,1.356817323961
1612,1.3373756938727182,9.981190022820275,331.91029245027266,1.6733058896148414
1613,1.7964227295887187,13.149620360640746,274.68599283828786,1.1924630962382174
1614,1.8029158027322805,11.328168502895307,332.24908384393524,1.0685229885839118
1615,2.1004483175806667,12.259921418456342,338.307503625046,0.7439403936078093
1616,2.6579475087308535,10.967200385578373,315.22527193886384,1.6225420134993018
1617,2.200167612982903,12.408248062980762,315.6584314620164,1.624547639707635
1618,2.5069407254224645,14.806483848983213,300.650393469329,1.7133235791221433
1619,2.225824260586252,12.139882117413537,305.11383181670067,1.1916032545034954
1620,2.3937687213906655,11.494167510589007,317.5631388646667,1.0744971200238043
1621,2.649994573530087,11.744622641856905,316.4039430698658,1.6210206126367623
1622,1.7438571086942107,10.384067047038178,317.972775140061,1.2139917532294884
1623,1.7210134480539738,13.593859614780904,316.2800342888591,1.3423264424287231
1624,2.2340838151670623,12.344171418356272,321.1710195345627,1.2934274801732895
1625,1.998712541078214,10.846212303072368,319.1596760597416,1.2186016873662466
1626,2.0771238414824365,10.882049880858371,286.56172402531763,1.409271612851511
1627,1.9129665877624238,12.016810617063708,319.9808247831418,1.417678502713553
1628,1.791309449041349,13.025194932672337,338.4545590954921,1.1215935106933426
1629,2.567267634071259,10.733911100389331,304.52071846480277,1.208453046921597
1630,1.61504861016303,13.22475027605389,331.99063906368457,0.7890893756124111
1631,2.2402372907345405,11.899203092847406,288.48868460159133,1.1653961014957246
1632,2.1834799000056573,10.976732276492193,304.4642728470122,1.0015338925213848
1633,1.4473453458504146,11.485540530769724,293.45915326742255,1.4670956838513365
1634,1.7092268845022422,13.92340926484268,329.82598254362836,1.1835560158486773
1635,1.7680583036675463,10.472965329800129,334.52857797935934,1.1867924402390866
1636,2.197604439660807,11.194917748459238,303.2144698384239,1.3858217278945733
1637,1.8715377129243072,13.047841943098412,326.07910740791334,1.2893524715271796
1638,1.9700435676862182,12.238102747798997,334.71127930226,1.1772004207148505
1639,1.4898234250553455,11.129635099916143,304.40746055668995,1.693453217760407
1640,2.81406910085036,13.061272560001306,307.3355290123457,1.745254883842195
1641,2.024918466558824,13.1135253064861,318.2050766532857,1.1172003872365575
1642,2.17465031405393,12.364529735369889,289.8343163326349,1.144050986129056
1643,1.8107810790021721,11.326363753658134,306.98175671386207,1.3791582187389564
1644,3.8467869554229304,18.268954727166893,343.5701679116349,3.4974640442478835
1645,2.669439629233736,12.313143671828238,295.99975663549463,1.2446577082463655
1646,1.3291474375476797,10.556878032665281,320.3688723327173,1.6489684642849205
1647,2.0975264739507717,13.460563369246424,314.42848003046623,1.457153287912138
1648,1.5759736381122373,13.870229997543422,302.0522136433469,1.544156786946632
1649,1.8582495959610483,11.740449665175703,308.98979167236905,1.5206057065300165
1650,1.7766669363140928,12.391714941673888,336.5471586417097,1.6437662203125982
1651,1.6549078108032633,13.304382247134258,314.9647486384274,1.617444978491338
1652,2.0124046053972147,14.151116922424457,317.77673521870275,1.268224680892981
1653,1.1011897984428771,13.712679469039768,333.8155213325316,1.6430302919956983
1654,1.889579031328456,10.090908735305328,299.790612134033,0.8413953347929897
1655,1.9683985086275086,11.65289094283973,286.1555316229188,1.2027727616421882
1656,1.5242532087578957,12.550757076631541,336.830253048625,1.4396282174086852
1657,2.5296265525072843,11.456360973407875,307.4573920871318,1.3770131521579214
1658,1.7919395688209399,13.961043419544401,321.0848153026823,0.8483292860789666
1659,3.8728586952496045,21.009361824979003,291.2780746588515,4.38760114992925
1660,1.7927232926298542,11.102476844615397,311.993473494431,1.3548445898222616
1661,1.971451857849295,11.821359978103704,285.25520987248655,0.9953059908593717
1662,2.4578504327271173,11.175490450191399,306.1473171151057,1.3589144602964853
1663,2.865555531373216,11.785358711483214,293.337382666791,1.7358372269103124
1664,2.2609737212952306,11.752024415733278,289.2022219715741,1.4644578981291572
1665,2.38079781844012,13.049683706221543,299.54379195141337,1.6295252656760573
1666,2.6007496185169785,11.022688869892782,263.7189684265723,1.3409748499668437
1667,2.08710487686826,9.12157543454866,284.1217561200044,1.241303832102681
1668,2.5495878057641543,10.235002609541699,319.0834548126859,1.4242418882582988
1669,2.277340396336641,10.868868226022597,311.25799501185907,1.3760255891417725
1670,2.05039557575905,11.278739252103222,285.6646349546731,1.3090044455619207
1671,2.1226193620580136,12.205891840676735,314.8617242503712,1.4940224168308627
1672,1.3625040628212615,10.812226703918254,289.19216470126605,0.9775812959074711
1673,2.1022417411561523,10.667789350714076,317.99534966744153,1.2898762398253836
1674,1.4596883678437962,10.977607840582678,302.91849667768713,1.472644197710827
1675,1.4311557969361124,10.77278059872424,299.14778329293813,1.3471043899096404
1676,2.067507541158829,11.39005688127479,303.36085477290584,0.7499324123688695
1677,1.610072491679981,11.342983864515428,351.07151221998276,1.2790268548920685
1678,1.9975101870438179,12.757962498671192,291.34157264859766,1.057891566963139
1679,4.8545167712908235,18.27116597980676,309.0780559927948,3.7559952150140385
1680,2.064067360285997,11.606643708837252,319.06463677086265,1.277521049957984
1681,1.6835575075352645,11.400475052091554,287.6765687163992,1.1009845451235245
1682,2.3145388338684194,12.889773473641323,276.30335892669325,0.8488318058477536
1683,1.9687676672368724,11.830292796380526,294.1802334266809,1.318708811609571
1684,2.154376488059907,13.155766395739114,318.67033761995964,1.3535290987881554
1685,1.5812461351185512,10.73239280639471,298.8439378688909,1.2620575093811823
1686,1.9375853551214046,11.945696730721698,300.84009323550157,1.3230724491683141
1687,2.384053069144542,11.366519881267074,321.39385372325745,1.2188439502589423
1688,2.3395621711330454,10.651349292325836,290.48582456909253,1.4826245358723849
1689,1.7209475609764622,11.925737854916436,303.4024043993699,1.4452591253890972
1690,1.8090546332988042,13.906220534058747,277.75086125629724,0.8940910055582079
1691,1.6539596444776634,11.061800316781254,310.7729430930643,0.9928079878017927
1692,1.7702554786086915,11.859799519978457,309.13112734223137,1.6379258716742986
1693,1.5103263607527149,10.556545218448193,319.3196533670099,1.530307433789626
1694,1.951638444657034,10.394849450905589,284.38538962991504,0.9489271030154023
1695,2.2215984393639956,11.134022437722809,301.5460235460965,0.9153875133125536
1696,1.7252314976696224,11.505018687207901,281.98753351175264,1.2868530510457514
1697,1.968287801068588,11.553858654975736,300.57007964919563,0.9721403197619842
1698,1.9228255573290252,11.751372483412851,331.67218535794206,1.1402320591759754
1699,2.369291556059377,10.186834095226294,299.22645039246834,1.272369914105902
1700,1.7859428571184526,11.311459167342331,280.41344316359175,1.2094045984782236
1701,1.798674362322202,12.551934320744042,292.7621732304533,1.4496268637883218
1702,1.7038926050976735,10.505930419816009,276.0028669984902,1.619559001414606
1703,1.6018716679725293,11.60933973567042,281.67608818147005,1.1993201306913537
1704,2.1852147470064396,12.322128135931875,317.0777650549172,0.9944508687445475
1705,1.9527112212843325,11.139506385773963,278.96690172748214,1.2791109681521666
1706,2.0191834509381557,12.375676835776932,310.6219146263878,1.526516825762482
1707,2.4461244046683888,10.326761092676465,305.4633681658863,1.238773159396506
1708,2.466228254074755,12.977294530225427,295.43249151632,1.500493049341399
1709,1.4238179922578187,12.402380806403066,309.09229964104,1.2317643051206626
1710,2.2267421355834487,12.061231943860413,288.1220928317494,1.2351014712493904
1711,2.0789764239989164,13.237299828936425,320.1351992148868,0.9713539088685627
1712,1.8384431502989222,11.637716034839723,292.42987462569806,1.2178267815070514
1713,2.11468929045978,11.320358276291897,298.04539600507604,1.1846011842645807
1714,1.3957658676727251,13.50979871250697,295.9036819028521,1.5406839118339921
1715,2.51192481997174,14.024842382458274,317.4105241593398,1.7128525345197634
1716,2.1802304339751677,11.23721852327046,314.7999904431602,1.1417107214166577
1717,1.6971807893085693,11.874882439181404,257.8093790133716,0.8550738551491301
1718,1.7951064223631668,13.1495467975876,309.57637285300723,1.1847680490581771
1719,1.403898733558396,11.91404049800815,273.59732902713955,1.4730655566096562
1720,1.890114962557311,12.654047359611782,298.85620918059504,1.2476248505236163
1721,1.831043807965796,12.85844395723722,303.0528676085594,1.185643154838968
1722,1.5362113645066844,11.381464966887801,298.66295186842694,1.6266029272069213
1723,2.2718457817984223,12.461202129740284,314.0147459977805,1.2715829854225202
1724,2.4468790163930665,11.993188036039069,317.96137818943157,1.2988612601515674
1725,1.9904238284844329,10.66144454726686,291.0776157292528,1.044513796470343
1726,1.8930235910037712,10.91138208892876,290.4236539550482,0.8575242337807978
1727,2.152244610746128,11.282341383163994,304.3525480342547,1.2797534401643313
1728,1.9931263631267349,13.021371835882865,277.2128225498092,1.2491119281037906
1729,1.6212372743190848,13.05749397854466,296.41439644662177,1.074210614433507
1730,1.7715627046944586,12.824904210153779,329.2654010009724,1.2224356868215431
1731,3.7769777473364883,18.592344965301873,277.8865898262071,3.567583431872154
1732,2.0868653080668436,12.454108937872084,298.87788753235867,1.0796272441654933
1733,4.574080116111785,20.215706646102273,294.3385853672579,2.9276966497259203
1734,2.0736292829954905,12.448356760963797,341.0948218649796,1.284269097009629
1735,1.4663102058506274,12.522898842030623,295.31849827994625,1.3257325375174498
1736,2.232826210429725,10.45513561769988,296.3634040635471,1.1143261082722882
1737,2.001195559402979,11.130728139461338,286.44623129956886,1.027666452469991
1738,2.8934481689525535,10.868186213069754,305.1677924642105,1.652952765210295
1739,1.8643279704382554,13.21785950841941,309.86300699042636,1.3959408535371955
1740,2.11321047328828,13.819510113941973,289.0552427428473,1.2490179815999904
1741,2.9902267067729755,9.614047287546608,322.7970104129954,1.7409049540889443
1742,2.0679320703261124,13.721296073058827,309.87914451719314,1.264466944620959
1743,4.719472636003659,16.76589638480977,320.33418683777325,3.246328242165634
1744,1.654577336837272,13.113991801074572,299.09356049888146,1.3696728967718852
1745,2.5348932285231447,12.557113870043386,309.377317956044,1.4237066558665195
1746,1.5943144448382005,13.584434558959913,301.16426309226654,1.4264543626521393
1747,2.149492320896843,12.230716676693246,331.2382678908407,1.1818060250998075
1748,1.8342556375420664,10.500200095305791,307.09275447267913,1.2532962803658565
1749,1.9337323080976923,11.88375762784947,305.15757106967,1.1048437594181664
1750,1.5016237059864797,12.567221650717487,296.75164401762356,1.0389166939936842
1751,2.470094527606863,11.762442788312205,295.71265465150105,1.4011604894090206
1752,1.9027709429286033,12.723504894367938,309.2789973468289,1.2750081106105031
1753,1.5747186193874383,11.927732872495511,319.7525742687089,1.250975959963385
1754,2.438441708964032,11.344939748973642,292.6779542376184,1.522502893015934
1755,1.8235521154369438,10.805423778357305,307.2784269891703,1.07435964940774
1756,2.1171125521057523,11.56900307921332,308.31505083834406,0.8539523275434961
1757,2.294495733747028,12.22502881467036,311.45054329476096,1.1126134731460808
1758,2.165912015701012,9.844669015318454,274.26506476650707,0.9083282176619863
1759,1.2311775573253376,11.141915948213475,288.3548114052022,1.6222600401142757
1760,2.2433748453422253,9.803638750748162,280.4147986378058,1.085123215266087
1761,1.9647851830672052,11.321217660624157,305.5919196797314,1.3976818884981217
1762,1.8848399561188336,13.317046207715945,288.7824793419744,1.4007168619359194
1763,1.9618237678586723,10.69527198009828,296.0676598683185,1.015879636172679
1764,1.4364885221206216,12.773475720447463,283.50295056960476,1.2289057387700177
1765,2.067259820131631,15.133707640043552,297.74174233097955,1.3096022605792141
1766,1.5224630192017414,13.598891944383084,284.76613517806214,1.532792897107548
1767,1.8999561016551791,12.146864718430333,318.64235195659313,0.8034811466329916
1768,2.054692551038374,12.94427790137613,313.6261034563204,1.2581289390893626
1769,2.3759129807956647,10.49334891731953,307.7041270665384,0.8452682229097561
1770,1.7131353940490999,10.26924388124839,299.56504526574975,1.1396715593086668
1771,2.508055580146096,12.031567919987333,268.3216382065509,1.573603645089798
1772,3.610972252451612,18.931170348684297,296.75228074109276,3.8339409032162037
1773,1.8497065901283123,13.203844712674165,291.29378221362725,1.1657880986007219
1774,1.611937756759089,11.374361644458553,309.4509359107794,1.0409322071034917
1775,1.4946643362193526,12.212735032797811,316.1547290384787,1.2505200449701632
1776,4.162223521268169,17.983007145847175,310.84338792487557,2.8663056481672946
1777,1.741950547660715,11.855466483865886,327.7346895642786,1.1059054640037878
1778,2.4197748818486002,11.9202776362526,294.7703437810684,1.1207618356626428
1779,1.7621666595601053,11.059825047096483,294.0240341362284,1.1485688174004105
1780,1.6847651569818098,12.30767814922346,323.6818081202464,1.33873925699667
1781,2.0817692229355096,12.214554978214586,307.9918951016864,1.1701299356804171
1782,1.759883599994202,11.515987057448362,300.5540226702401,1.05827297131244
1783,2.0029924976790814,12.732351692625924,338.2373806081061,1.0659928730882566
1784,2.3450962655204823,13.130614747275526,315.3991498528883,1.1886831495516232
1785,2.0410302660840536,12.745113925573008,301.5702048691865,1.0011248101241135
1786,2.0423375612459536,10.853312347933203,292.6529933543486,1.0596464821777998
1787,2.0718013481179463,12.10961034354819,328.87722808850964,1.3318204602756807
1788,1.4074153534001124,10.997425280850202,308.72594637601406,1.36462974578645
1789,2.1371432124756717,12.106210220929816,305.4413045516917,0.8605875646200847
1790,2.0559760518540635,11.001709633278095,317.1729756941916,1.4068697308416962
1791,2.3125140644441973,13.404879671090264,320.8415814233715,1.3419429882422735
1792,2.2120337803979915,12.861664615921827,314.89765972083615,0.9503484016684787
1793,1.92931797893807,13.268288235876629,320.911560361375,1.1299217676380602
1794,2.3613375120287414,13.156894299215047,313.1247384602483,1.119919112747915
1795,1.8975792558355478,11.702340317268968,314.9880305017441,1.3416751471170463
1796,2.0865049864271965,11.531829282119832,291.8305186128182,1.1301594223965306
1797,1.8910976993322253,13.915896211570168,337.5863698691161,1.1925611598772483
1798,2.161615231723124,11.818368384810343,282.79382013816735,1.1778328059065
1799,1.8682285760767834,10.509961293280801,310.5687970609545,0.9143913189525725
1800,2.5766430631295485,13.108213407032407,280.9381929527851,1.6805895669446882
1801,2.706076958028974,12.158153235090094,303.2336827009528,1.6315928138323734
1802,2.3058783889651018,13.65653853637688,294.7167145183745,1.106660233091558
1803,2.53945382729491,12.267266645778934,307.4436056841917,1.4129786432689442
1804,1.4612749316993336,11.977998363918616,311.1516382644376,1.5689584024988121
1805,1.5025177898537518,13.678732889652158,287.78599334609737,1.3596413321987157
1806,1.8874538016790754,10.307687020459314,304.4705398108716,1.5189508253875137
1807,2.014430837840607,11.356101464936692,330.0861360042131,1.7836951178320302
1808,1.930627403665117,11.023900730959271,281.3792282449737,1.177663187091069
1809,1.4252526626284663,9.585412243569387,289.6270321550828,1.2816947524812274
1810,2.403057097213276,12.960494070818264,320.493583662476,1.0995911637642506
1811,2.7539693816749278,11.386839744618767,306.39598663843555,1.0983669724829062
1812,2.4483456877104177,12.995904845811232,307.72078873684217,1.5702373237030454
1813,2.379933144075265,12.427995140358064,323.4014422764619,1.2159107543674932
1814,2.079141861800961,12.667856713290453,290.70676336763074,1.3788292100676065
1815,1.7049509202455022,11.499060571075288,295.6519658582433,1.4675228098561495
1816,2.0253848184225887,11.159327041616447,293.4324464035969,0.9841925874176044
1817,2.7369558128945264,12.098736962741693,298.73234514795985,1.3396994831463813
1818,1.8768041606225303,13.011085001638985,329.1113975290582,1.5580437067940383
1819,1.8407649632616203,11.944579793967884,274.3805582805588,1.2012004481963237
1820,2.3875562806863697,11.227870045104478,283.50406140361866,1.1580624149959307
1821,2.4107901177609583,10.681080099461806,280.41770478872274,1.092214453529194
1822,1.7032343679788187,12.22457931685621,330.2304911123474,1.2245507481291362
1823,1.9084803853669021,11.390525711578608,293.94080117540426,1.5066043881132098
1824,1.824333076434498,11.921085353871286,299.11987437047003,1.355602917173606
1825,2.0243912826713815,11.737343339526475,275.93658479742317,1.236709430064372
1826,2.3862903348330224,11.511125927847,300.27705134901345,1.6072363223894548
1827,1.7185903676051681,12.323183916835463,320.5973909751554,1.526669861716858
1828,2.3813826842829275,12.609954492558519,309.5532268689133,1.3540960932670154
1829,2.035577937122458,14.161806839115862,303.05844707662476,1.7559834052731607
1830,2.8141672477099973,12.833764486152964,276.83206054186866,1.5482363532275016
1831,2.111590809529806,13.753050562421555,299.0968624284565,1.427077204694749
1832,1.9660785006297572,11.09953959145809,307.64446575066586,1.1220910798632897
1833,2.2011501544905974,10.238960752200274,287.1471525734005,1.4048465180748388
1834,1.8819988167394766,11.984126718707826,316.78804084360183,1.1586771308375747
1835,1.371654406826861,12.943829968564009,320.93123383961125,1.5291645738594666
1836,1.9158175890051157,12.771277889975373,295.4843232442263,1.6822791889690571
1837,1.9102972368257713,13.332519729559232,318.0649794878907,1.39519831170891
1838,1.4426888888075657,9.209800105116273,303.0246872452874,1.4817256273330979
1839,1.9744376835719275,13.378274584372628,325.64848366841863,1.045451500777023
1840,3.667888961865174,20.529582987699335,341.6147118810454,4.958828071489057
1841,1.8783096076955823,10.301585320362486,285.31402132520157,1.0072846306326182
1842,2.0852585972156352,12.795881731401685,318.85071926384,1.381756686686913
1843,4.583553763204597,18.541053064962664,328.4893621909291,3.25569188379855
1844,1.8561256844896137,12.419352228435855,287.527753873667,1.1764928020154313
1845,1.970064359318175,13.099020065346897,294.64782797206414,1.5332440829265606
1846,1.7255774468827592,12.473302905273787,294.44521223187434,1.5497638564696292
1847,2.003785781797887,10.379892391683345,302.6099377063498,1.2299379189754833
1848,2.0203302423071197,11.8426711032388,298.5854208880288,1.3133502155822543
1849,1.6849125077344715,10.220590312064019,301.4308774150085,1.1418766330810872
1850,2.0936947201781844,12.713968068614781,320.083789909007,1.1508311148942432
1851,2.091508429278159,13.537767265742444,270.8753890060492,0.989422732784659
1852,1.941826530246625,10.634402841192442,287.46991841045525,1.1063630936056885
1853,4.846845711280169,17.361732512174047,317.0587053717776,4.553421532163666
1854,1.950754164660492,11.029393746765615,314.94997067517573,0.8693816420479621
1855,1.9022680141194437,11.50070420086783,285.94624050739895,1.3210937196377188
1856,1.8521624117772935,12.453665474018754,315.07463510546603,1.4175392256001589
1857,1.6601712719232602,11.512623965688725,328.883605222756,1.267706591673888
1858,2.2400640759451913,12.717783189968927,304.1175227396208,0.6951300446479498
1859,1.7598135611931924,13.171917747083572,286.85670160285,1.1840151623489983
1860,1.8012181485507865,13.211935187462204,320.74917661365646,0.9450312922058501
1861,1.8116154541614906,10.770000795093388,336.0148177574757,1.0993694357591186
1862,1.6552697694530212,13.524521838919995,289.04947453808785,1.5616906192374889
1863,1.387120833609347,13.612679513363863,305.7065373311006,0.9384779069835141
1864,1.8379710464942822,13.707947924360885,324.62280142796635,1.052479524087023
1865,2.305667359449302,11.826403698310534,307.07645686933733,1.4219734431506037
1866,2.068942931912835,11.172973279358695,273.54866600585444,1.0624666528067106
1867,2.546201344565844,10.917334689371907,312.98151893814435,1.2233155098489363
1868,2.2628347067462142,10.7880421247677,287.3814445461878,1.6479304835637265
1869,2.1833876835959156,12.012859447331355,282.12699321810777,1.2958561041789103
1870,4.9680039400708615,19.518733961820935,273.90053616225566,3.9761430439108345
1871,1.965999041748876,13.437214285086078,326.4273312769823,1.2996275826720405
1872,2.0220764857267333,11.465887172001414,289.9751962576863,1.2326319010529811
1873,1.9959874524189518,11.957442906211682,311.0000512444617,1.4528146423172787
1874,2.5403253559142422,11.88539369125841,315.42117975042925,1.7562402150397687
1875,2.0008803607606818,11.301191725148348,307.9127418166736,0.8632970800989124
1876,1.7731029190730134,12.809324482736681,310.3382740395315,1.2238258999625031
1877,2.2056864382869983,12.399133071285549,311.85886557319094,1.2167443968574292
1878,1.7143090661300402,12.156005492631566,307.4857583596171,1.1631161387548443
1879,2.1867150294148736,12.394135983115518,291.3171287423116,1.4171296272203258
1880,2.1448443269496424,12.676996372753232,289.7119310812714,1.2639654639335083
1881,1.9337090662677263,12.665980721043427,303.11033220483336,1.5877312656256137
1882,2.1980340502303894,11.077661048265957,302.7290471351177,1.443583772889612
1883,1.479273524392077,12.98596140361724,312.72775518367837,1.635634124997194
1884,2.0570367424637452,12.280902729448615,324.8297012089729,0.9621190699972786
1885,1.838032115366644,11.521922185521708,311.19029649025083,1.054522972588152
1886,3.001792252049582,12.257652660590788,290.4040930558911,1.6574143387859892
1887,2.054538774374073,12.378925224397559,265.7391953348489,1.4664084471962253
1888,1.791262782575797,13.189962033880537,291.1591302941722,1.0327074783364376
1889,1.5175943923814215,10.849228808666302,280.7991734925225,1.1520422323149575
1890,2.456892168877993,13.457482789019613,291.85330035750565,1.1009791889091107
1891,1.8774885481666779,12.02548299194081,309.3609857995738,1.7596108772739356
1892,1.7230267765236031,11.443231424176542,306.51902914109615,1.2175821179805189
1893,2.117704724903171,11.409566090157153,338.4471971048878,1.3142902446705316
1894,2.227401590991979,10.898495465823162,313.69546793747935,1.0029034265523693
1895,2.221883526623335,10.084993627867583,339.3650110996646,1.4213910596160808
1896,2.0069126480707764,12.745139868395125,317.87250927181867,0.8452953457735128
1897,2.055716547910352,14.178975040464161,324.5427213794906,1.0060620511865392
1898,2.081212976488246,10.220623116280603,298.53975911082273,1.0576825486356483
1899,2.117738692970106,10.954529292476606,285.65883290007275,1.2520917475950402
1900,2.1487098185655187,12.826741508059866,296.91872196558415,1.054652303265235
1901,2.383058462956941,11.949799400461435,304.786348447796,1.5928398918448938
1902,4.364006591131149,17.998225215420398,293.6931400879096,3.5194539548332555
1903,1.7141188569593733,11.88810742453628,286.9794363595247,1.1111161315508724
1904,1.949497903913588,11.361309750806985,312.5030784635737,1.401053692439173
1905,2.263823286557249,11.751573678259556,286.9028510084495,1.1631047216633092
1906,1.374715214565304,9.37970163551844,277.39714493386646,1.3165013102896457
1907,1.3767367316198136,10.742167219786689,284.80244994984326,1.6122373905262302
1908,2.3213966424873136,13.043107311640572,300.78160121126155,0.7714125659036312
1909,2.5320429858979647,13.31108982859673,287.16345606023856,1.516805256651675
1910,1.5571799877431842,13.546782660601547,300.8943817402668,1.1750347791103442
1911,2.035160744791513,12.484956281092837,315.8079974950258,1.057820306054102
1912,1.8601592104790448,9.518324238285103,315.3399748435403,1.603360654832851
1913,1.9087094607154316,11.301492817894143,293.1051336363924,1.0987578231837585
1914,2.1069358530647455,13.457121244203496,281.5290514332989,1.3980440925548892
1915,1.5474954198462378,13.785359662551908,294.63877762731425,1.3787051828690842
1916,1.6124738748276597,13.498912517307968,316.8016065761039,1.3667041036845675
1917,1.8945620894775712,11.74012228875322,321.0055321228022,1.156561840219785
1918,1.949118540737044,10.562766546767978,311.35201857860034,1.141010253269457
1919,1.60591571301054,11.95530525104567,326.62584891791755,1.5987791331835732
1920,2.2763766861762145,12.016287720053288,336.1256381531487,1.4319224575546938
1921,1.8538536594111383,13.722121302100598,296.3018972936685,1.1128790600002996
1922,1.852363837876604,12.250570430134433,331.75813857175683,1.0039026336820296
1923,2.0989305765804653,12.018349296768848,300.3101086257486,1.0889776087133929
1924,1.9548821033763752,12.080844662957805,323.35727655068115,1.397520428767601
1925,2.2931168845170347,12.439844712738955,317.7543044361097,1.4872888597266651
1926,1.6733021117697668,12.689084094667725,269.41294845345277,1.3750276265076427
1927,1.5109146910277842,11.203008822580205,287.6079115713178,1.020168477429785
1928,1.8915743526704873,10.836617565911874,283.01681750641353,1.357809488705037
1929,2.0210826605272545,13.507614373545168,272.92315343073403,1.460982327865525
1930,1.565735419565868,10.194854576120747,320.8276697011218,1.3478627446273872
1931,1.5142862534049093,13.80152220512525,342.2378933921612,1.7375113172991972
1932,4.659747196570073,16.076632133110145,300.36189491541705,3.4401997738325396
1933,1.7347768014397633,11.357004753885876,320.37481997659484,1.3791675111221087
1934,1.491620899047578,13.069039367641793,331.7232557184334,1.1510253144785154
1935,2.337869452309922,12.0003760779861,308.7499706032897,1.4802018417752738
1936,1.7788718644755177,10.551875515861974,304.54436483152926,1.3519107625405258
1937,2.402434061352875,12.469070969538596,300.5776173006423,1.6574430675947276
1938,2.0099647768882996,12.073704775980529,314.67605987968955,1.300001296208705
1939,2.1031656017193563,11.762346882713825,320.74449290058647,1.1255846812147878
1940,1.9259750888661016,11.313685480138801,313.31248830870527,1.1050737699968234
1941,1.0706932144090062,11.96193340051634,312.6943353647036,1.668131212844727
1942,1.6021247281312037,11.359886226852408,304.0783477782568,1.1928380309336308
1943,1.9560016890984464,14.677985935734075,276.32681854869,1.4705833049867711
1944,2.1276551980524467,11.73598113300155,321.15889499761875,1.4649051651062301
1945,1.3736140921641578,11.588867350798978,281.87674784693274,1.1361020943327291
1946,1.9812394022488387,11.404200239963432,316.1489415575448,1.2078832046333177
1947,1.6072075694750891,13.954645927122012,318.6032596998732,1.3050698394466294
1948,2.082117057781379,10.197026434314877,284.47222211916693,1.0477868703470727
1949,1.9932097250050613,12.395375664089359,294.05958576910723,1.2876776631154727
1950,2.2602255608503508,11.736781030935955,343.1865419250154,1.5328005730775283
1951,2.3733880255656317,10.434259884893786,303.56931971835115,1.4620129673721336
1952,2.16064646474591,11.099016039350571,283.0361538421787,1.4848980497696163
1953,2.3011377561397013,12.348649393296416,319.41582631483476,1.1107167993965805
1954,4.1380890575258675,19.719928540896703,291.09184629968274,4.142637803378696
1955,2.988091093943501,12.285520321042048,270.4305675958263,1.6326648701050492
1956,1.5734133162267916,13.902068551554986,314.3558518648364,1.3570717333796871
1957,1.8152854777317375,12.18766074493907,288.5008793159037,1.286361854663525
1958,2.3154755039614123,10.401136273623054,310.78139016000387,1.4516824772400057
1959,2.2634524567013474,11.06852411196842,290.37157931415743,1.5043426889345763
1960,2.170586156699822,11.68605368738021,317.7296754968543,1.355255214903722
1961,2.2363615302975877,11.612541369105875,308.30296984290686,1.061486091234594
1962,1.2707549958878857,12.16721522962751,258.39424539873835,1.2486444227486428
1963,2.556254543088242,12.343687236285874,311.8762257326826,1.4896554761648513
1964,1.9286381643966848,13.903580750630745,299.784836088253,1.5031597287206473
1965,2.436062963794798,11.995908368403317,330.50091755943447,1.3091321696224534
1966,1.2882656973612154,10.732586108436498,312.11374128228533,1.1984607181050262
1967,2.089798976218417,13.269186743273423,318.6108411875543,1.6217895050195286
1968,1.802774202299303,13.389327034459127,292.21026558162333,1.3212197191994945
1969,2.200242053053456,12.255687403406567,290.7787804852767,1.2582864310964632
1970,2.110974658364096,11.728966165270142,304.53831204090983,0.9737949946781412
1971,2.1281167291247125,12.684801042803967,298.5089097177107,1.2130915823480592
1972,1.629370409118978,11.767812204952516,329.0841629397815,1.419796608621091
1973,1.9800608077134862,9.738720178344767,302.2402569429801,1.3008426869441325
1974,1.9369415332247306,12.619821711269713,282.9532085002929,1.0664083965087419
1975,2.1733585145976013,12.981476624672036,290.1035435536041,1.2066188481585922
1976,2.3462539484017135,13.585195953417262,322.37091952305207,1.1487337376629128
1977,4.055316578330691,16.755318589097875,301.9893678032673,3.888737229751708
1978,1.5533396990639905,12.2487818474474,301.0271881769043,1.4986780503865704
1979,2.0376525833483687,12.27257951363828,324.0833762459203,1.0959836564997552
1980,2.913876679943242,12.093920815674196,288.5342626004202,1.4674084199154422
1981,2.576101864445725,12.126341642114838,264.7668266283081,1.4546990313769568
1982,0.9589601530348053,12.040849616914663,289.6484003655804,1.7516948998381336
1983,2.022170103793196,12.232924341741098,309.35760359383414,1.1166335753607994
1984,2.3262418338393704,12.81474913739489,300.50879263391437,1.0368174137760366
1985,1.9361855456012071,13.342316277042748,276.9122668384802,1.0001616258497807
1986,1.8389681779496407,11.168034337236998,323.2890715643279,1.24809277913982
1987,1.9065625247207791,11.810468509732999,307.94294502952005,1.1518626475035285
1988,2.1932663199021283,11.535131068123578,312.00226450484286,1.7217139994492459
1989,1.598035508968747,11.377760407079936,312.55298467610066,1.415795957763571
1990,2.4160410280632796,10.22236544316337,281.6265635747019,1.0735150459367675
1991,1.9804024529056758,12.026644701438258,310.45182049573083,0.8931031897078459
1992,1.6727415040609577,12.527252406499818,321.3341680976361,1.3438931516301904
1993,2.3935225564895433,11.82939027291124,325.5255841466718,1.213542582534236
1994,1.4592041832109257,11.990146313963207,317.98273985023314,1.6417710591748682
1995,1.8056764660494458,12.460280620700045,314.23633385465644,1.2790297492002072
1996,1.7999137271501926,13.552231664679995,273.72641723413255,0.8275166480108898
1997,2.7503796783826457,11.53825901752466,304.73117625000555,1.3339569373542794
1998,1.760242730976195,10.711226674232721,287.78166171014396,1.0994337176284263
1999,1.2457621728249633,11.900515838307024,328.07902187503447,1.62973220763868
2000,1.7963647096523006,14.07191738970694,325.3468308627869,1.0143299129152457
2001,2.159442621591672,10.723009385728773,287.89048140703653,1.2458166885397304
2002,2.2744295913042616,12.715149265138312,304.1723926932917,0.9779569961075718
2003,2.79678889270497,13.273704552213626,309.47316998312795,1.5821606075184982
2004,2.4924141498450583,9.397912358666314,321.2142426348026,1.4194882138702216
2005,2.0657729078703033,12.451244775969334,274.8388715023858,1.4948977087174213
2006,1.688004586348828,12.663751700780404,265.22679835092265,1.3075197676046528
2007,5.21678841863436,20.416718640222427,305.6866731951348,3.205537629426064
2008,1.871002757385819,11.28891758280131,259.43449719724225,1.5085851905528689
2009,1.7696449673248884,11.350271412223622,307.85430337661717,1.1952024574056914
2010,1.8540241692460755,11.638574654536816,315.6597399244894,1.3674987195188684
2011,1.5616991163861167,11.667694365143445,327.24943834989995,1.1926854445119976
2012,1.8372429680901585,11.460145252967555,293.7937714773921,1.2340495628401433
2013,1.9184120845075545,11.62107722204931,307.9012696304328,1.0437403658570523
2014,2.2557298120342413,13.30987100623129,316.72717711388583,1.3036906331276827
2015,1.8641690827146435,10.664128343193351,283.83703984854156,1.3718356418870723
2016,1.5563892653565197,10.07603573440125,321.4762603595288,1.2191144352296464
2017,1.438679745660155,13.327463617957747,309.9381618540977,1.278846672881954
2018,2.0733494116330906,11.78878046472536,294.10196604729543,1.2745917254049448
2019,3.940570397496309,18.406735450895823,307.5448503000607,4.168868731815131
2020,1.8059905510753913,11.877661163894064,302.4919792667647,0.9189950622961212
2021,1.8363902388277753,12.23020437085704,319.04133110446156,1.2867001760507466
2022,2.1359704264797097,11.423543650169798,298.51171837735524,1.1895533388022577
2023,2.4866911887912715,12.556524240412033,309.08762888081947,1.3163491096601208
2024,1.7269493955496042,10.941511168810214,293.8232308732404,1.3489480624706838
2025,2.031115992675401,11.667991204365896,288.11882890354883,1.3327309934861877
2026,2.335394641401863,9.563834119186772,308.0875902543773,1.2352933609712107
2027,1.7283599984309626,13.289460848350153,288.85818199366577,1.0197390932134656
2028,1.9945287599028432,11.806303533784407,319.41044524607884,1.0723006000466913
2029,1.9867015389193168,12.737114500910874,315.66018557918824,1.3170988955333465
2030,3.3512166791686644,19.5461186781913,291.22793978581,3.2509842343080666
2031,2.058974578167968,12.604795158408454,308.84804777371727,1.0921349273705578
2032,2.011040637511551,11.991446918568219,291.14540179398773,1.043195840238972
2033,2.1942794873586204,12.427050132013091,276.12236949556984,1.3462112735761824
2034,1.5845897338687507,10.942587146126861,294.24994698595333,1.2592089324119302
2035,2.003489634841429,10.711703588147294,304.09429707309124,1.3505506622852232
2036,2.483606922279533,11.888783473144219,314.3853570484436,1.5161925526537217
2037,2.7271249411693,11.252245981564657,307.6906387484661,1.454658457985238
2038,2.4480452441400633,13.568010590574369,321.3381430705081,1.5103762214451368
2039,1.5880249730224152,12.412658872237822,287.3390089145017,1.3295160046042958
2040,2.157868438715269,11.211870470867407,298.21942901758115,1.2685051138822458
2041,4.235741331525649,19.01486778408767,334.59860063179383,3.1721842876579043
2042,2.0993652075954725,12.146307240186909,270.24055904688515,1.0117398070236037
2043,1.7297241529780767,11.925196748236191,296.8648224933321,1.0604905473145627
2044,1.400284295351695,12.298920636227692,285.7131089402723,1.352064411360374
2045,1.8794189664550585,12.075519998908538,301.48282872342656,1.2315940729212154
2046,2.2529109438135055,10.470277576682912,297.1799452261499,1.2694284323085776
2047,2.100799914415834,9.634004975745698,315.8387978856215,1.2632457630059941
2048,2.141031750970024,11.58903005061881,309.5993718693711,1.0749450546157682
2049,2.075722613042782,12.616541975608193,281.49888370561496,1.341712941230584
2050,2.1415846161959986,11.601394061980063,294.4130826827764,1.5738854108363391
2051,4.500801173604128,19.878035377341508,304.99789311573767,3.7996504178072357
2052,1.9038614998658836,11.94842463077121,318.30885591270226,1.0728119332380928
2053,2.0290116964968656,13.492915670677176,348.79321312423866,1.0634386423380011
2054,2.6101404312043917,13.267093783190736,317.6503242011975,1.4404563727802668
2055,2.0497108601503986,13.156415551691914,286.7750014301093,1.0963300798475346
2056,2.0148972237588714,10.6761372023723,303.3107854028145,0.8540674737487912
2057,2.03600957752924,12.018854734770521,308.25757151060856,0.9094276393139661
2058,3.989227121747679,19.455696281309553,295.6509643338166,3.1560716740626518
2059,1.847625412697719,12.299579197233843,313.4646405068218,1.4702896169379993
2060,2.073037483527901,12.609795895498864,264.11521240879125,1.5231786019916478
2061,1.822999679314297,10.473323964372817,314.956693183904,1.2640583558695804
2062,4.248114116342211,21.679064318267464,296.4250263962515,3.296207352222491
2063,1.7233198527157996,11.129488157178042,303.02530582948054,1.1583279125092876
2064,2.037804131587011,9.806132344074783,331.383012902477,0.9025799644230592
2065,2.2044682304616097,11.613761688392426,282.2926908390394,0.9191059564524663
2066,1.9258297990311797,9.307767763326826,309.90894701486894,1.2543532733395986
2067,1.2970675470887394,10.806362340729716,319.29058842211606,1.6042707298949086
2068,2.206630040419415,14.814363016414891,308.0660562491534,1.617292295307486
2069,2.042064344965916,11.581955144746459,275.94453850063684,1.1844429302332475
2070,1.6523689924952891,10.42943411522223,329.3071392914239,1.0009414282661238
2071,2.2706445848131454,12.02782767522273,301.1956270926856,1.2195650180222015
2072,1.5105511797494535,11.012415880464827,295.5042646985955,1.287244248764111
2073,2.365892665363564,12.950971119641324,299.41130812052745,1.1820801301804222
2074,1.9799216831234754,11.021500742675356,298.1213649618995,1.2689917967801314
2075,1.2058972236179344,12.297807081148674,283.576765890504,1.3354650258534173
2076,2.062415355542133,10.738235059440296,307.96911054939176,1.2284816925296629
2077,1.8578326711681723,14.858930959269609,294.249805857548,1.3424395827762021
2078,1.8051027478619024,12.553986092030046,317.07598889869695,1.5067385173809813
2079,1.7417959834903236,11.839943622769287,314.31671888507327,1.3020767582922252
2080,1.9554744731990445,11.677745924305587,334.2620494117486,1.409813603625997
2081,1.8301839615915005,11.391040018425699,301.19060341929173,1.1285232840792352
2082,1.3501584148840653,11.16299517221173,290.54150448119333,1.3925183966317494
2083,2.4452237603370217,11.132763601200695,278.5446379672511,1.588503926304311
2084,1.9144748204133681,13.846161735508147,344.4801809493466,0.9300718488132321
2085,1.743822744442608,11.392124646506637,316.9179439372904,1.1587480113098316
2086,1.6050517111091342,9.657639202697737,292.5364414187638,1.519279751883887
2087,2.2697562236085225,10.717435507032116,335.47679160680843,1.2014387091548164
2088,1.5455488108162163,13.020497081999052,329.41092290994857,1.2667951236360824
2089,2.0468955556502886,11.722443537749529,280.67700495580755,1.148253092570547
2090,1.7957228493442465,11.852510239849991,291.4374522484885,1.248467847537469
2091,1.8161031188031838,13.286795896561003,302.61815278711333,1.4375076061321976
2092,1.613754164158435,11.145116751910466,285.7384682719647,1.4743578110876123
2093,1.782888198617419,12.695659494343994,303.26156966760465,1.2305739688795458
2094,2.0030843370274,11.265328535233648,317.81531503591617,1.4184834213790984
2095,2.0823592792221475,12.633464300427567,280.28130455019874,1.272428423190342
2096,1.7250426315509575,11.569751224153375,310.27400986353086,1.4171849662428198
2097,1.968172959146905,11.73429590765874,326.0329635577887,0.9949338814990791
2098,2.3109590508396476,12.902147023262405,312.2039643068694,1.6057278654660694
2099,1.4180800050678246,12.82282728845075,303.63890561395834,1.4472211391302034
2100,1.9978058592428491,11.818029216054956,292.9741683276274,0.6503410190886344
2101,1.6672256191092394,11.481213963005736,319.9551536977883,1.5983487078402085
2102,1.6315605397592141,13.75906234292982,283.8154379831354,1.2824595677596453
2103,2.0913540295493354,12.648263892647766,309.3702525997122,1.125908542998662
2104,3.843130504191688,16.157452270598462,305.45928319495965,3.0457430556201914
2105,1.574118905817715,11.28160720038127,325.26099847177477,1.396725197536014
2106,2.4634991172244955,13.127387257636354,294.51052230076,1.151221075213274
2107,2.32203133001614,12.126940094658476,296.0407553859239,1.146841213973032
2108,1.323692915274291,11.820091705361305,282.6464323286344,1.3638591429477749
2109,1.4839501551992762,12.126472693118853,312.87111694280736,1.3013350566508632
2110,2.2077099749615385,12.37157656210069,297.3713148254195,1.1228444102727415
2111,1.9002941584368855,11.937641937826152,289.48266840914266,1.3765275792360576
2112,2.525201125524235,13.324055553527295,291.1973071998089,1.4197141943106937
2113,2.2157177394893535,13.385272323833185,314.66789893633234,1.3065278335470947
2114,2.1048129333488994,12.585076931121979,285.14671100498487,1.3287118933017779
2115,1.642348057861097,13.51219088954519,286.7450126303657,1.2581300929962973
2116,2.172004103202565,12.009346444952044,321.1345056593129,1.0136893810863465
2117,1.5534826158373365,12.759364105505076,302.0098296350695,1.6806611604910568
2118,2.456835586693524,13.104901950759135,322.19801154771756,1.5107261828876521
2119,2.147748506156385,13.120942108018271,298.53159532443505,1.5356631754299828
2120,1.7113092981348426,13.007599062512178,304.97973381086064,1.456913076998328
2121,2.2816370998463102,12.694308113489853,307.8133868948519,1.155517392832808
2122,2.7845337111977173,14.152840927201895,329.97115280864284,1.0997002987376248
2123,1.9238340150666922,11.40633463620796,328.50571087178486,0.9576614692509673
2124,2.192644616391952,11.829257133683768,325.758266687462,1.3495715782765287
2125,1.8488597381081495,11.764038475684853,293.68126034116295,1.1933564433915422
2126,2.0298732761664207,11.59512614075981,287.2370677511021,1.1165654757942
2127,1.4724679039889934,9.812350752243571,318.6942463350963,0.8678633670627901
2128,3.8228032470940376,20.807459000244442,329.7816746414147,4.288964413039736
2129,2.015252065440714,10.871355495049094,325.9307371781373,0.9837838652496644
2130,2.629649221895662,12.186796399620707,305.2348866320016,1.292998369427103
2131,1.3717489105538276,10.435952704557625,318.1005538077347,1.6068404782136088
2132,1.9016907893122772,12.682787303791713,318.41697775553234,0.9999704297268239
2133,2.4508410262408624,11.136064360465783,307.68097024482927,1.13521671749051
2134,1.9153799764704353,10.750441883480036,308.462725245266,1.2414123945113102
2135,1.9400304634552508,12.213777810929876,306.7675160624505,1.376630225510697
2136,1.708359341291239,11.229191961469109,290.81426240097977,1.1704913852058887
2137,1.6735881169080349,11.36842499430499,292.6510561239929,1.557369911458767
2138,3.3959118332413176,19.846517453777615,292.3731734928265,3.2019764826442794
2139,1.7797746633245461,12.87998839899786,276.2137380179149,0.9382883992266082
2140,1.653725730710757,11.099759463341117,307.5714786922714,0.9640863220860281
2141,2.041313591779976,10.90968827860935,304.26967928892395,0.870587334837371
2142,1.724316129151694,12.025832033350502,318.71535444230665,1.3129107510195666
2143,1.8321431552330227,12.593177838283891,327.69291109362405,1.0213476883232404
2144,1.841728112429819,13.609030711046687,328.83729856723755,0.932991521467173
2145,1.9831421861983698,10.821537441876929,330.5323782495755,1.2761298505588234
2146,1.8150172102583058,11.650236188602582,291.37254150879784,1.3853210289385154
2147,1.6283748685220039,13.293364627582779,279.22473299623107,1.4930348223907024
2148,2.0300182553817434,14.170403989752591,321.75338440517777,1.375597550327653
2149,2.373619125692614,10.90759990076037,329.87840188761623,1.10013405744147
2150,2.044963168526771,11.187306888212685,333.00786404978766,1.2564312048043211
2151,1.7865628466164822,12.419210104070846,313.7299317744628,1.3267075665451604
2152,1.9568987582172312,11.364482543587604,269.0593289431347,1.1061379812081114
2153,1.2822785303752116,11.164845070039052,311.5809703418047,1.5420248855571626
2154,1.9512090376613973,12.268917667005798,314.99793562236937,0.9511046888112196
2155,1.8598759708183346,13.704361949113755,327.5373503826546,1.086260810913622
2156,1.6732888746977208,10.559569475390676,330.7333164916982,1.3384015567553855
2157,1.7367655766838113,13.648167518557464,321.373401260936,1.5430839478406029
2158,1.8564179244611236,11.367753859558823,294.4289798306746,1.4426574101139988
2159,2.3473603966022716,12.380371113384019,286.47588833805213,1.404567242623476
2160,2.3822211458730322,13.749935793212046,314.6113007326935,1.3035958103664513
2161,1.6751561934547663,12.357855951532324,290.7365280123398,1.2482679965954147
2162,1.8186729193648123,11.672759846980894,331.5524679231627,0.9302077153254775
2163,1.8275935149489977,12.789993184964214,274.3179391276654,1.050733090874684
2164,2.2833409304425434,11.809517177434316,315.203959023104,1.0875982787996894
2165,2.050927293421066,12.573486154554075,310.7516295453648,1.3165080166372471
2166,4.529325524965769,17.525580619394034,301.2781999844391,4.061046411673193
2167,2.1876919146974165,12.947268186687943,288.34790706251465,1.3684516368109616
2168,1.7912553070561739,10.466345138194761,267.8880265560249,1.4626778957132869
2169,2.47736030102392,10.885126213496957,295.43428365069167,1.3511752245014845
2170,1.9993893699029295,10.45017873264526,295.75010273778827,1.003414187202692
2171,1.7004306438328305,11.937927627884026,325.01125985927223,1.243858500222796
2172,1.919625914670756,10.317507959309253,290.90859851095775,1.0589085780690115
2173,2.431174913472755,11.238985267426498,313.14987104414826,1.4431190819561621
2174,4.039643690143831,18.52268663973091,281.7396835380477,4.059045529349229
2175,2.332345229665691,13.627643852492707,313.6444674935046,1.246565687562034
2176,1.7811289725299675,10.910251612606578,264.721393660676,1.3674671619336893
2177,1.7320177061279427,10.584799726784324,342.7153312027525,1.0948698479790444
2178,2.230859093708002,12.273172387142347,302.4607845176387,1.424772869853058
2179,1.6941096037739907,13.855503270017827,254.69898696081785,0.9866220903100602
2180,2.2878890875565934,11.872326212829746,292.08050943992225,1.3110382696282659
2181,2.1230690996581725,11.957408762875229,289.2380798044544,1.1909078025098825
2182,1.694242122936343,13.419833207186324,293.19527362640656,1.4215610869166806
2183,1.974995039601983,12.966052272038091,298.4364548756208,0.9255003564539068
2184,1.807928998304162,12.467956483073081,293.0728912401393,0.9159765372572232
2185,2.122141794834171,11.359425198759787,290.30458261277215,1.358960047999415
2186,2.6607293857343968,12.501553696915273,284.1437068640208,1.3837535643939345
2187,1.8702533889894022,10.503137495112044,319.7922096307956,1.1919400890876002
2188,2.1868216958504774,11.313956895668142,326.6204410742524,1.0889915754424413
2189,2.0085542245836305,13.574608916050774,300.4176711817468,1.3826059808203837
2190,2.008420196072113,13.432191953215234,304.68254029941903,1.2598857819031435
2191,1.9421782077439667,12.481233169268913,284.7260445165336,1.2501388334072285
2192,3.744779274663638,15.720764578879606,306.27837257005564,3.4039748968396957
2193,2.117298982248859,10.670956319218535,309.13934771876876,1.3085565413828513
2194,1.898940387528214,11.252580328524525,301.05082502515114,1.0076852434122727
2195,1.683319970691446,11.81113106552741,312.12934959985006,1.1284611390414652
2196,2.3549606417869047,10.624547734443441,310.55675807691847,1.0025287013736326
2197,2.03465336794582,11.729054904059545,286.02549099636957,1.1694122186291107
2198,1.9201653649298662,13.94402476197089,326.47485524712124,1.416718793387531
2199,2.469019815161204,12.44091946454454,301.2623673230676,1.377326750040946
2200,1.3573714625634508,12.24070929185714,335.16028883450576,1.3594186809774023
2201,2.445487281305181,10.880689039079662,312.56757060954607,1.3409046143030465
2202,1.691934217802324,10.197116734616241,340.476796346693,1.2776655101234828
2203,2.074036388795432,10.648983931902658,326.154845047516,1.2165025689048194
2204,1.7941776860577512,10.152671937154889,309.0894133065355,1.2608845810018896
2205,1.6769496358416518,12.08253878846566,291.9840764008468,1.0546180518806996
2206,2.4598602840889523,12.422274384848095,292.37178545414906,1.3481905605354652
2207,2.6496757985883495,10.938181051898718,314.5946171296854,1.1021975121027678
2208,1.9225710222721224,12.162711273900062,307.5762695082365,1.3187218696359861
2209,2.1174161457680034,13.615893197855511,294.39752775216044,0.9877220923901318
2210,2.019946938081875,14.153467076581961,319.9950790569807,1.4357582942350886
2211,2.605677393073499,12.84745138582414,305.6978839464086,0.9310598099558252
2212,1.2603973433912627,11.807675445645822,320.1021766754131,1.8630922423029639
2213,2.131993204444577,12.811914668263881,287.441538799372,0.8826091882561458
2214,1.7455057900496234,13.486990982045757,322.99049002414705,0.9988734559115335
2215,1.1754125924850873,9.792049048430385,314.017920248251,1.667778043167499
2216,1.8738144658997657,13.630275941576057,326.5562539603143,1.3332966702946127
2217,2.6468170768186936,11.400954497347632,322.5937490128941,1.3943463132153577
2218,1.77038278335986,11.411540749568761,303.47083878725755,1.4101556501581132
2219,2.276767927297614,11.60957923015549,302.0232582684203,1.0866494407971583
2220,2.419535268972178,12.35209255265333,337.09455786663693,1.2256675157905264
2221,1.9955561190831672,10.777620320931357,299.76976755112474,1.1395962603500873
2222,2.042159466443952,11.686704561839953,318.4718065790812,1.0933872807308531
2223,1.3992957327106108,12.57780492714768,298.13503414058465,1.0296716551655645
2224,1.7493426478895737,12.240428374201391,271.4861045575223,1.2327640515985072
2225,2.3174526685154984,12.418895965797617,282.90789623949286,1.2374642873080202
2226,2.0212376839629735,11.643634416380648,312.3065759275157,1.4159071762741342
2227,2.128569504505289,12.763080947708923,317.6203705928919,0.9527291873524624
2228,2.0466051528890676,13.162057734203142,312.36584136596286,1.0734217593515498
2229,2.767201380503751,13.096083243378983,325.627091025083,1.793857020052826
2230,1.8493180590839897,12.47037125612745,312.04268279421433,1.2722808006478
2231,2.5618935150452087,13.032781869596047,291.04577528598645,1.4993105305811902
2232,4.025433134022716,21.670732179955465,315.69743926652774,3.2812318247577625
2233,2.592969641103279,14.944158697352561,308.05294329673933,1.5025421266490018
2234,1.5712576687596473,13.33987377705358,294.63995591090827,1.6745019909279837
2235,2.0646282726708014,11.90238144970119,313.5053474264035,1.2208142197731102
2236,1.8622096256267855,10.997152783918443,306.42866298831404,1.0091230569933987
2237,2.048815317547514,11.712745719764978,294.10999008402774,1.329189258381937
2238,2.427831691933145,11.635036658840022,301.7984160758663,1.1965136391280047
2239,2.1325833618752807,12.562564824498455,330.44420843975854,1.1885596134240328
2240,2.427133941509428,11.22971813029177,329.85598068925367,1.3835022427447714
2241,1.7654226173541192,13.311394888672444,308.38659450686976,1.0687450660256241
2242,1.7120079398666994,10.471480693515174,306.0308088419711,1.1477047064559398
2243,2.005636775598043,10.204222350051943,279.2051722292509,1.295188778157568
2244,1.9864717375631202,11.851372391282116,335.9485720405931,1.0903808140889222
2245,1.9349492209115327,11.073185045884937,323.6541539726234,1.3972160255140813
2246,1.6644788960152601,10.615942760617273,318.53512827267787,1.0703131271589568
2247,2.419528056448161,11.299223049494673,264.0548470923685,1.107697398805989
2248,1.8730069797782793,11.162365588013184,305.7366077118043,1.590887509462085
2249,2.4991273427744387,12.011147764357641,302.71168325025644,1.0434315742644527
2250,2.00446017782142,11.317482132854312,317.29067788941074,1.1946686301120613
2251,2.226950125784916,11.40695220592492,296.8814453561757,1.6012005852688536
2252,2.1951983750372888,11.994647709956578,300.82921610383664,1.2171431537904644
2253,1.7115038408772016,13.115665727808967,316.14943290118464,1.519292154109964
2254,2.1285210225433713,13.61782001203767,291.0755893924038,1.3404055648223592
2255,2.674916530563487,12.16254431873247,294.66723169863224,1.4718670170897523
2256,2.088064288585125,12.248097430647572,308.4798795156973,1.1785241390618277
2257,2.315446858845886,11.798494280974575,329.09274266029234,0.8358405496248931
2258,2.242645145607265,12.529373482064987,319.55245527002023,1.17150366803499
2259,2.1074673804277455,12.429241296642553,324.35727324078493,1.25337324387984
2260,2.0652675512036613,13.458432451397254,306.1397025118752,1.2488884938825884
2261,2.1915604456924553,9.922424907929027,331.91140442809353,1.7151889940431144
2262,2.2671488912664644,11.742052481916572,273.65871635897645,1.299012731292842
2263,1.5267425800321246,12.373108856040409,341.40030593122424,1.4604126154915589
2264,2.086556011183759,11.971087646703678,343.73166155324066,1.437487799325206
2265,1.935572741738439,10.966909664694278,313.219094291664,1.3105907852698193
2266,1.862965604721902,10.570696652835474,319.98072747383924,1.1940572419462023
2267,2.4535875326600007,12.886954668631748,304.31600244790496,1.3072075197628716
2268,1.7433988131776514,11.167381564563943,301.22776946467997,1.1693756049999264
2269,1.5118308288914994,10.069609459343837,294.0043332434419,1.4318276895997721
2270,4.7594655428864545,20.6278819753702,304.1177837072404,3.9322766902054203
2271,1.5028621502061388,12.504881190490671,315.00680256090266,1.4732749031249193
2272,1.3252199227145027,11.872538492795941,312.5579092489416,1.271379429554913
2273,2.317893691496488,10.993993247962868,340.7588552904423,1.2900035311376872
2274,2.055552787696871,11.875214412292456,306.80494182444596,1.5122651316140099
2275,2.1654518695790714,13.337146360571126,278.20108589578945,1.1714998932193632
2276,1.8451503488271324,10.223830785368321,334.5975911820215,1.5829873740743707
2277,1.5154578539368433,10.279624621586446,283.0228229913242,1.3736029442526794
2278,1.5849744752338164,11.309458144796348,294.93096334090234,1.2920460732952677
2279,1.9047338851990507,11.970691944527475,309.89137654431624,1.228769080038334
2280,1.5546589997286855,11.45407891232784,312.50915148073807,1.2567125150808356
2281,2.1074685174659784,12.707098232683721,278.9821102592501,0.8108184751265184
2282,1.8381397216879534,13.197717338893183,291.56349974527484,1.391754221461782
2283,2.0647626165778568,12.306645652068214,278.34591569709437,1.641059150693029
2284,2.0543018448792507,12.616475578131714,316.1908351398061,1.297855068220908
2285,2.1353798440485843,12.29930950722604,326.30083792465194,1.3192608135760633
2286,2.1748188845511494,12.01045890000685,283.00691520356276,1.1818184483258256
2287,1.8796347932272641,10.577085430203836,322.9218791548616,1.4402504895669945
2288,2.0643892433218407,10.869209121637109,321.75401739784394,1.1946332611013804
2289,2.0826028449470613,10.51398967533088,293.13672578159293,1.2575379576353882
2290,1.1498883918173224,11.836644725542808,269.3135773543791,1.3205705543273183
2291,2.2262840110508217,12.25550583437981,285.71739165449486,1.1248542981454592
2292,2.052479768677088,10.405811376740486,294.2853634356417,1.275123105308488
2293,4.292271017042441,19.347539674589843,332.75007524256546,4.05066366956534
2294,1.5496047415934582,11.03726203891377,302.87055364970803,1.5087014817029583
2295,1.8894793886931622,10.823880722109456,286.87709643217454,0.8914927002506322
2296,1.6179646902020468,11.31211564178322,307.66127398913494,0.9920146317098346
2297,2.2606104816745063,10.76747585182045,281.6837419244195,1.3575781141062135
2298,1.5082092102760272,12.667325029755215,314.25812090371426,1.1957532309134307
2299,1.6749708263271876,11.81519514014618,287.40204693310824,1.4423048994514138
2300,2.1870099448951934,12.896735462686348,290.0145726765696,0.8949499898774183
2301,1.7797189137029632,11.512154012683103,311.75885687177407,1.209432265441432
2302,1.6750632701238295,11.553745331927946,336.5042062904399,1.2565029636049483
2303,2.317351800339064,14.0607209048948,344.5601760842461,1.3565207185077162
2304,2.331699114807154,10.214633481151626,286.28242089596824,1.059782582429039
2305,2.2527249173893495,13.41292936776167,294.26108611912423,0.8449691180565887
2306,2.2970483858791026,13.81997644141041,314.27958113067245,1.2871971984411643
2307,1.9189472523716802,12.84239924588765,326.0382082695567,1.3092277832479557
2308,1.9283924588771846,11.636482483691873,266.04649358742097,1.4045675764940009
2309,1.7731715525132392,13.569592278913715,306.5720627403134,1.1591603560767223
2310,2.058705208700592,11.646062504121002,296.2314264218499,1.3572041091202376
2311,1.8152355854359532,11.223635855718207,270.3676184174544,1.3176374883112025
2312,1.848426827925558,11.57290482138917,280.93097996013734,1.478265671438492
2313,2.209965151894015,11.372786886969608,294.780059726463,1.2153736357970824
2314,2.414588735930033,10.95871456258846,306.0586703596842,0.9571504314172217
2315,2.1393910889945333,13.22100861751986,323.1458514847546,1.1981259906907997
2316,2.6280105528348985,11.149206812116038,311.3782660714772,1.454328502375739
2317,1.7530695497885382,11.96738831218649,322.05570986901773,1.3402236368246798
2318,1.3567088762767594,10.411850921661316,305.4810380452507,1.1417576086485424
2319,2.250119761356344,12.033891749924111,292.31097295513405,1.1751269740509978
2320,4.1240562746374305,17.692735670103836,301.69250083032966,3.715735566616928
2321,1.9042077153786228,10.701465594782244,317.5193122544458,1.1846886065315632
2322,1.3805712214576067,11.879783298894308,323.5861190478821,1.3690683305854956
2323,3.3296623617792833,18.889677569264325,302.3382556800108,4.067858377287211
2324,1.4742204041972675,12.484455056513776,288.27592527710533,1.1518656726511802
2325,1.8479938578028938,12.560032424746035,311.04184687077026,1.460494462356251
2326,1.8619069771409675,11.857091102023091,313.60365734915996,1.4156917569522451
2327,2.031486144041873,11.63079570833443,327.1889435489561,1.1555615340365828
2328,2.433903037524311,12.87025470234366,292.7822682867271,1.306384996967229
2329,2.2369171927142366,11.380505121447117,292.9796494232176,1.2263861071317241
2330,1.4322406273263317,12.917877569892465,318.61088355571235,1.4297999744239858
2331,2.2128054024645,13.359541632827465,297.66619572183606,1.108263412103289
2332,2.039114144104511,11.074474538726644,296.90568471177613,1.1152883044756832
2333,1.9657607487873656,11.23610995480347,327.5745176625244,1.1296584896145987
2334,1.992055164521971,11.399734942943935,280.3218990869389,1.135378332126687
2335,2.0715933498301893,10.386341111671246,342.0116565159592,1.1409241185335308
2336,1.7578396231452522,11.483656995202756,293.9725625640591,0.7870200310638455
2337,1.9361771998663757,13.431594710941456,320.6011112504128,1.2219738274760281
2338,2.414378693362142,10.849866903431117,303.04160608534323,1.197532264876723
2339,1.7536329754510633,13.457715719519344,309.88452112769846,0.8630558091481177
2340,1.6395392083387166,11.523211096251615,300.2698430042883,1.20794898641286
2341,1.9784024282441521,14.32543920081303,320.4183797365935,1.1240883774619714
2342,1.6043017401352784,11.25000562815303,298.7481702676478,1.5489951731324756
2343,1.3970259074909817,11.841619855195624,294.6869635067882,1.3103006620563613
2344,1.8794364880238144,10.99879862828836,337.64015286565984,1.3422793722267181
2345,2.5070176595973734,11.243529149055592,305.52888854624643,1.6308025449633021
2346,1.9864885664430874,13.471997083544231,292.8374799016483,1.0744957934977395
2347,2.0625019830568747,12.521990353652878,278.17484138158585,1.1928444567592738
2348,1.2544480746471063,13.131699557095194,338.5804045586477,1.8792469590203844
2349,2.1533439223543316,10.552851768910964,295.0653432238055,1.259903846143656
2350,2.032678051458427,12.720311298473707,342.11308829302067,1.275390681442057
2351,1.767279810186226,10.93141235160748,312.17937832543186,1.1510444272545097
2352,2.0630176649908307,10.528949635663862,307.57193360544414,1.3397929017469858
2353,2.059542566005286,12.26264275273891,308.05718862190395,1.1941986675627794
2354,1.6291792250747226,12.251392166752554,344.8871169069805,0.9160842406937377
2355,2.116148804372968,12.058680364929065,265.5400657504245,1.1370478200577985
2356,2.418997397884504,12.789314253890431,308.8581473511351,1.0686995336164347
2357,1.9202204835842691,12.960922949397045,300.22633506445897,1.2262670555982258
2358,3.6863492135804967,19.861989974308973,301.1643190685049,3.838823222263368
2359,1.937846975569395,10.690622701863582,307.6876133385543,1.2979434922060187
2360,2.29911461827255,13.652217869995248,300.2074253090697,1.2626344171053592
2361,1.5707884062459547,14.070542638665135,308.3863520093895,1.0609317546119594
2362,2.2024953905744633,11.597146981902762,304.575605681209,1.126095006799606
2363,1.7626949395178317,10.164659148619506,281.3559527926763,1.3579007553644842
2364,2.084722078482908,10.47815119562397,311.86458868059583,1.4339053055122717
2365,1.8024840537340527,11.491963480972917,317.8889801305925,1.0429232831628128
2366,3.7760631786837644,19.93196367257662,295.2428188848545,3.655065343329566
2367,2.5330832206822667,12.018788000223497,338.6221294080333,1.7607036201639976
2368,1.506819693313278,11.321097471573006,329.04029142195367,1.343982499643164
2369,2.1698781621409404,11.246057515806973,320.1911413850811,1.2356089410478248
2370,2.60596354382245,10.545005442493629,319.9727733925043,1.2724368788447877
2371,2.239932674265488,12.96203363264843,305.541745146978,1.2775846586161905
2372,1.5341160433362864,11.898724380809007,325.5446978852196,1.6732478519540173
2373,1.551446821879608,14.309812460738677,333.27358301711786,1.371593025932529
2374,1.7369311181737594,12.691030336069096,319.5444322306151,1.4545157917790539
2375,4.678357080824981,20.406137358731044,294.73489984737745,3.534018598145535
2376,2.0790799429311684,11.733684686183054,304.2857341108412,0.9985915442996093
2377,1.5549062059951075,10.799866628009163,315.3260605935696,1.182217757418403
2378,1.6945348895435617,11.039060921637901,320.0794082728306,1.0324249251627324
2379,1.715981129556993,10.49382836172201,303.6054101382161,1.29195734797797
2380,1.9367386171597876,13.0014341917999,294.7974461520727,1.4471789602653138
2381,2.694643410051876,11.576593294029525,333.515725772801,1.521719868707264
2382,1.6733845270317933,13.047750593551273,285.69824513865876,1.2024502365832936
2383,1.6580647584024741,12.14950584253832,288.05602839860745,1.1122238752103404
2384,1.6034008966996545,11.677899808652509,281.11169942897453,1.3654636818122177
2385,2.222440599934781,10.713436881534594,288.01608524676215,0.9820614817408824
2386,3.5330485633876902,19.2829040368781,327.45220778814206,4.094074908775424
2387,1.6863207081405145,11.759503681908525,328.05498961723765,1.4390694724129975
2388,1.8730215456775838,12.992402320750964,303.6671803796269,1.1541271042491466
2389,1.7229713946648046,11.213048256536842,313.93365912002207,1.1865560703010414
2390,2.103561948416236,12.67771855084674,304.8109176027695,1.1726218430333102
2391,2.9395318123787173,13.804933257844791,283.54441713284683,1.8748062292321699
2392,2.192802541992283,12.299811506125693,344.9259261381398,1.2554042267240852
2393,1.9674540197124226,12.86382059801607,329.7453193712596,1.052019256166545
2394,1.7672585793792166,12.629079270795337,311.37954929593474,1.091082697933848
2395,1.5298099713403026,14.087900632969273,289.59398139693917,1.2936250356611976
2396,2.2567914059910623,12.408716463863211,300.95118121094396,1.3000090442532481
2397,2.237773962428212,12.76995473690906,292.53634007444055,1.2268198856257029
2398,1.8368646511582178,11.960096368632447,306.75648033671246,1.191069847990421
2399,2.4246668940299165,11.148172610748965,310.5786171427883,1.3174618943430378
2400,2.0073874286097797,10.671006745750715,298.8597411114135,1.1927878634420421
2401,2.2711662573882974,13.393616472200343,278.82057044767396,1.088042102974798
2402,2.1036689507115542,10.890804691523206,343.3770617428859,1.4278585332727358
2403,1.9380024420428266,12.820450949761776,309.2754814429643,1.1058439272772247
2404,1.6657903860423797,12.457618293422138,313.2186560034997,1.2928617497738328
2405,1.9490621926730651,13.009563879385304,297.3966310506503,0.7894897469214917
2406,4.051801670320458,17.588953379621557,276.88379992407414,3.144663430936318
2407,1.8221527108352005,11.130197094068468,303.5005904438389,0.9990599622753544
2408,2.1539094884611125,12.416209021909733,299.1820038382358,1.0184085244431589
2409,1.621042441291599,11.678424159471735,317.7716188529524,1.7706024881746953
2410,2.2730204176456255,10.645868829733093,321.30939632077104,1.294629269197007
2411,2.1095294677714866,14.132378096574381,318.77053063476865,1.4524024581959567
2412,1.5792612344072245,11.1294510174412,322.78890204650867,1.4772733819876767
2413,1.9215949167674358,10.907004016816483,337.46598453457875,1.400336990645636
2414,2.3260043182614294,11.733650655002684,312.01733131164,1.22395295699644
2415,1.5593386107713716,13.378144426073705,324.785884774577,1.6377898783564486
2416,1.625167416481273,9.616591452564021,313.8894903290431,1.4536371391156926
2417,1.9756760658247274,13.286871976032995,270.7993628003975,1.2086219826247184
2418,2.746665755651268,10.997379148398066,302.2186349116212,1.5871637752888894
2419,1.7645976705861757,12.290977764119079,289.38119287573187,1.205902070723573
2420,2.1733458998549233,11.256392342103819,309.16579995267847,1.228477117571183
2421,2.0910473926604727,14.191108539402206,290.7618171323545,1.1962536296088133
2422,1.7936680349070597,12.137082095306587,315.9022560205461,1.3018504541387665
2423,2.056396673124706,11.22109929462464,322.6585057665127,1.5499031111258137
2424,1.8432578682667657,11.66879954597854,326.66426082836284,0.97369803412442
2425,1.874768323459221,12.098600782391856,334.14670810743684,1.43788073638729
2426,1.4185548340294034,12.19544426853842,274.83156648672394,1.329200191876091
2427,1.9914473177967875,12.482638731873452,283.41799937095726,1.4539765186766826
2428,2.3146827273178925,11.998454931549453,357.70067335219613,1.1927260587205044
2429,2.0200990211728898,10.485121341730412,323.1714269574718,1.2827931176993155
2430,2.38167771628785,11.625705562008173,309.0400634788462,1.2556378777073525
2431,2.203114606080756,12.667324212324944,305.57667518561414,0.8786349012463526
2432,1.979160542784423,11.263128912983099,303.97651735229147,1.548055945045021
2433,1.7802260564476136,12.740059407668216,270.1925619643624,1.040429629054347
2434,1.8298076996235086,12.03488994625359,291.0980761167771,1.2341558236957282
2435,1.4853213341220077,11.760485827556861,302.98674329891617,1.1484521202309552
2436,1.906522388465586,13.313558281793552,292.114522241713,0.9378425080174164
2437,2.0510995654974535,10.08805541117729,294.46755217011054,1.1605787314185907
2438,4.783450212171973,17.045853826453275,351.0571655956511,3.707658991075597
2439,2.184912113147607,13.355671580646653,300.4702452518048,0.9867524894919427
2440,1.697301106951708,14.013054079468887,310.00616014880114,1.2478894489661596
2441,1.496221103568418,14.514591733138872,309.365653130067,1.0558945612743273
2442,1.9277067694783996,12.055391083372134,315.6102709752155,1.228230546390454
2443,2.2841175563897123,12.503687117577098,296.40891021433816,1.2229683077098208
2444,1.9227842821569643,12.899170609959233,327.4456624646963,0.7074961533489534
2445,2.189694461251958,13.402582799374112,312.9841194849212,1.1169684125678334
2446,1.9366060927617341,12.344401128142238,281.831041272956,1.2960932745303109
2447,2.25095015215046,13.018763815790674,303.0649280138667,1.0250764103272991
2448,1.4409596920530188,12.505751180488975,301.90133022790775,1.4898740784328353
2449,2.561463742051135,12.574446336099214,301.0730218040488,1.4756807621655537
2450,1.6106307931217012,10.989793839409913,314.1673424400155,1.0874207421685802
2451,2.2778063154054218,11.637864908686154,316.425053405226,1.243849348666285
2452,4.1002740884021325,16.482702828605476,314.29975549065176,3.9672784469268203
2453,1.9594602348715848,10.692215001063627,311.1004764453961,1.0257016374418972
2454,1.915614332910448,10.183234253367992,306.54147873781113,1.1631104529698315
2455,2.089461604768023,11.534009751548636,266.27827392597845,1.4348498508328302
2456,2.1601335901483134,11.709729440920114,319.00206732088714,1.0438592470644306
2457,2.370426529138074,12.115540783630626,313.7903737119166,1.3741611452539917
2458,4.341415650304111,18.005849680678455,287.27429701991764,4.505539886775892
2459,2.1161375413718457,12.206934467966404,310.05048101113954,1.1759003764705371
2460,2.5997859837089066,11.717397704716365,316.662892659444,1.5051912786669757
2461,2.0325403899878673,10.993361052645437,326.0824471740511,0.7197299682009959
2462,2.3771041267885233,12.96477600725134,314.18542597712997,1.178459897240834
2463,2.1500518855171515,11.88799556098166,310.78883252269463,1.299375726445627
2464,1.807778379001122,11.5228312254924,322.04190171501335,1.2673383127873412
2465,2.063431954032945,11.794900289345403,299.4822796365059,1.0979384907480378
2466,2.1761101571281936,11.19398121790982,312.41605795271096,0.9976924713499961
2467,1.9887306540090874,11.416258684247783,293.8199625043312,1.3257691753342868
2468,2.1444997812991446,11.381295855380793,324.9853407371835,1.148046764572937
2469,2.3028770357644133,11.683928840199485,276.0251999433799,1.3641101396018636
2470,1.9918194003014376,12.721330452499899,319.70126913470585,1.2760847804303583
2471,0.9696393159611316,12.447823275394668,305.31876131326413,1.7475022264141293
2472,2.58739455302268,13.701411148008862,322.3769719530733,1.621531765151358
2473,1.895842999422885,13.332902001323209,290.9502013329566,1.0876536864543003
2474,1.711851922708696,14.152063950558034,306.61970441869335,1.4879083834983857
2475,1.6065613965215138,12.615074327637913,306.091341615163,1.557134866933767
2476,1.8822439341832242,12.597415744610883,312.8099040809082,1.4183428295200318
2477,1.8030382590390563,11.46384264459915,286.14388488833634,1.18716412576816
2478,1.7420466876403582,12.908616387245049,316.45187158551835,1.7493397756879845
2479,1.7612558055543994,11.2782713769526,271.7739056946976,1.2645681660467358
2480,2.185409988420938,10.382498923180263,292.97884297188745,1.2688374140530434
2481,2.7106272043510855,13.67895573147253,276.8708598714944,1.4985823450906819
2482,2.2872000593052153,10.625900245904061,319.90794919434126,1.023537029027683
2483,2.3929093646640998,12.482736968555159,312.20235399516264,1.5516413087814007
2484,1.8679064889936414,11.031635489883302,313.2086956441773,1.0959885314572047
2485,2.036632877942702,13.239334385071018,331.5174091324741,1.3847273858552815
2486,2.1492688414806005,13.389244984347766,299.31304995508754,1.445279333885885
2487,1.7691547372250305,12.582095588165505,315.9725422654279,1.352637997317244
2488,1.850994475307809,13.37100118042382,306.18840224917653,1.0749277326536162
2489,2.299093185416577,12.008070783414235,303.44777801596507,1.1854583890351442
2490,2.381602464285038,14.457592148908656,328.5192649774201,0.7519570283127839
2491,2.0235935943303405,12.820781756842198,342.47382854123674,1.1770404633427358
2492,1.581694986727446,11.009393284413937,297.23360006845854,1.4655294880173675
2493,1.8965428058738196,12.076567379618552,320.0069526473579,1.1589210187934926
2494,1.495534102922945,11.832247771163425,310.7441044276426,1.234675446336789
2495,2.0263208434421545,11.724533535718573,310.96002360410796,1.140866287257804
2496,2.0893910889449967,10.177146849310873,309.4491991226028,1.4478676541334672
2497,1.9052513526367783,12.425550998887806,299.00459615369914,1.1945132459276036
2498,2.0845989278341217,10.475671723165393,240.47034990340936,1.5758774224361323
2499,2.1459154336793436,9.222051991425378,332.6265678427728,1.098628087294554
2500,2.0899017150174934,11.621584994764365,292.4948134218968,1.2482957480441046
2501,1.5794643976960745,11.168516981268539,300.65197139088906,1.2194297305576698
2502,1.9113574860705569,11.052309286100892,301.03472779967444,1.6196117799170369
2503,2.1434450423931937,8.586594454597927,290.8915389214392,1.2482869503741831
2504,2.5525491199570998,11.064072836451647,309.3243225559212,1.8088015454194555
2505,3.52201374637184,18.10316322750391,304.20237616240246,2.6736904627774942
2506,2.1927940701568382,11.302430665894297,292.10235238106833,1.5278175672635963
2507,2.3073531691733384,12.426078043878665,307.68743629972437,1.2802802568152358
2508,1.9311803055696042,13.531926713323118,304.40515952674946,1.370172809114015
2509,2.401942711620569,12.568004184280692,321.70109428318585,1.0529925704731273
2510,2.420760841000814,13.129033723512183,280.8731098217288,1.3759066010336884
2511,2.4831346569214165,13.220039358613294,290.5029922239479,1.1262273704330048
2512,2.1604512591449363,10.879253156226616,318.0553569950733,1.266866044077723
2513,2.8260480373801373,12.483026161954815,293.484627017932,1.3057352054281153
2514,1.7846509105324806,13.094673088702013,288.7387592741885,1.2090085342864083
2515,2.743427155162629,11.520443474146672,294.374763061845,1.7507327684452607
2516,2.2689048210304517,11.13031068496668,303.1823830995911,1.3528966574628924
2517,2.4691355665593515,12.583447105138088,303.2507791507932,1.0852628979684011
2518,1.8879867859104011,10.370208241033552,301.220748150158,0.8278508995109899
2519,2.295566146037317,10.803194958627078,286.4858273279243,1.3518045241021652
2520,2.499440957282527,11.266568017658223,318.91686069056357,1.6659045209584546
2521,1.6194244746966446,12.495565634443778,328.8719557206382,1.0941134309019216
2522,1.9428358013646032,12.240803773711232,270.6122836450388,1.6214414629986484
2523,1.2505615591190842,13.135607967507346,277.03626888637655,1.5356961283682107
2524,1.937583458102795,10.985942940200239,323.05142554594977,0.8105987880865702
2525,1.71439713228897,10.92697973160574,333.2563341312633,0.9367653274841581
2526,1.9237813092116427,12.576303165624632,266.67477850931476,1.3574754031695773
2527,3.023275175161631,11.121466405482261,319.677857023019,1.8541688586282465
2528,2.6012312273790195,11.336145692956137,334.48183795607804,1.7133315864240621
2529,1.496193362154779,9.957558676823076,289.4765792150094,1.1126677236625062
2530,2.194508405559792,12.319930601554946,333.43402088407777,1.2463990715328033
2531,2.2796258804707334,13.695419518997785,301.7961029441599,1.2482665920950908
2532,1.8817360196533937,10.867782192069582,310.6634676303162,1.179788916817005
2533,2.0624076611054925,13.123873972892126,292.0538003381524,1.1258153839693963
2534,2.0965937725952495,11.934661560911053,323.018513468385,1.1330583390348135
2535,1.528686019498349,10.058043897748966,320.0201381170784,1.3682112857858613
2536,1.6390347260698481,11.015800458809059,336.0447684031368,1.338693762957725
2537,2.060303851454347,10.94788593391585,330.930932643984,1.2526965027207853
2538,2.0347908847936185,11.651819436345312,304.8352992040898,1.4419237451802576
2539,1.7520030496039558,12.461465717291375,360.95081507327416,0.9966457899856986
2540,1.7219683510511543,14.033815120965574,329.3142676725266,0.8840442517893813
2541,1.968577262615078,10.425739625589665,314.7292886308218,1.4039854439324297
2542,2.3101528335441457,11.466744863388014,287.051220842235,1.0690118599114793
2543,1.9732299801685955,11.014421061798217,277.4594108739026,1.1245348166540285
2544,2.5679557907224773,10.605222592361773,278.9894985726201,1.2711243401525611
2545,1.7564628083181038,12.104992455270523,288.19402123535815,1.1088837538210283
2546,4.101318905814109,18.102776020106937,329.7914478060241,3.9090202152778177
2547,1.875996599813598,10.004817418208845,313.7676004400754,1.0953205884077304
2548,2.2057863312445884,12.019965580740012,293.95928269936775,1.3552750309321706
2549,1.7264442412211813,10.674064407797747,302.55435780385926,1.244113363974638
2550,2.6745892138978142,12.013010491048473,300.36056474729804,1.5739437902057456
2551,1.4082856589233979,13.396446142526699,319.40091206942594,1.3108591173724609
2552,2.600418083888086,12.509374757183533,289.18164027615506,1.5968703234322905
2553,2.0314959641880916,12.1952688038478,311.2943549500924,1.0989228223873755
2554,2.19334860361142,11.418357666856274,310.4015439670406,0.8007187494059127
2555,2.4670837160821852,12.073554415929252,289.7203758172476,1.3942250772827454
2556,4.007218848538024,21.45374674055708,333.5841085257863,4.733085654171521
2557,1.7444905892724285,12.51058297708925,299.6797182825837,1.1273232328983651
2558,2.210031344341911,11.890859359805102,287.13049775798777,1.4663091528453251
2559,2.653615890422116,12.239113956332806,320.3518396313635,1.286189801786411
2560,1.6894479007437122,10.55178199795371,305.98092038878355,1.3920109263849592
2561,2.741449978917892,11.192229547744489,312.351709627863,1.8788040311738352
2562,2.1349958700889973,12.778315727800585,283.67576359655226,1.2182805278389612
2563,1.84837027982791,12.926236246511628,319.6234925295555,1.1684983260190744
2564,1.687348715387111,12.102958449923298,344.10371056144197,1.2375161603672409
2565,1.9218495239571038,13.626862307801666,282.26899286387965,1.5293235755337982
2566,1.3156525841253268,12.558821358107505,311.3757585078115,1.561555346126841
2567,1.8546644358294244,11.74355973035063,290.8644254836998,1.641513991171402
2568,1.9079754646505358,10.658271971655386,353.41290907275436,1.2609313866525749
2569,1.623955222810653,13.582606575031807,327.3133846067045,1.1540864726900826
2570,2.261745818216526,12.847349202870035,310.07793217453946,1.1244051369696613
2571,1.9234317992737144,13.97814256522357,282.8983854343504,1.2158390667160657
2572,1.7774719093849503,14.383532201054308,287.25099065402736,0.8214467274737305
2573,1.8861331227260099,10.584365662538962,318.4329411022722,1.1127814320999525
2574,2.1242876156605464,10.587232881460096,280.47514044108516,1.1187088800339964
2575,2.025627423663448,8.850480096174026,281.0399507946428,1.2483520099899488
2576,1.754658719169348,13.010198350732733,305.1589627730218,1.6244790505280648
2577,2.0439787159141556,12.72213095623636,307.40150005178435,1.2121237741539106
2578,1.98226341485181,12.107556900138432,311.8405653294973,0.8156569344463583
2579,1.6011875218979157,10.651253445852259,297.08854463929197,1.112649305638563
2580,1.8990233572724589,11.902062941962752,321.56263783035956,1.258575341800098
2581,2.2027683946473107,12.203176044508476,289.4873351664243,1.243267965056448
2582,2.200248390963778,12.860998233567086,316.27959836401595,1.5489507553126658
2583,1.9195124836588122,12.300285605911816,308.85417221602626,1.3959024038463383
2584,2.2368704781750917,12.730181424490283,315.8116835413136,1.4196876688140811
2585,1.6570155760553824,11.863456043094546,326.27596493465967,1.2271563706106705
2586,1.667854256632336,13.299630083317776,296.8040177881121,1.4860166842125304
2587,1.9120607628472117,12.694903085187786,293.1006044272503,1.0254553604191503
2588,2.5241481476304974,10.694373622229094,274.6089123892715,1.558497630257436
2589,2.057138069288372,13.528142404421866,268.65796227338893,1.145475074745728
2590,1.9036219666169798,13.34812867498665,301.8324651547494,0.915974553999162
2591,2.5404483004223266,12.512022210758236,303.06458814434694,1.4938979593806037
2592,1.8995715476787616,12.308789475486211,285.4505037690111,1.4855602481442607
2593,2.782156633050098,13.824472725766158,289.32020540236806,1.485741024911367
2594,1.821050906732739,10.203355847100719,332.4221694313267,1.531766016837397
2595,1.6458949447620446,13.365346976465617,320.7651160454506,0.944046051222736
2596,1.9417733088018436,11.476172631568215,282.2910762550108,0.9626755611854587
2597,1.912820508707044,13.204695191051425,297.0377350798597,1.1752149498708315
2598,1.717298008277751,12.132413431885947,312.30804844981526,1.173799472488697
2599,2.9106909273554527,10.632781374250937,293.72388156151027,1.5641881018886756
2600,2.1115192987318374,11.45382820896074,290.4434843227022,1.2341974761574293
2601,2.1624873507850544,13.123901980482563,298.9115758919144,1.1101231919330161
2602,1.8383422565020775,11.76877133054814,324.6318959359845,1.1438850028591574
2603,1.7978157153392045,11.316366043810085,326.2652234453373,1.2802121050483528
2604,2.358945424501195,11.309010736425478,291.76195727973914,1.1437977141679336
2605,1.4134553795935836,12.70647216445717,313.2899197034176,1.3852171227728294
2606,1.5999974345233712,13.925698533153959,304.8845884482005,1.166893422160813
2607,1.9134420230373559,9.64502829230009,286.8517611352511,0.9633712866735135
2608,5.378147790969107,20.104570825462904,299.6526587614992,4.194133394583498
2609,1.8689190594606842,12.224120851873744,282.2437846160425,1.5518682159520059
2610,2.1456530450459685,12.63824654882871,325.9349942687557,1.425643284733481
2611,2.009705037785832,11.520112078137853,332.94449676779544,1.266399729027318
2612,2.453690444527883,11.99613336265749,297.60968453166635,1.1951953231263512
2613,1.4453469436254776,12.211764313344219,293.31657237420234,1.3272002629308113
2614,2.257587121302972,10.845994408429261,323.98269987767435,1.451214927130157
2615,1.930385374590091,11.113750417916718,326.8906809376403,0.7466103642378941
2616,2.323709467871793,13.303024294980379,284.94059476593475,1.1902206468751333
2617,1.7132512628648897,10.292418470104856,302.3351959624523,1.3961580868980015
2618,2.0085375744519935,12.485143013644894,303.93910901831777,0.9723876576696133
2619,1.9641226511805605,11.592431399693897,291.12602707421144,1.2854499673440944
2620,3.73181663107516,19.76100875913683,311.94767049357404,4.374768803061643
2621,1.5518554454685627,14.16912503716634,292.4009839684889,1.0296336390012097
2622,1.7968560233479,10.950047182612419,295.27530658358523,1.242156107178604
2623,2.04547589514825,10.75688780029208,303.17583086296924,1.0777517806234167
2624,1.7350807214934276,11.79433002612741,278.1968789199435,1.3253290696513722
2625,1.8844742529402638,11.154585502487688,267.98384114042045,1.3419654561184788
2626,1.3399709259307502,12.007018722694003,321.52890259948987,1.541170813924657
2627,1.8702725278306944,12.170939226316529,291.67418439598674,1.2246159950698818
2628,4.824295604407247,20.07021543434846,343.4275534944507,4.629585179682508
2629,2.246813114089529,11.86372006803208,340.4930826515059,1.0013370101887415
2630,1.9695773220404997,11.227622126598552,295.883384809057,1.1944049668278918
2631,2.085278453754957,12.707743346947264,347.10295392048727,1.0450667994605007
2632,1.710108861542045,11.877137956845441,321.87634152897635,1.4567298739912795
2633,2.5685535391519903,11.454820956739523,293.3843515470246,1.5305995073256402
2634,2.723716877279867,13.627993069007275,258.5268846833791,1.6503399410998072
2635,2.0576882707470907,11.866556843569404,317.38679247680585,1.54469507310187
2636,2.9067400426215224,13.20118526164625,305.56332574786063,1.6273110099758983
2637,1.7619361699626301,13.34952229182033,312.76450854338657,1.124203161861067
2638,1.5621222659758665,13.416440118968373,300.8809488229199,1.2443216027209774
2639,1.7516316860670587,12.76027358892221,284.4105752492204,0.9165648100518945
2640,1.9231784072237532,11.999303153436658,297.3135200404189,0.898824310100806
2641,2.809223292921037,11.929554140283871,317.7194711470107,1.717126004477202
2642,1.9015943054079143,11.731467869668382,298.6212433872642,0.9267821822521249
2643,1.6991204655185925,9.616414762985562,298.51247856783306,1.0393345835598373
2644,1.685539399147897,12.790687486322648,277.65103241496234,1.2389873062719674
2645,2.399007739215148,12.268912123023586,306.64160867200894,1.2130787850246165
2646,2.3490556119081627,12.908076692829491,284.98522505322444,1.4502343636819626
2647,3.7801994751197814,18.662211598226314,321.53347159456604,4.85824974201828
2648,1.3434755593729957,12.731307678148879,291.78618379585674,1.2989208688499205
2649,1.6049922593517505,10.484742230852412,299.6773263710764,1.4879452710518366
2650,2.60243534312484,10.713807829812273,343.9517041833987,1.5635152825553225
2651,2.241082759592315,9.27616724030648,299.48166399138944,0.9526758506688076
2652,2.022911481445407,11.852215884585211,297.06965330960463,1.2507682905212205
2653,2.6540916106028702,11.15022185344354,315.54119574618073,1.3136861431196043
2654,2.6854141954840305,11.006279937312538,272.8652875599382,1.3335880130625788
2655,1.9874211393135455,12.36811761576184,327.51456779201345,1.5739978689042036
2656,1.9938498838139167,11.531942086382609,322.8909207822007,1.224876972047819
2657,1.796283661260773,10.423599892515972,314.44013140774507,1.1813925102987999
2658,1.9003888493802028,14.799243450027308,244.21224511742642,1.2229436738558042
2659,1.4797862584699577,11.959288317463116,300.330589427436,1.53722145469187
2660,1.4783647683355792,10.808520641770734,282.088407931904,1.2229410937574676
2661,1.3970693958829346,11.263180992973645,325.23392211127174,1.3119451941403812
2662,2.3795179524218057,11.809542734089876,323.9460995706082,1.4177546173555293
2663,1.453509221980603,11.807229441517078,311.98417801695393,1.0759134441780738
2664,2.682486804547154,13.432380700350464,283.34399845147976,1.6776273112104494
2665,1.744367738080208,11.912627046604571,331.8972957894488,0.9181727650358255
2666,2.6080724673738875,14.040728989055077,300.2792994976492,1.3726979136318185
2667,1.872230979997084,11.524334761586683,337.4966792042102,0.8900283788500354
2668,1.451834630177833,12.469079644285882,309.77696720352765,1.169040831216495
2669,2.4493226143229143,13.124178213760613,314.12254434049964,1.5806678587661778
2670,2.4906529696716286,13.314667535182846,296.71452107787445,1.553335776755497
2671,1.6828821499065463,13.443059439171694,330.32520040007256,1.4906026984643574
2672,1.8839217066908924,11.700787085031852,315.95180991728495,0.9182868453988521
2673,1.6829714222036574,11.993961813697588,330.9720504652632,1.0500930398434103
2674,1.9578156569397984,9.272635176779957,308.1957415738467,1.2690422250458788
2675,2.0377402016042994,11.784388957539383,304.15330413339564,1.3439180917261495
2676,1.8770159293096,13.20037959572298,315.7123429321786,1.0491723119664238
2677,1.3633880116132016,12.986520127841471,330.96572916364175,1.3273806177458916
2678,1.7966922397184923,11.90486416688891,323.3012175303051,0.9985308980226827
2679,2.246231567243915,13.869053387222953,307.4880285287769,1.568027048940745
2680,1.9268851600914294,11.577594187220713,271.5700668626978,1.1082163080782101
2681,1.885395780353403,11.21224619357811,319.58694870868385,1.214138937019036
2682,1.6742282092392324,11.485022091250993,279.10331364582817,1.280405276237812
2683,1.7864820207808343,10.765288472680274,305.6301036107421,1.4484780471646634
2684,2.493131837303686,12.68463453487389,302.91620862732964,1.1554140924510234
2685,1.6010779601192624,12.31732999276947,279.48016730481896,1.5291354431867958
2686,2.2522880838398303,12.670977391010357,311.705055617729,0.9824454232242055
2687,2.0164693273162335,11.544191732875667,343.777719323731,1.4333067948008942
2688,2.0856837320924906,11.93611972272682,299.37310043876147,0.8613451041462292
2689,1.7436753016448838,9.603739404250202,318.7858339234363,1.2185102802184837
2690,1.876877921883229,12.413848106442153,347.40241709735795,1.5341828720124542
2691,1.9979979369398149,12.108725600565615,320.5270379421597,1.3394536266030292
2692,1.8177665623867814,10.789419572357188,293.3928204621609,1.3041738731988484
2693,2.1160012364127923,11.884876714704744,309.2662663302095,0.9983907437847432
2694,2.160103655643075,11.716365767722817,313.65404329596765,1.0684196594964943
2695,2.760447318266972,13.940743128508242,330.8086363989313,1.8158472385218893
2696,2.0973665102768297,10.832760335059415,326.85290613148555,1.300156040645489
2697,1.330715070568407,12.364568796753373,255.1420948672778,1.6468152394586641
2698,2.407056678293538,10.800154812053803,289.5883180604688,1.3141758461021695
2699,1.9286452754273327,11.386339211522703,303.7395189929552,1.1467086012286076
2700,2.704173877027899,12.304500849061453,286.72483287432146,1.6508488355481878
2701,2.514823558376858,11.767500710050577,238.39835193636844,1.4108965846470798
2702,4.3927120578337675,16.833590692575573,291.9388672204878,4.305694206899874
2703,2.2526659743549113,12.365994319055167,304.93500906522206,0.9555026454497496
2704,1.7921156982882394,11.456941471681587,295.5448757093941,1.4167111892028268
2705,2.0009417892451427,12.972561188296984,287.05502140862586,1.288005794508066
2706,2.236594685023884,11.663972282438635,305.7463632461269,1.1123338171593598
2707,2.3895500721162786,11.892688992292172,311.17558715453833,1.526900102037089
2708,2.313322040110184,12.397442402046641,296.5652519486215,1.3076649203046096
2709,2.02624637116949,12.249700221281318,329.69138880452607,1.2530930910187554
2710,2.8691983650284256,12.708650716997138,306.0388594858306,1.83008259390982
2711,1.8722428577155188,12.348660841633176,289.3127539465722,1.343534456503878
2712,1.4374797789052458,12.515933727711792,284.758328197703,1.4485922953104637
2713,1.5048552466767364,11.642090234418344,301.1665435413441,1.3093839853371338
2714,2.5159027055428203,10.824351792105928,325.0415717636742,1.756426191798747
2715,1.9731714780536185,10.429597206971854,290.17360323542357,1.0536716975810936
2716,2.055670124318932,10.162218837593471,315.7258307119406,1.351053865443827
2717,1.810116642026482,13.938999389502204,306.7020243802576,1.2048615805067142
2718,1.8415541322452835,9.565949248016462,340.8781934510842,1.3060057812977612
2719,1.724516448667747,13.313095848874813,312.02452634589025,1.4922193759068327
2720,2.164902784665531,11.09704408757278,292.43192769033453,1.1540000716405094
2721,1.9659170288620147,13.305085069331785,318.25465151776433,1.3210642577796885
2722,2.1522518822311905,9.577205969293004,318.86039583612745,1.2670198374877186
2723,2.1188034348611193,11.74139670792839,297.85380177867535,1.0802082548252168
2724,1.8509424432284862,13.599426843327795,284.04807732205984,1.4649506928822573
2725,1.4894442811440243,12.78453051982314,314.6486334420783,1.4986378443687034
2726,1.4589701414002247,11.62900799324013,306.14327318177004,1.288717998435562
2727,3.059328057093273,9.86272496831867,277.702098348724,2.094024314974621
2728,2.5173607055481586,10.545262625633974,309.58137798183105,1.1943133297725663
2729,2.469063898411925,13.528061806215318,293.5341278356183,1.326225711899009
2730,3.5128322762851707,17.022626715912452,277.7191632464753,3.217345413284399
2731,2.0033284068170922,11.920993486245218,298.66190581901054,1.350269044779162
2732,1.7146230226658903,12.311888615172894,328.09253721572355,1.1529273404087852
2733,1.5407712666919382,10.566877195603688,326.74510700158504,1.478231241089645
2734,1.7939292678685046,12.448019197824197,322.0415378361326,1.3443711165025334
2735,2.4641647372003526,11.538422971264094,309.8461920216582,1.254219512473529
2736,2.2942608784233895,12.323073064133094,315.7243496603918,1.6178971970335634
2737,1.6604831994322926,11.364143987409262,306.775602466604,1.1201160647759463
2738,1.8898143824448836,10.269572333932727,285.10908512813955,0.9254817049782491
2739,2.2621931101778032,11.52989021500678,288.70096582065617,1.4124669635485636
2740,1.800160011684432,12.704855378818802,294.0707433399613,0.7940800244004877
2741,2.0278551856914557,12.43346609798474,330.22446337945394,1.4988289120880711
2742,2.1406466064726843,12.0340239540682,324.380433160168,1.2322196560526426
2743,2.136825693145446,12.987945038311377,285.56220386011717,0.9258357472217913
2744,2.0889508996916,11.776046586201351,305.9610400774916,1.0150544570380926
2745,1.7712059891761214,12.06190394541674,297.7530714304509,0.9045902845303234
2746,1.8071588943684147,11.472256432336902,302.2081902925877,1.2988892057534358
2747,1.6032225519677812,13.0522797744288,295.3512292588599,1.0290765717617243
2748,1.4535321922742046,12.32068140249394,330.302449210513,1.4795940450675718
2749,1.9598379404084199,11.38734607880929,304.65968233627456,1.1400029643276677
2750,2.285690865105517,10.362067278819415,308.8908224828229,1.153898734200424
2751,1.5169011620461186,13.215457402388159,309.0366477103998,1.4418998857117529
2752,2.09554063544349,11.181528443696896,286.50013685070167,1.3301790737381858
2753,2.2746209246841884,12.079270787738501,306.9539665611295,1.47441056577373
2754,1.3571431809125292,14.587859651459029,324.12170279216315,1.321203266662233
2755,1.9052966149523234,12.88166049590664,331.5084377386527,1.199419346151507
2756,2.5761735701604307,13.77226454770969,284.33933058105004,1.272120163264568
2757,2.1931793562150808,11.408062706204737,277.66517772700286,1.2549884533099627
2758,1.3453399978281992,13.178074036502228,306.1184224407474,1.301489894012123
2759,2.2304188118440638,12.02933589224708,324.96537636323063,1.1470363512108745
2760,4.199500156494553,19.735384419775997,311.47273617710636,3.540215598805524
2761,2.241957425532466,14.222925884343518,317.2453293694365,1.2937982262676215
2762,1.758471381689729,11.693489593435324,280.51551762368257,1.2355926375246369
2763,1.9814386444558123,12.02117989904419,294.7042252831401,1.3014670355055267
2764,1.8118600310029678,11.00646388334124,265.4699784957278,1.1998386723313388
2765,2.001105202958477,12.977315411498884,302.4352151135727,1.084050199522254
2766,1.8014519391311459,11.3833104118847,266.04405006482114,1.261909378936364
2767,1.9217616154559327,13.124981457400766,328.9879106331286,1.0202359582114715
2768,1.5885382470912628,10.185095434080663,332.9867864223608,1.415412027619909
2769,2.171730858394897,12.603501879016967,307.5315828571118,1.1606018550420605
2770,2.061349823025374,11.29193736333064,277.77368406179727,1.2431621624110538
2771,1.434213739063547,12.803569403263232,311.7628277704372,1.4360732568277235
2772,2.3475208310706743,11.98508490986035,338.46438605229696,1.5927715336939392
2773,1.9382992141209263,11.41112719364488,313.56323899436467,1.2786009324994132
2774,2.0566168386825683,11.574784421436405,326.3297118288366,1.2165670704673992
2775,2.267596585210215,11.064572869935496,296.267024389468,1.1044905954776096
2776,2.1148847848259944,12.921566530852946,289.3182191389991,1.3683961392568098
2777,2.4078211054613146,10.846498915632043,303.7244838350723,1.2457497283533088
2778,1.8973465672281062,11.706213497393923,270.31930361106686,0.9012266071706221
2779,2.362050285179464,12.379763537672721,345.753594103651,1.2396306009468527
2780,2.043023616232562,13.77484397799337,307.51370083664887,1.2394085778058788
2781,2.177671698577342,11.989771539019005,320.60191317860614,1.0552391999546775
2782,2.1412702104792665,11.733238354807716,296.69284648886827,1.1883383023993668
2783,2.434255613858334,12.30099835162763,277.22444534255084,1.2988501955706666
2784,2.2524943307457526,9.719189362758128,330.66466695225574,1.2270704533800834
2785,1.8449690818915538,10.681489729240209,284.7661949370206,1.4613491252848196
2786,1.7755565346000532,11.587096851233705,311.27909774424637,0.9679133492594999
2787,1.9825860483418085,11.215733934194082,312.97552660375015,1.606942439264525
2788,1.7339644956222635,10.239083381832247,306.3311234662199,1.2358978697154683
2789,1.6317327295357784,12.943556516284344,290.8774837487204,1.3974147162875934
2790,1.2551816357456855,12.285732402513055,302.30661973352784,1.5584198907458546
2791,4.215765450615303,20.17125005953315,287.89908513123714,3.8570030221395246
2792,2.6948922263890336,11.23660973373019,319.5651984660609,1.2784095927803696
2793,1.770224912629578,12.087332261130031,315.2878446949679,1.1268227785380933
2794,2.6662111049374007,12.565894405385166,304.61475620423784,1.6650463054285403
2795,2.141104110404453,11.708614340706392,294.76967350948945,0.9350819948338764
2796,1.9825846924273633,12.489029463164401,342.9317221960763,1.0290344903544932
2797,1.4747882091125684,11.124333469992374,281.56284824923995,1.398478623227961
2798,2.001634113451617,12.107233844288684,277.1969642565048,1.294572891752651
2799,2.66226431843888,13.256748111218709,303.5238923486956,1.551700591852689
2800,2.5451728604058586,13.355221673933643,300.3551481217237,1.18152704588912
2801,2.095983528444153,13.460347685444628,324.75648418557887,0.8859294306012853
2802,1.5979660719332445,12.314125256976208,316.6300961890401,1.4047906962326775
2803,1.6649921291627967,12.034775350343521,305.5314605656767,1.5539629524216716
2804,4.099873281943899,18.80766916742173,314.0060800907505,3.4821164932929136
2805,2.4473542245769453,10.011766767830842,313.67898346849387,1.0911381844512973
2806,2.5711021526380655,10.520610333959459,342.8640209632751,1.3097185367557307
2807,2.0685624922386547,11.815139530838215,309.56054102891784,1.2816330038821313
2808,1.8939218475668962,11.880882705958726,292.7406116117691,1.1601229132988458
2809,2.5420486738313444,13.553445331687142,308.5730197969078,1.6577287871843538
2810,1.6574992606972658,13.446279042313188,257.86377056113565,1.4553781977346092
2811,2.018138164660128,11.244865244364757,304.4123442544335,1.237065009051193
2812,2.1620380998411455,12.90015828659792,324.67368447990776,0.8248892275542049
2813,1.6980197874882603,11.475224248968699,315.8393141396676,1.1162625034809572
2814,1.7774300225130424,12.750877977304182,310.37400878562215,1.1201179716579936
2815,4.197146957107529,19.763621716911615,316.6863048002689,3.2270002632756727
2816,2.4958543995958298,13.366302093362512,324.8586178077989,1.3856872057321095
2817,2.6700285469699807,11.458092309739033,330.6542013313674,1.5116513684598682
2818,2.0401773855827963,13.115734055899017,313.0542062052103,0.8661535597563175
2819,1.9061234945350245,9.939904560266601,299.30999417877155,1.3662072913792196
2820,4.372964489864252,19.81608386295436,263.356604169924,4.203067806991024
2821,2.000611209707615,11.972481604899633,322.6071216861391,1.2715285068481064
2822,1.8074223869971235,11.995899202215734,314.27364524487024,1.3712169491916364
2823,4.3653793625707635,17.52433937074115,307.7478707752844,3.575560009253732
2824,4.460336943191617,16.63353777374023,292.61507308650374,4.139934704051442
2825,1.8581404700233712,13.491027339574906,322.37273606013,1.1837157643296794
2826,1.933644178085066,11.530627919126903,300.3697443350936,1.5051513023745908
2827,1.9350909302246933,12.78480903707273,304.3804020011723,1.0237414253472223
2828,1.8888527978458514,12.03801064048552,303.9922053949716,1.4950615417141953
2829,1.8454932430443263,13.16893605355967,313.09733092697894,1.0335265978934642
2830,2.266768811027882,12.210651061724537,284.3246238014577,1.752455616443456
2831,1.3802423898582452,10.975007315792087,315.12593351433225,1.2400929445203517
2832,2.550997950650442,12.062095747833837,292.0240095774555,1.5934765890636706
2833,2.047435312121049,13.761338594071335,292.6555332758152,1.1288712205631122
2834,2.21350615159528,12.547409585839821,320.9343208560395,1.3703554027947256
2835,2.2537772241021066,11.871909061976968,287.08948770027973,1.230536714258649
2836,1.7521792939893002,14.481318201046639,320.90196321818837,1.0186029863240422
2837,1.6799745053372654,13.275137272817343,306.8246010447603,0.7020837588779923
2838,1.6387057503711606,12.898407306938307,275.3310185203387,1.7798367801274984
2839,1.913526189559994,12.349076711768813,329.560565329637,1.2190914770582109
2840,2.24472164204286,12.803301218226219,310.5845670907429,0.6472271936638808
2841,1.7956832911727116,12.839005280501125,312.0942655860177,1.2855689117965903
2842,2.2127760740624067,9.598903119892649,323.1303615905257,1.365081525922012
2843,1.1712275733985804,12.434429834112393,331.98597340210335,1.4691020843540836
2844,1.8650514793086626,11.823113554730776,308.6184841318903,1.0692557543613472
2845,2.4084980786640466,11.450246099549767,316.1111718049292,1.2961540387553339
2846,1.9401600488384725,11.785018991951338,311.68134675111367,1.4426673380054433
2847,1.7097997273418417,10.28856644449558,298.82838127936975,1.270521742915127
2848,1.770104872251841,10.014928889959103,276.4981465478874,1.5243561227259026
2849,0.9401921029261253,13.371152659193347,308.86859706387577,2.1001595017261376
2850,1.6458693103558277,12.50837360167982,329.820880951602,1.2294881723560123
2851,4.70962282419463,16.659393309215588,315.4999933404378,3.777508858110454
2852,1.796089031586319,11.365977004458085,285.786382562424,1.1796136420643724
2853,1.8374094732995712,12.968606906736184,324.7553871016083,1.3211578877026375
2854,1.1838657345372572,11.691984188907306,299.42954266658586,1.6116237788333403
2855,1.4292067724106032,13.369505449178197,267.3435342950899,1.5223679115354114
2856,2.4165172125099135,13.154726979204298,323.32226867328535,1.476775948220161
2857,2.216052928231546,10.507617669758215,287.98314876632395,1.3341790313616324
2858,1.545896338996199,11.842343491266284,337.0531107161224,1.2686603701517678
2859,4.714160257478191,18.153980062776224,325.6599212107535,3.1276870631874223
2860,1.989789679950426,10.471837876212689,300.8996130740631,1.6471593966870965
2861,1.5813552937451354,10.4002982426592,313.2684772235803,1.0071821219109305
2862,1.2985496407702397,11.1133762991341,348.63053418179186,1.5926770572564277
2863,1.9442763643961976,11.294982049536097,323.00012668106575,1.5682637311500898
2864,5.136561766531781,17.132530056980475,309.2876004461226,4.063626687172491
2865,2.207150061905484,13.148634820535863,357.00477189571285,1.4259667072576505
2866,2.306333084939751,12.565009451393607,307.1164581972168,1.4832474242705485
2867,1.4562549583770616,12.825409464308906,315.47266673981903,1.0820259711919458
2868,2.0202656684394285,11.706720396382597,288.14816259693333,1.3427187612740163
2869,1.9060420225198074,12.663300216274179,274.855060419292,1.151033680687075
2870,1.9694727600759827,11.836787520250713,299.8195587449296,1.1884699881244565
2871,1.925876428228052,11.514380378421938,305.69134551863334,1.1383056372913987
2872,1.7688431367873696,14.08681104378519,310.92674451937745,1.4945979155331077
2873,0.9437733410245384,9.436476447797752,279.4441211580635,1.8469446489983943
2874,2.406640157199736,9.939365272961902,316.89213779812303,1.206551023538329
2875,2.115496557916281,12.420969729546965,290.05306056721383,1.1187285702658634
2876,1.4804985743622225,11.708519416614305,315.9572184690995,1.293731047565992
2877,2.1655960785474644,10.419317214816385,321.8286766911857,1.0005461327520715
2878,1.8434433175494855,10.839927953719855,297.88083637905265,1.1202791853780514
2879,1.8533596892537945,10.98315362345204,287.6512592191832,1.23643595338213
2880,1.7310548894788385,12.981570190844005,332.7856877129053,1.324275167480446
2881,2.187925665428293,13.333651474170884,320.71241769738555,1.4619974450045612
2882,1.7200617499693305,13.80351882175368,307.7355740092533,1.2952150342064916
2883,1.6161078598682899,10.252087655569728,331.43169974623737,1.1935299592335689
2884,2.3961106837120982,10.496164114237315,306.49871103155925,1.0919342054875278
2885,1.9373915065816463,10.420810878049425,293.8308702164963,1.2612492702301898
2886,1.9483797635027273,13.41774270634701,286.9693628412903,1.1781246331380528
2887,2.242362442096833,12.458946899861482,303.05961556363445,1.2183802832006494
2888,1.7663446547038384,12.088219138116694,318.8909686036687,1.2852627956609006
2889,1.83614638957359,12.252591563232192,330.0156658719407,1.3199866196388077
2890,2.1070003444029926,11.937543895147382,305.42318388862054,1.2608164890487095
2891,1.460517839137682,10.766743747852844,326.83624870284217,1.3405209804842653
2892,2.077384666368875,12.564490068763394,301.1431502329634,1.0433166711447268
2893,1.7355009892865214,11.795247643780945,290.9312356641946,1.1194188822258382
2894,2.299415407359302,10.679646335172777,281.486361791593,1.423441716723568
2895,2.191332164397468,12.631713989893864,295.8876806778464,1.1372475506004678
2896,2.1450919249412603,11.531633600100154,282.16416630590624,0.9434224415224037
2897,1.4375644730059052,12.250231835525515,341.1712093614236,1.6217151695175214
2898,1.963811611689163,11.862522922572172,312.90733567356824,1.0123100612229576
2899,1.5879567038550029,12.980516649447289,303.2789327150424,1.3089172275002248
2900,1.9870976339580408,12.242179271651835,335.9960317222203,1.2983324996715788
2901,1.1896521130885915,11.027929807657515,281.55918735851293,1.5946418938006264
2902,1.4607087060686652,12.354203545892386,302.5314289538766,0.8788734806837731
2903,4.129555102774026,19.677765913515117,340.9941282578335,3.950031732648295
2904,2.1291686116022963,12.56246627144276,302.407270878956,1.4753033681590413
2905,1.8761644533821165,13.139461680205104,349.04264801128147,1.3665075911636613
2906,1.6819398370598222,11.322418936305109,319.1408871099477,0.8358985639506258
2907,1.6205111288445173,12.734729233898586,328.5066663553802,1.7118559465990577
2908,2.070054514280984,10.102701038375114,329.0281068221877,0.9377742705958249
2909,1.879728691642679,11.868016703182862,305.0288442844647,0.9929952206394801
2910,2.541326514161047,11.697874126711593,296.21219003727964,1.5321961556677082
2911,1.9353326979963774,13.592629742198309,302.9220742421526,1.29307740614752
2912,2.0205521722855866,11.828031028125865,287.2352149403547,1.2163204561193555
2913,4.3483431678249085,20.598978037608088,303.8126681018637,3.148600794843764
2914,1.8737552711880012,10.062043514840187,304.9206911135907,1.4757339845776523
2915,2.061946991773795,11.61306623884256,335.40622991574566,1.1944372878375655
2916,1.8695250010753846,11.069004145823062,315.67896279309457,0.8970508332817164
2917,1.8300300132490186,14.723062235625077,347.5271160401637,1.46379386783337
2918,2.114418368965363,11.266523567166507,266.1282062424089,1.2517119364874512
2919,2.530188148546346,12.080606979927598,283.09321339946104,1.5916610251729955
2920,2.0507392796077397,12.139233382502686,298.6037841020234,1.3160544093882323
2921,2.4004651992155983,10.251573879969682,331.8649003522557,1.7745479747108108
2922,2.2175608321315736,11.421361048402575,303.02761039489974,1.166405575048224
2923,2.3795236811337475,12.445243163914181,278.5791169582775,1.28964158298903
2924,1.7865980268286767,12.094294502765413,300.5877601493187,1.3712903700840067
2925,1.9275753767554593,9.469547930791268,283.4432313604116,1.1423887384699267
2926,1.9290292502323674,11.37630941104494,279.9147361733035,1.363549650159606
2927,2.1911970327973913,13.122903827591582,340.9789007177702,0.6324511700127811
2928,2.2773444877741524,12.647045220044228,298.6710403997483,1.231595327774089
2929,2.043769666889162,13.339836687007725,308.11675153044524,1.1805509765104614
2930,2.3068473020815525,10.91578792883438,303.32678575097447,1.2286501173792088
2931,1.8028339830565194,13.409022488806963,300.4730787570479,1.0479392732407249
2932,2.309882143514694,11.9511533468819,289.8681014188226,1.4388407334308166
2933,2.3555333047650535,13.751444751032833,299.4085771249104,1.174953393723909
2934,4.504194935263623,17.64759444847608,311.07023861343464,4.281861957795163
2935,2.0469594242184246,9.747776958014255,330.53543561715117,1.1938903845708846
2936,2.249663166341738,12.934180028437858,322.05384145797336,1.3374718595474289
2937,1.6870984371665285,11.512134954227893,283.0567958458085,1.5449365925949547
2938,2.069426792526073,11.586147427494668,322.79358352825886,1.2419128187549486
2939,2.1051786668887926,10.401593925823253,313.55788420749263,1.3749169364574008
2940,1.5346695178969803,13.784419448906647,293.7550219889571,1.3588935089124548
2941,2.1661044885288323,11.426788708816868,308.27774773135826,1.115352781880357
2942,1.5629134460113647,13.732539352403773,315.3011693056982,1.2863152860946079
2943,4.1047186455263756,18.666480794482545,305.84695306081176,4.109416679760332
2944,2.0139163357467043,10.979480277635794,313.64438001482097,1.313748625024276
2945,1.7442422653785177,13.451482091432794,289.46688169537157,1.2605776197450642
2946,2.0288939135171113,11.919331776099748,340.8709767964372,1.0416479984306002
2947,2.023294946652677,11.930070791909328,270.2728748783919,1.1559331399010901
2948,1.7129364262244056,10.590211465688569,315.40132201990656,0.9442599574180723
2949,2.198791060588516,11.496614309834118,311.6017423341858,1.1867900937318607
2950,1.732545223842819,12.471565405994099,316.57298108213087,1.2431804079544224
2951,2.800791031157143,10.570902006865262,292.2493336703313,1.94644940542622
2952,1.9616824118342884,11.407003536411002,326.045546509995,1.4705713547065975
2953,1.5900470492534886,11.537508918851797,303.0563477297904,1.094021933566186
2954,1.6554803818251798,12.073084885185398,283.64813109674117,1.3115701442507504
2955,2.4016531626444055,13.62751561020209,285.2934130110328,1.3406572206617682
2956,1.856796922598541,11.670051553718718,307.2446912390766,1.166216802273391
2957,1.522682667259511,11.240449271346181,276.2626125776932,1.3033613967044533
2958,2.2987994614947183,15.021007695227139,337.4091077019636,1.1827787222552808
2959,1.854549139277671,11.523496111124228,323.88058304976744,1.5872352691075808
2960,2.228696828891773,11.790276022713885,337.88319777531797,1.1481444930403029
2961,5.044045025520202,18.65965182695653,335.9856228039602,3.651127826436931
2962,2.0960622385829906,11.695553988779409,298.66568363357135,0.6997307454631116
2963,2.8385675884898665,12.085530349317557,289.3520696722968,1.7866310369593972
2964,1.3963401274733718,13.012876125352602,256.8000917210447,1.6554941064698063
2965,1.713717473654867,12.444386495600746,297.68778575192664,1.0387686051142064
2966,1.9104174983886149,13.184805119703062,336.78175140504715,1.1024376647392884
2967,2.7914107350128425,13.148431542068177,290.0986881650503,1.6660992749214165
2968,2.6293008645357743,12.229407316177463,301.22142209245237,1.441503885745773
2969,2.4510418035878705,12.413943167070153,295.0177355165081,1.4153371432541242
2970,1.7220566207389314,13.219610343895486,311.74991276493887,1.1889033003300835
2971,3.9388172886125603,17.338792863065766,328.1495243158576,4.943121038962327
2972,1.710003987700841,14.74803232246213,277.2942088847387,1.1165105858618465
2973,1.725800589185733,11.436156356419632,280.74003233064934,1.7834261327441778
2974,2.5224466125465907,11.613938586274127,331.7591607069384,1.6121550612466715
2975,1.9146815068114547,10.666908927858858,318.19520374013257,1.3707906046448428
2976,1.96097564237462,10.699634111250163,300.3311498957277,0.992818213421384
2977,2.271035375423201,13.07143747577871,335.72748971467536,1.4260125815774718
2978,1.417765209088109,14.497212605406478,280.42948004498174,1.524186097185051
2979,2.0184260374441987,11.376035878110818,321.7618428414386,0.7762816307789515
2980,1.6160948949644778,12.38204818094027,303.771714040448,1.0075098163591563
2981,1.8969547778045885,12.24218325528338,315.91778904823207,1.2778965759734804
2982,1.7947527571142756,13.100269018658434,262.03126198174505,1.198615914094153
2983,1.77670673888906,14.440585910969139,300.3073395219017,1.1266202863643688
2984,2.0789536323472277,13.673070759779744,318.2623408886547,1.4195300445275851
2985,2.077424690837379,11.737474790921178,303.8600560688931,1.0268408919668932
2986,1.9230627937681053,12.581644399280599,327.5953599104153,1.1125034116184498
2987,2.129739520046905,12.69086362701645,326.99249012853414,1.0806934482338098
2988,1.6959849107012577,11.977900305715618,287.74585474602935,1.357488956288739
2989,2.2385550541637995,10.794470253153596,319.83186772400626,0.8902534683560541
2990,1.927830342244838,11.121346159580677,287.13207216989167,1.1035907053302174
2991,1.830717753251736,13.262967916022136,305.9722779407856,0.8726408433059467
2992,1.7218344159039565,13.376438795404255,316.81030848753716,1.1838505602569167
2993,1.9155108888366614,11.771675898676895,289.96490723730955,1.3488928478946065
2994,2.654723739896073,12.287160933466097,319.16467134015886,1.6053772043995225
2995,1.9778401804640937,13.316990203462609,295.90359656926574,1.0547749680076244
2996,1.5994587623497964,10.125304240763372,294.54744450657773,1.4029243604182
2997,2.321586673374766,11.509012326077258,317.7197177037149,1.2250181086463614
2998,1.834825047472886,14.219658519630908,289.9524870136985,1.488586653581082
2999,2.099315651523365,12.329238487823648,289.0369615514643,1.1799255868877165
3000,1.7880188073506977,10.757862306826222,323.7408087205415,0.632352143165568
3001,2.4482706606501092,12.129010522931086,306.95402873464883,1.499504152862006
3002,1.7932340851739126,13.123579151495104,278.82584908454066,1.1338314462725034
3003,2.489250292502138,9.19881376893856,320.4015448109878,1.2887795187981697
3004,1.6327587954149247,12.193914398910202,297.681177819618,1.3481043558551584
3005,1.897482764999582,11.590343989948263,279.74575988789366,0.9213642874683312
3006,2.4899985250673735,10.193802060919356,259.8683297990905,1.3589898477166507
3007,4.293085884392262,16.832502044538572,321.26145734658337,2.8424967736822278
3008,2.795013079631971,11.849871745063508,289.52147480999173,1.6520403159641603
3009,1.905800842766694,11.973500722582598,282.61079411662695,1.0855378385273948
3010,2.0899649985362356,11.616913317730761,316.5092509469479,1.4032426132812237
3011,2.6668022452170863,10.876528692850446,319.5042487335594,1.2672759506867395
3012,1.470126874140206,10.399716883041929,290.83214602529665,1.2433549912293906
3013,1.426787488386462,11.240241065697912,321.4275318729076,1.3699432629767514
3014,1.721572137976707,12.945177325483671,341.9880725800363,1.305606916464887
3015,2.284680441315664,12.25637732309942,329.23993887747974,1.1837171085294103
3016,1.4365520858338214,11.92390933760875,326.4390277135452,1.636201510987249
3017,2.208967169796707,10.856255036021361,310.65432419838555,1.285257609551938
3018,2.1843473430711127,11.588693573860368,297.0130723004794,1.2355219584784005
3019,2.7050365816206847,12.810873314192934,303.9940510478584,1.5502731806786625
3020,2.36591972392933,12.55526213873404,312.9333488659297,1.4269195328086504
3021,2.1274175831242217,11.475081243250013,282.3647847442118,1.257896122921734
3022,2.475696527303536,9.127457633385418,291.15112566308375,0.97386894502337
3023,2.1886163793902034,11.25766760682226,279.3004974263135,1.4392474559503357
3024,1.8389754808804792,11.469036030628299,309.23335920124543,1.2394923790698231
3025,1.5993879780328983,11.002183468526962,306.49497060311967,1.4332645567310909
3026,1.8007220387074216,11.545506638546325,293.25124402156496,1.142638318307524
3027,1.9859741439085088,12.89820514101474,319.76898569683533,0.8347747255660778
3028,3.8481269627566834,16.09315960281789,286.19719341329045,2.4250843705967897
3029,1.2526815406696343,13.088665652695436,292.58297467680967,1.3462173699219928
3030,4.522771261779312,15.674465309618636,319.04947672842513,3.736907935906487
3031,2.0100036193423056,11.664429536249562,321.71868404227047,1.4596382344328227
3032,2.191638105707944,9.8670756780705,290.6769283512408,1.282429343190781
3033,2.5693803088772227,11.530764717179467,309.1767668853783,1.18407087980744
3034,2.0649787374058444,10.84977679917256,290.98146966597744,1.045708513060185
3035,1.6816529933132986,13.40937811677122,301.4478883956085,1.532963509730065
3036,1.3636722157394847,12.450683206427856,307.5890730947281,1.180791655304828
3037,2.2404538353393337,13.116312445152316,315.0865915786868,1.6550454044605099
3038,1.6958194241829054,11.527717392199778,310.716062242876,1.6307229987875775
3039,2.3033929420064716,10.878310093171692,309.91692212972436,1.6821727803295823
3040,2.489097053256899,10.843280706007718,285.5870299320739,1.419669853999638
3041,1.459573831907289,12.291983208847943,311.98897950753496,1.3069313023759237
3042,2.193862395565637,13.991177643612767,314.91917632153337,1.2938188302789757
3043,2.4524178436187705,12.453620521222536,317.4008215415684,1.5045261333451834
3044,2.3566637638480987,11.58775549778366,292.048636769524,1.1461702431073115
3045,1.2662671970813406,11.792352059360757,321.48054109850494,1.302777648082091
3046,1.7012217843222035,11.965569635073022,281.28977248801715,1.196773754492032
3047,1.551936822987352,14.229306816195976,297.2452732272071,1.1659948108503273
3048,2.1832154643014676,13.35696942241837,300.040656518705,1.4683180395455935
3049,2.144664318219924,12.285954904565402,282.2766368749406,1.0892707562337582
3050,1.0557378427207813,12.120705164586717,299.7672017929135,1.7541069063212307
3051,1.8947089325352555,12.329288729406864,308.9866564582064,1.4032598294542877
3052,2.2802519406193875,12.543703236211384,272.136100727,1.5030931522017275
3053,2.051791596928443,11.545482251726845,297.8956090921248,1.243321278078383
3054,2.0511934218249515,11.0715131578857,273.52878321926016,1.2784317071855387
3055,1.8722522096484513,13.135442286610353,341.747698117705,1.0063935732631268
3056,1.6293706706238626,12.024181003629183,308.8248419048117,1.487030989261064
3057,3.9712754212531283,20.3979158502514,307.26492710895815,3.7709149395541224
3058,2.0182327079322935,13.810774623654087,309.17732140986453,0.8261288444993025
3059,2.2153390821165346,12.572676207509517,315.88137135081496,1.5804117162791993
3060,2.243774973503412,12.394403327527078,322.6067872970215,1.0955238492498904
3061,2.0300514967071344,15.52026727856877,276.8560292813361,1.319468033099658
3062,2.383217927604691,12.2277221411078,328.58319675368165,1.303625932985758
3063,1.86877636615248,10.800398511369018,327.42485529231055,1.1982566160259736
3064,1.4945914005420935,11.690652244610813,303.80576100456426,1.3119591157882287
3065,2.166968784296372,13.706853182920096,302.8628835677024,1.018214478552934
3066,2.044232844036239,10.576415914691948,249.1503056607667,1.305939528824516
3067,2.1739260304879524,11.172294435431722,282.6081590803714,1.160941224697641
3068,1.5574420281009753,13.21706948656537,314.33928697273683,1.0556300708299484
3069,5.203629267746346,18.01269870300029,326.6111143935781,3.663605344237865
3070,2.2486758447822743,11.878729634325856,318.11906459810234,0.9786145527286298
3071,1.8992010881503059,13.180710102143692,303.63712881599076,1.1011781423176457
3072,1.6725913989123742,11.211496706780643,339.665708610232,1.3613376969261655
3073,2.3770036936512873,10.384537303325732,323.0931600146085,1.1430554608962522
3074,1.6143805762776502,10.47222543205121,297.9111244625917,1.4843097153184988
3075,2.791477688677224,12.639958487750585,344.27799173516144,1.5520192631208318
3076,1.7853782710352342,12.285045303213874,285.26898977528117,1.169756507558021
3077,4.7935436995525915,17.529992318034076,278.50687603032577,4.366378893606649
3078,1.9354341752245494,10.725329217112153,297.4201030317694,1.481532233788625
3079,2.5532613480871076,11.702369562336246,291.3444767956295,1.1093911331838366
3080,1.7427960226107193,13.228169014875519,298.43123093923583,1.5709657258747483
3081,2.006592732491345,11.080600250787818,319.3656325352201,1.3920581002579484
3082,2.281662265559698,11.271047575852181,304.3883677111158,1.2432688800966534
3083,2.2317269978435377,10.690426275918982,304.85065818284386,1.46882357787177
3084,2.3852666417802593,11.595845821987611,306.05866669176027,1.2245636607463206
3085,1.8293847598194524,12.371886889788238,263.37814112645384,1.2746014111745145
3086,2.029682930497434,14.3266860727474,277.72531085747477,1.0922457443094027
3087,2.436936001599325,12.23955966410193,298.06439722227043,1.5078428744732217
3088,1.753160574398367,11.940954084239278,289.8272815757407,1.095106700171673
3089,2.2003893713914406,12.949230266583644,300.8278252313699,1.2138199822996458
3090,1.9232939160777873,12.765837107013269,330.2743108329456,1.339358057651448
3091,2.072055937303912,11.364573104196648,303.65990904692245,1.4127531631580834
3092,2.029592575745057,14.532266080773084,281.2009720809863,1.0362944239697596
3093,1.7241008972252625,11.973178312476652,290.7242038292359,1.3962998359712162
3094,1.9087573827571434,12.260012852391375,335.79036636186055,1.0085981128955601
3095,2.050726288226847,12.606483446014746,332.5848914862623,0.7714777286685779
3096,1.9640466004507549,12.380459604374249,315.7257938416799,1.0511628587173312
3097,2.550457582427984,13.677937435762049,276.87530472748404,1.5487341252467397
3098,2.3534844448857264,11.351100386957034,310.5224888318747,1.2725273758701325
3099,2.101493174472724,12.861720473737975,311.90654778471264,1.0991809243274917
3100,1.7328988360481743,12.181025289923477,305.45972375102434,1.2539014837688536
3101,1.7115919178357164,13.080995514620476,294.7398009990315,1.2543874677179592
3102,2.6908338623481436,11.763516005034894,298.4726412103446,1.6107305649929775
3103,1.646540097374732,11.614543108231567,293.4851316706327,0.9526183567731887
3104,2.0398508663526833,12.805280836168613,284.38866874953754,1.180482263562532
3105,2.1263320500220377,12.393792582798978,329.5877810384284,1.2344313264259672
3106,1.8910367219808428,11.097676267442205,320.8816483105345,0.9340497648031567
3107,1.6492286823979243,13.480173515055684,299.8712700335004,0.9980078261044507
3108,1.7252861763477296,12.805760312619306,311.33920955061984,1.1723389271469125
3109,1.80872324919359,11.918375390454342,312.0146160270296,1.2236569338934593
3110,1.7516774958157773,11.484945777095772,347.1719040453691,1.2394076446617
3111,2.4647021376133256,12.400543986560944,320.70623625648267,1.2182991497527875
3112,1.9968059022845799,12.726533746429462,320.02585313710586,1.0805392027627045
3113,4.307809682918574,14.375192998420319,305.683658235248,3.767666505744016
3114,2.037435315353522,12.413249014775115,297.18036874861684,1.2605451939711192
3115,2.23378456685322,12.717810172654888,329.8887845479091,1.4817173355779123
3116,1.8793831028798471,9.412306540035452,316.7408981161913,0.764649684233712
3117,2.31569345331157,12.215808624619818,290.0682448270208,1.3843978381386357
3118,1.5550986289752045,12.764070047835137,313.1695979781171,1.2965320057251497
3119,3.9430067798634147,20.202868819151995,320.0729495915746,3.485979344611378
3120,1.9968666810797226,12.882693190258907,267.2750427867285,1.4371145580646716
3121,1.983195676886895,11.639676748779927,288.397037733476,1.049144216001859
3122,1.7574449864373016,10.856102921856998,311.5297668687183,1.4241606963420899
3123,1.5702524543203054,10.020281235058064,270.35969653108236,1.0600011989450469
3124,1.4166648224646132,13.201445564624864,273.2096390140647,1.4296878041635959
3125,1.7330281658675748,12.773372043173778,300.1316886729033,1.194261022264822
3126,2.205685627210823,13.285337823911316,313.84779666370895,1.2346398399461436
3127,3.845987115057686,18.07022030520582,314.68010672422014,4.035307342636622
3128,1.4580431349964917,12.8842200648879,333.4831919484463,1.4636070373246988
3129,4.018674550550185,15.268015501212565,306.480749982011,3.902853394937055
3130,4.9863771917845,17.934417688443396,298.2922486377106,2.7505197188870794
3131,1.8790745720681765,12.138574938158621,281.46752744920553,1.2467028798049413
3132,1.9548874821150324,12.729528392809062,298.0767029043134,1.3723957077777555
3133,2.361412221118157,13.846913692686726,317.7355275439411,1.2190231305110457
3134,4.873762718417151,19.370761858933744,318.54899966276815,4.438485853029968
3135,2.7019118768862627,11.04767530603203,309.7631421211129,1.4096705014646544
3136,1.4312824391555012,10.991136234385428,314.8480688353049,1.3708048577679908
3137,1.700440627882283,11.243369460473277,327.97490406334265,1.0552106511688222
3138,2.244469804970914,14.443129476122632,306.35489317615924,1.2611773627394678
3139,1.8410890745662412,12.832560939247903,329.6117390795042,1.2157561984331222
3140,2.301275264447231,13.223785035398706,291.9203568926118,1.3816403199496228
3141,2.0724897005401894,11.737115854102116,303.68076119827117,1.075911645926185
3142,2.5527214735128796,11.998186449361379,296.34500186251245,1.2469014914592345
3143,2.36495063987644,12.769190956554375,319.26869237130217,1.37241180530773
3144,2.3713558192956437,11.443621368640967,286.73927996135393,1.562181184729756
3145,1.8558449369572065,11.679561324798657,299.20822144093717,1.3382704588467198
3146,1.9658887039111048,11.257825252109775,271.52582316519226,1.5701805980347476
3147,1.8931612898514254,11.507758030267173,315.6987695402575,1.3179102002361172
3148,1.4729377497225327,12.053876473753656,327.4422249630587,1.4705353405714023
3149,2.5151192394234365,11.096118861219644,321.3927431234017,1.4950672746284916
3150,2.2608855580951244,12.314576877042326,319.627297042456,1.5384709158093954
3151,1.8792405065716717,12.31303992010623,320.1092071276391,1.4562637263752771
3152,2.4566073776109905,11.802826492858198,317.59448891185707,1.1081185317515172
3153,1.7793713236384956,11.089794158880236,316.0591212051094,1.3893225852218318
3154,1.3566529360406536,12.115459353847047,317.2204422373153,1.5014085679827684
3155,2.352579413512765,11.444604980753029,293.19772166166393,1.2357803425220175
3156,1.552503918409401,12.051253583816639,301.39651801664274,0.9655658147318797
3157,1.9314785870316058,13.207940214143779,306.2643786927532,0.8947849283690554
3158,2.072143064274316,10.621765871185564,298.95730750340874,1.130229329011113
3159,2.1349128706585665,14.390834970582713,276.8064265513729,0.9180025879146522
3160,2.2969403696713284,11.920224049033486,282.7698382359091,1.1841527861335441
3161,2.2032979991936292,12.453023201296514,309.1395700704225,1.3676662964380712
3162,2.1924623842967095,11.171974900733982,321.3039663569945,1.1060337969302731
3163,1.723236876280228,13.256432704495813,305.16815436487474,1.2626512165409227
3164,2.10298524504368,11.861810883604264,354.7667935133755,0.9923731847622106
3165,1.4730575104824628,11.56646985922091,288.44427625720516,1.4263544893495301
3166,2.54674819445849,11.366933476596868,313.00895855718255,1.4809872311800847
3167,1.5091023116636217,11.704658771631886,328.24164699168995,1.0600014728455716
3168,1.8787460564352794,12.460182055248199,324.1821881809804,1.0584442519784
3169,1.5383940163406258,12.190091759693633,316.79120351194314,1.074413997008612
3170,1.7444417999470219,11.9561542935787,324.264571529158,1.341028955532161
3171,2.0046999454012178,11.217436440255197,305.9970982578386,1.232814565801701
3172,1.8149346655193994,11.153909178682527,334.9318714067699,1.210607147968734
3173,2.4004861903509678,11.493038289162296,328.0968639143767,1.2705772055688351
3174,2.0794153555869785,12.506303283376786,289.65990318721015,1.268351166308322
3175,1.8379815947699925,12.728485863347444,310.78822287741895,1.2843202765822461
3176,1.9532463245090839,12.87674861658782,277.14866066851664,1.1021960449404373
3177,2.4268951599695776,11.99838641710731,332.39220151824276,1.1822243257891876
3178,2.3181048091495633,12.421918135009607,309.03616593857123,1.2489153627550744
3179,1.6014301870946062,11.814704224628798,329.27791119320625,1.257367757855718
3180,1.7617719000511383,10.083472209978794,303.03156491417906,1.6461880215730105
3181,2.16617643653953,11.762480531506663,271.5871850222244,1.1397898303623695
3182,2.123678305109464,11.587140712106473,352.4726157392598,1.2671108563157254
3183,1.632366460510433,10.857050275128042,307.3595938493703,1.374277949271206
3184,2.262194306257318,11.375866406671916,286.9962447787676,1.521352370663092
3185,1.6881940509347615,12.148600555720074,325.623721191036,1.0960968515742575
3186,2.4563393708497196,10.753428535746416,341.64543106239734,1.592876938660845
3187,2.1853072046873674,11.21813598144261,301.35611285977376,1.1911241412012592
3188,1.6038264422739976,13.702692217107991,303.2136366069145,1.7944411386340473
3189,1.814823154487806,10.237023041531662,309.28483222480844,1.293094722313538
3190,1.8087387849149816,11.798499624432186,285.0025286320622,0.9761626855673051
3191,2.055956852455816,10.717059697659506,292.56798590753533,1.16244696707348
3192,1.9286080856956282,11.173199522391279,337.0746655585704,1.4703119547224763
3193,1.5990788803163758,11.782489047420075,302.62028411780875,1.3127508774072678
3194,1.5120092988220986,10.913666265108354,289.9239743955462,1.3309558731422388
3195,2.1921581670392514,12.63132367690307,296.86324586546107,1.3659542894694676
3196,2.100182902597457,13.486265681749654,324.3108263719424,1.1370224302502
3197,2.036938145021761,12.925845949713004,269.4338560677511,1.158672020778002
3198,2.094756150636161,13.127074429492955,309.58369815236927,1.0164523348637196
3199,1.7833782983662378,10.482290753068304,349.3199374107643,1.573919133164502
3200,2.0643973252213,11.732621875998953,341.5591272912025,0.9579659534478884
